gene,logFC,t,P.Value,adj.P.Val,DEG_0.3
A4GALT,0.2961392334353876,11.399575740017163,0.0,0.0,False
AAA1,-0.11633914724792493,-2.9404947225818567,0.0034357222399905574,0.0046763801348006515,False
AACS,0.06369261061789411,3.015361388697002,0.002703314220685815,0.003719034576385991,False
AAGAB,-0.2712686591184825,-6.404878519692166,3.6044167650572945e-10,8.722537125356087e-10,False
AAK1,-0.6381531278692796,-12.744497607278786,0.0,0.0,True
AAMP,-0.08295121940425432,-2.3928617559877154,0.01710248569603734,0.02166064131200155,False
AARS,0.05896012966860953,1.6331263945196883,0.10310080787087306,0.11994931884300443,False
AARS2,-0.015482071298488886,-0.5154360154415788,0.606486632506922,0.6346402180093782,False
AASDH,-0.12596200442375016,-3.1704262332427535,0.0016198841501418038,0.00227776434637249,False
AASDHPPT,-0.37408408608260624,-8.173365906153835,2.6645352591003757e-15,9.591494265492883e-15,True
AATF,-0.5140899092825517,-10.522944483358742,0.0,0.0,True
AATK,-0.49456640846399846,-8.784875748165105,0.0,0.0,True
ABAT,-0.338465413501571,-5.176268722349046,3.339466372320743e-07,6.424066991109326e-07,True
ABCA1,-1.1239754908865827,-8.486448462856627,2.220446049250313e-16,8.732440437457957e-16,True
ABCA13,0.052721634191293276,0.5723086392154492,0.5673819233692636,0.5961029163891415,False
ABCA5,-0.24587404584326666,-5.035015212544486,6.781134951339141e-07,1.2703186453809655e-06,False
ABCA7,-0.5180747679040483,-5.92275994201485,6.056005918964047e-09,1.333316746570085e-08,True
ABCB1,0.1398336242358531,6.252119752959137,8.98320307030076e-10,2.1049128593733617e-09,False
ABCB10,0.9051016563882639,9.922241771519817,0.0,0.0,True
ABCB6,0.4508538013597292,10.70588044095123,0.0,0.0,True
ABCB7,-0.4028996419846962,-6.6774823897751,6.764033777528766e-11,1.72798636246072e-10,True
ABCB9,0.33611938940639874,12.205526090657342,0.0,0.0,True
ABCC1,-0.24740100138645094,-5.804491807814693,1.1772745223126435e-08,2.5395178319324606e-08,False
ABCC10,-0.29495145087638575,-8.14501354558702,3.3306690738754696e-15,1.1896426995960166e-14,False
ABCC11,0.28469860067194963,10.376256623589224,0.0,0.0,False
ABCC13,2.606089897256866,26.039484065829136,0.0,0.0,True
ABCC3,0.2145664010077506,3.2381604064089244,0.0012866919095355644,0.0018268709609195325,False
ABCC4,0.6393222759334267,12.74125378527156,0.0,0.0,True
ABCC5,-0.2050897755572727,-3.89367386972296,0.00011278112629109494,0.00017603330538578898,False
ABCC6,0.275502432879291,8.971865071741702,0.0,0.0,False
ABCC8,0.4213388722824214,11.898853381280665,0.0,0.0,True
ABCD1,-0.06675554708066933,-2.0017530795891703,0.04587584138763501,0.05549131754112859,False
ABCD3,-0.35224129980273533,-5.684788137863281,2.281515176782989e-08,4.8212756047263345e-08,True
ABCD4,-0.22318413077283683,-6.870292019648283,2.00388594606693e-11,5.312488426408508e-11,False
ABCE1,-0.019286427301905107,-0.4455495982437371,0.6561243172906739,0.6824285337129817,False
ABCF1,-0.00941939725638452,-0.16919965457978733,0.8657111690571324,0.8791436971144414,False
ABCF2,-0.07960322589079549,-3.9416804712049816,9.299865567347076e-05,0.00014612624671978035,False
ABCF3,-0.3696057488325035,-12.167819636124447,0.0,0.0,True
ABCG1,-0.5326207347232459,-5.5388049409753295,5.0349502123125944e-08,1.034378303827872e-07,True
ABCG2,1.6686103950267008,18.65721351900228,0.0,0.0,True
ABHD10,-0.08072170680828084,-2.1921671211729885,0.028848860845595903,0.03566323546688337,False
ABHD11,0.17097092616874088,5.2420462292622965,2.3878970245583275e-07,4.647885404847478e-07,False
ABHD12,0.07316090539444131,2.713236715924087,0.006903442568271023,0.00912458461777555,False
ABHD13,-0.24076670475672435,-3.442699155179933,0.0006265381206407294,0.0009170384512910499,False
ABHD14A,-0.07308996527047817,-2.392544081464255,0.0171171182904033,0.02167679041195642,False
ABHD14B,-0.06141284369893407,-1.5988615227970646,0.11051203704122603,0.12814456962732865,False
ABHD15,-0.08570096932916327,-2.642959285245173,0.008488247773390079,0.011124829457467324,False
ABHD2,-0.732543975664445,-12.73371605936594,0.0,0.0,True
ABHD3,-0.4376828803815922,-5.030379066749968,6.938713705828548e-07,1.2985709695765886e-06,True
ABHD4,0.10439974099177007,2.2465189575798403,0.025126440031704833,0.031242601762220202,False
ABHD5,-0.4220189245398984,-7.143231185329937,3.419708960450407e-12,9.589003776881266e-12,True
ABHD8,-0.16027910189007555,-4.662447205917099,4.059543056378345e-06,7.174267638297355e-06,False
ABI1,-0.22085767903550924,-3.8575314237980973,0.0001302353339009965,0.00020209899113641098,False
ABI2,-0.030752072175486145,-0.6638500144588549,0.5071063271460394,0.5366921887536961,False
ABI3,-0.26018232324930146,-3.703057462209844,0.00023785842846724137,0.0003603223615878687,False
ABL1,-0.19919784891646986,-6.186795236841129,1.3203225179836409e-09,3.059504140948212e-09,False
ABL2,-0.6089630525927205,-10.977565537418194,0.0,0.0,True
ABLIM1,-0.05901049159291727,-1.1293834116605321,0.25930249175921105,0.2871472219356232,False
ABLIM2,0.22816702014487822,7.509068772876091,2.942091015256665e-13,8.979848013974966e-13,False
ABLIM3,0.22316200985074497,3.7448570808720145,0.00020249568920882588,0.0003091105014572575,False
ABP1,0.18484861981630463,3.081656937623225,0.002177319214445639,0.003022844405351249,False
ABR,-0.5960715554908296,-14.321385020633395,0.0,0.0,True
ABT1,-0.2807009240835505,-7.77254809450225,4.75175454539567e-14,1.538377195289846e-13,False
ABTB1,-0.1259694691328317,-2.3847634044705117,0.017478964900889293,0.022105862614552454,False
ABTB2,0.07540420984515572,3.6040163869364017,0.00034620323413747656,0.0005172846449005962,False
ACAA1,-0.2799526212034342,-8.023509692941724,7.993605777301127e-15,2.7684409184826125e-14,False
ACAA2,-0.4374341284333676,-7.172152411603488,2.8266278206956486e-12,7.998016670742612e-12,True
ACACA,-0.16017122505508263,-3.957275744012982,8.7313601635719e-05,0.00013743719284529205,False
ACAD10,-0.07407863002199955,-3.530946002636518,0.0004541874623151809,0.0006728119056595382,False
ACAD8,-0.2547197691528358,-4.302955817967346,2.044969719094958e-05,3.398644668050039e-05,False
ACADM,-0.13053923118160293,-2.458261492635398,0.014314770431405721,0.018264492755800013,False
ACADS,0.32917918468710194,10.101965086295559,0.0,0.0,True
ACADSB,-0.10533752005368502,-3.324811951489248,0.0009528046245304012,0.0013688396694893602,False
ACADVL,0.05528499917206009,1.6065582251318913,0.10881157357789695,0.1262617624704135,False
ACAN,0.2931598088251466,10.9271997261157,0.0,0.0,False
ACAP1,-0.6947073382095459,-10.319354586359928,0.0,0.0,True
ACAP2,-0.48278839963987785,-8.376429137832028,6.661338147750939e-16,2.5382717209375807e-15,True
ACAP3,0.2353558284795323,8.799618706513074,0.0,0.0,False
ACAT1,-0.26127894236832994,-3.1685742827314383,0.0016300239009465756,0.0022914626940448626,False
ACAT2,-0.1427204613865225,-2.3752461609873667,0.01793070643605099,0.022639899971157663,False
ACBD3,-0.41227868180913196,-10.592635557288794,0.0,0.0,True
ACBD5,-0.3527241017389744,-6.115293031034912,2.0050339166743925e-09,4.584356031395857e-09,True
ACBD6,-0.0977706344641942,-3.235292124333703,0.0012994057395354641,0.0018440062351190354,False
ACBD7,0.23835272741906888,8.667445484697513,0.0,0.0,False
ACCN4,0.24293105563913642,7.985586005617968,1.0436096431476471e-14,3.574588010531593e-14,False
ACCS,-0.0036788489011221337,-0.06091620781667355,0.9514513987602862,0.9566002149183674,False
ACD,-0.0352021099558546,-1.256750319146498,0.20945775586101711,0.23483977903086006,False
ACE,0.31104074095487366,9.687132885679322,0.0,0.0,True
ACER3,-0.44329562946107703,-5.983136027347392,4.295208633209313e-09,9.594048525487314e-09,True
ACIN1,-0.34753613208007916,-13.698272125864882,0.0,0.0,True
ACLY,-0.39070029220434943,-9.727982953571368,0.0,0.0,True
ACMSD,0.23487950044790962,9.223888609293297,0.0,0.0,False
ACN9,-0.15141224464950565,-1.5471854547713102,0.12248022800772485,0.14125448001812,False
ACO1,-0.09715194431064988,-3.1100297072954413,0.001982415591626374,0.0027605712282331,False
ACO2,0.4249911868023757,10.499785488644825,0.0,0.0,True
ACOT1,-0.05280601287614539,-2.0122660229693814,0.04475227781342439,0.05418346522312756,False
ACOT13,-0.3535260938585707,-6.024685816606305,3.3852678438250905e-09,7.623636420923013e-09,True
ACOT7,0.06405278859387886,0.8309682757832166,0.4064063653816117,0.43690106605980267,False
ACOT8,-0.29501822474936645,-8.728496374469671,0.0,0.0,False
ACOT9,-0.4895473877857661,-11.049207105844815,0.0,0.0,True
ACOX1,-0.5967482143401215,-9.770327815429178,0.0,0.0,True
ACOX2,0.06403986939970308,1.8821691263674876,0.0604202084918426,0.07225709942042514,False
ACOX3,-0.1789502845077946,-5.144942258502374,3.913010346856538e-07,7.484883126111004e-07,False
ACOXL,0.13728192046367127,4.542914543933889,7.033974555259448e-06,1.217312994321418e-05,False
ACP1,1.3404861323906214,21.394174706244787,0.0,0.0,True
ACP2,0.007817276241037785,0.3315670930257604,0.7403614706272328,0.7618566893116933,False
ACP5,0.8900185093025943,10.511453196990633,0.0,0.0,True
ACP6,-0.4164266196103825,-5.968594337015644,4.666939723563246e-09,1.0384098643176555e-08,True
ACPL2,-0.2312600954679862,-3.049684166277466,0.0024179740811978157,0.0033448593060307,False
ACPP,-0.39642569972876096,-7.341620058054605,9.14823772291129e-13,2.6861725804286296e-12,True
ACPT,0.2495117313080084,8.92571100957134,0.0,0.0,False
ACRBP,0.2658144420159836,2.467862639940525,0.013941319923089113,0.017815627268034557,False
ACSBG1,0.10362911979866452,3.034097489011876,0.0025439395594111236,0.003509838278219755,False
ACSF3,0.07563919746168501,1.8318138298069981,0.06760116770140567,0.0802285030653711,False
ACSL1,-0.32337506532677374,-5.308191295508804,1.698258387250462e-07,3.3491248694980435e-07,True
ACSL3,-0.5372741907854222,-6.938941930986933,1.2909895374946245e-11,3.470457055402702e-11,True
ACSL4,-0.4842914689494142,-6.753254324637044,4.207145742896046e-11,1.0912432292821335e-10,True
ACSL5,-0.4952355902384067,-7.241272380889204,1.7885692926711272e-12,5.141634560089522e-12,True
ACSL6,2.1098095344869225,27.1500787804431,0.0,0.0,True
ACSM3,0.5459018015673629,12.113971675895433,0.0,0.0,True
ACSM5,0.27039746331001746,8.626543179630785,0.0,0.0,False
ACSS1,0.026650930049427757,0.6275629408356185,0.5305899184198173,0.5596433724272388,False
ACSS2,-0.5018066963709726,-7.890510136277543,2.0650148258027912e-14,6.886770636485916e-14,True
ACTA2,-0.21030494126919042,-2.3981274386208478,0.016861538590117187,0.021371925948455092,False
ACTB,-0.24043608980571562,-7.641454013126295,1.1834977442504169e-13,3.726820808097472e-13,False
ACTG1,-0.26565768091926323,-7.867231069149709,2.4424906541753444e-14,8.09641722171102e-14,False
ACTL6A,-0.09011911409804885,-1.5740232179522997,0.11614360247110755,0.13432310811894457,False
ACTL7B,0.2605256451905946,10.144172623564776,0.0,0.0,False
ACTL8,0.41014756418616294,11.023573147832604,0.0,0.0,True
ACTN1,-0.6295304716784766,-11.334016495470904,0.0,0.0,True
ACTN4,-0.3083814325404868,-10.10568368577373,0.0,0.0,True
ACTR10,-0.246203243986594,-4.657596282643904,4.152084304598347e-06,7.327694056177166e-06,False
ACTR1A,-0.03880313182095918,-1.0944188230170568,0.27432242616753677,0.30279034371635266,False
ACTR1B,0.10726090123487086,4.1463660558348945,3.996970490094398e-05,6.478275372927729e-05,False
ACTR2,-0.49723177237078175,-9.72317993913895,0.0,0.0,True
ACTR3,-0.24371195433949921,-4.550541418231837,6.793977269436979e-06,1.1773706057867394e-05,False
ACTR5,-0.016635644531874938,-0.43508844076448466,0.663694579009342,0.6898040111529922,False
ACTR6,-0.16231633283404268,-4.046815394890459,6.05402772975161e-05,9.656098784133037e-05,False
ACTR8,-0.2582866061879532,-7.02825464808322,7.249090216987497e-12,1.9848412219985494e-11,False
ACVR1,-0.07270819697882969,-2.05873889265567,0.0400605061047441,0.04871286496574974,False
ACVR1B,-0.45830074358793293,-8.612334876635286,0.0,0.0,True
ACVR1C,-0.048637237078530404,-1.3860923953949624,0.16636484462642853,0.18888307982101787,False
ACVR2A,-0.12925305585132296,-3.3039708017307583,0.001024810301100354,0.0014666157110665894,False
ACVRL1,0.17337642626063277,5.983058900450959,4.297101785510904e-09,9.596416337204363e-09,False
ACY3,0.2200690109506369,7.997573979985219,9.547918011776346e-15,3.2830587336612457e-14,False
ACYP1,0.03726261953178778,0.9376959480231266,0.34887415868716243,0.3789064146631552,False
ADA,-0.2737635040210904,-3.2386969938649273,0.0012843262814157264,0.001823961834006627,False
ADAD2,0.18650957796148848,6.599107075979669,1.1004597233466029e-10,2.762902256588823e-10,False
ADAM10,-0.45760074793030636,-7.01907823768376,7.69406760525726e-12,2.1041777004975873e-11,True
ADAM11,0.3079068303690078,10.422483276646377,0.0,0.0,True
ADAM12,0.20790018459134618,8.134268091288401,3.552713678800501e-15,1.2658122136128355e-14,False
ADAM15,0.02460541458743304,0.7139713977931758,0.4755932927713964,0.5061775052604375,False
ADAM17,-0.4816647073720626,-9.829176400689317,0.0,0.0,True
ADAM19,-0.22675095532412026,-5.988017760329355,4.177022283613496e-09,9.340927913986384e-09,False
ADAM28,-0.06823119751361251,-2.0366812372794447,0.04223245727992664,0.05125112467419669,False
ADAM33,0.2968043050194238,11.88747965970588,0.0,0.0,False
ADAM8,-0.3724671328191196,-8.362529335077632,6.661338147750939e-16,2.5382717209375807e-15,True
ADAM9,-0.15867791046886115,-2.0989013258041798,0.0363495102663578,0.04442546512023082,False
ADAMTS13,0.2554035064773168,9.445338717325692,0.0,0.0,False
ADAMTS15,0.3383296020933986,13.029402673630043,0.0,0.0,True
ADAMTS2,0.26765616569437123,6.2728959303958165,7.942233537505672e-10,1.8693622418988116e-09,False
ADAMTS3,-0.12449905702281461,-1.6389966720908653,0.10187183046391235,0.11856740579102823,False
ADAMTS9,0.22236863213645064,8.124518672706465,3.774758283725532e-15,1.3407783123723221e-14,False
ADAMTSL1,0.3517930939873599,11.416268334677534,0.0,0.0,True
ADAP1,0.04175798494389138,1.9275373079103548,0.05450481967530685,0.06546147615888433,False
ADAP2,-0.47852869835651823,-6.450729492955765,2.730888848390123e-10,6.66464166199276e-10,True
ADAR,-0.37274128297413256,-8.609107118347655,0.0,0.0,True
ADARB1,-0.07243363781331347,-2.3940852969140227,0.01704623026026031,0.021591766699795303,False
ADARB2,0.21816036689086094,7.797156712147246,3.9968028886505635e-14,1.3020127962207536e-13,False
ADAT1,-0.2993883679778624,-7.084222732069915,5.034417327465235e-12,1.3923518174086923e-11,False
ADAT3,0.12197044904814014,3.904199685178243,0.00010812970425333468,0.00016897925156615957,False
ADC,0.35149377695927386,14.36030815729233,0.0,0.0,True
ADCK1,0.12395683971992666,5.050249400643337,6.287324290088492e-07,1.1806926719518967e-06,False
ADCK2,0.08650729895198017,3.836915637098529,0.00014130458128902568,0.00021867679081723622,False
ADCK4,-0.4964821858385071,-10.537108184604785,0.0,0.0,True
ADCK5,0.1592129280718937,5.760800800586243,1.5008050580078702e-08,3.2091652985321434e-08,False
ADCY2,0.19476724929980005,6.749909681115786,4.296629718680833e-11,1.1137011190253041e-10,False
ADCY3,-0.5791723483705353,-5.280387598050921,1.9606813750350227e-07,3.842962184622839e-07,True
ADCY4,-0.23922288442463513,-5.053697185216652,6.180489520168919e-07,1.1611981533652876e-06,False
ADCY7,-0.22280038537954105,-3.8822965112094856,0.00011802150078321638,0.00018400267670445476,False
ADCY9,0.11252967091974497,5.607212037390098,3.4819276795161613e-08,7.245000892403661e-08,False
ADCYAP1R1,0.23304867407975305,9.681276583257224,0.0,0.0,False
ADD1,0.22684398474973833,8.551216057923815,2.220446049250313e-16,8.732440437457957e-16,False
ADD2,0.25170806585732697,8.177861020386542,2.6645352591003757e-15,9.591494265492883e-15,False
ADD3,-0.18913629109205665,-2.9369059241213673,0.0034750082452374986,0.004725371263946494,False
ADH1A,0.22258313499676907,6.55070716389209,1.4829137917615753e-10,3.6893485890500185e-10,False
ADH5,-0.19960532985606738,-4.230558124898195,2.7949425984274967e-05,4.593371920571599e-05,False
ADHFE1,0.07192911527938683,2.136118298865789,0.03317705387614622,0.04071231315642147,False
ADI1,-0.006742059197026862,-0.10932699338987072,0.9129890114664145,0.9222766309814636,False
ADIPOR1,1.3814692220261833,19.900602884243607,0.0,0.0,True
ADIPOR2,-0.2380958265777009,-6.791434365010413,3.306621643162089e-11,8.642835195730451e-11,False
ADK,0.013695141183630799,0.21827190728475795,0.8273104020356108,0.8437174432092254,False
ADM,-0.520467237041168,-7.384021923958334,6.87672141452822e-13,2.037370215379387e-12,True
ADM2,0.426712538535194,12.07181326976935,0.0,0.0,True
ADNP,-0.1612003791509622,-3.282672274739975,0.0011035902814946486,0.0015758344431060936,False
ADNP2,-0.24192179705952555,-6.428037469390209,3.133584502990061e-10,7.615139217287451e-10,False
ADO,-0.2199898632303645,-5.676917897091526,2.3820114103401124e-08,5.025346050495926e-08,False
ADORA2A,-0.10839800149584011,-2.06487340732833,0.039473624645368854,0.04801950388531036,False
ADORA2B,-0.10654069531700294,-2.3235056485989727,0.02057052372271362,0.02583426327539666,False
ADORA3,-0.14833846866030198,-2.2243323809773092,0.026592324780997156,0.03297276524782629,False
ADPGK,-0.2380802542948972,-5.462997170921908,7.54408813197216e-08,1.5320936387903263e-07,False
ADPRH,-0.30958733820467677,-7.964757263361529,1.2212453270876722e-14,4.158298824334288e-14,True
ADPRHL1,0.22805594553481168,9.098873747904989,0.0,0.0,False
ADPRHL2,-0.41327210890505217,-9.385180689982114,0.0,0.0,True
ADRA1A,0.27932799604748526,10.112165532628435,0.0,0.0,False
ADRA2B,0.3494545965664577,10.831241512442267,0.0,0.0,True
ADRA2C,0.25481869023196646,8.83215536180233,0.0,0.0,False
ADRB2,-0.22415696032311594,-3.1048296362929158,0.0020168886127154284,0.0028065402186360257,False
ADRB3,0.30958287721037525,10.791019568475768,0.0,0.0,True
ADRBK1,-0.3676364640594594,-9.309123968752633,0.0,0.0,True
ADRBK2,-0.26447211269700466,-6.314292561991534,6.207863112450696e-10,1.4722745561523485e-09,False
ADRM1,-0.21394794146816842,-7.093933238164412,4.724887148199741e-12,1.3102064289868276e-11,False
ADSL,-0.5068501103400358,-8.971481089948393,0.0,0.0,True
ADSS,-0.28631700219134437,-3.34945423712421,0.0008737393056288401,0.0012601230827017163,False
AEBP1,0.1421959584351149,4.251330408489628,2.5564635583341655e-05,4.220106581893272e-05,False
AEBP2,-0.08122479151674389,-1.5642540876985573,0.11841958486226489,0.1368454251633657,False
AEN,0.13435761148585312,2.7921417297927418,0.005445838927686575,0.007263010143339314,False
AES,-0.09479712402059359,-1.550613281009468,0.1216561045977338,0.14037430320157224,False
AFAP1,-0.12428397920882439,-2.1632790571092855,0.031014579951250676,0.038180714594256336,False
AFF1,-0.2740511165787911,-4.523851395867514,7.669937738485899e-06,1.3224070170576122e-05,False
AFF3,-0.06080070381024516,-1.1971790719773163,0.23183005451729422,0.2584140118042106,False
AFF4,-0.40284144141936284,-8.590824402002594,2.220446049250313e-16,8.732440437457957e-16,True
AFG3L2,-0.04304593256333478,-1.0850691891565,0.2784378769185958,0.3069505124150928,False
AFTPH,-0.5208382797666351,-15.332592990425239,0.0,0.0,True
AGA,-0.38466464025320946,-6.604593896610145,1.063753529706446e-10,2.677163405874711e-10,True
AGAP2,0.1142246337783166,3.040630437072391,0.0024904273295509594,0.0034417795331850632,False
AGAP3,0.11846035387445397,4.336382850747286,1.767614409042828e-05,2.9504637556534324e-05,False
AGAP4,0.30312621331709044,7.907509401392748,1.84297022087776e-14,6.169478051232465e-14,True
AGAP5,0.23213484831713327,6.019999615328117,3.477627519288262e-09,7.822454871056725e-09,False
AGAP6,0.18831366000962824,3.1124527669050237,0.0019665383364833033,0.002740449443255646,False
AGBL5,0.3056960572790488,11.345878394754239,0.0,0.0,True
AGER,0.13104013015765714,5.006203601201367,7.819489200588947e-07,1.454662404741345e-06,False
AGFG1,-0.3718790073369913,-4.2503290993117915,2.5674994555746622e-05,4.2365028260656834e-05,True
AGGF1,-0.24529174634667905,-6.125627211642407,1.8880055296932596e-09,4.323645267701125e-09,False
AGK,-0.13344617145967552,-3.108236800873588,0.0019942396139824847,0.0027763652542257965,False
AGL,-0.05380118465445172,-0.7373987417266928,0.46124165807335027,0.4916752414720453,False
AGMAT,-0.11803647532097594,-3.5333931859592864,0.00045011031003250324,0.0006669437434093652,False
AGPAT1,-0.004944993340981085,-0.1674537501291131,0.8670838451182978,0.880382442654709,False
AGPAT2,-0.0955816306920898,-2.462344717359898,0.014154879008908994,0.01807249515668618,False
AGPAT3,0.18345063166229236,5.7878775469561425,1.2913747848841695e-08,2.7778424177555085e-08,False
AGPAT4,0.034778091536277866,1.3878800032082572,0.165820067811834,0.18833169498993843,False
AGPAT5,-0.10916187127768184,-2.4619001701985055,0.014172209620396448,0.018090611992170512,False
AGPAT6,-0.3363898271303585,-5.892115828009249,7.201839347104055e-09,1.5747529885970316e-08,True
AGPAT9,-0.5599424163715181,-7.083000717131903,5.0748294455615905e-12,1.4028548208165098e-11,True
AGPS,-0.19114917794953312,-4.91061769143896,1.2483512878969094e-06,2.289770459440207e-06,False
AGRN,-0.1807897197311803,-2.510004164779997,0.012402277056000388,0.015935508020978078,False
AGTPBP1,-0.21360883533541486,-2.484528928844791,0.01331351070867437,0.01704170795124126,False
AGTRAP,-0.6228717003482656,-11.324830588220697,0.0,0.0,True
AGXT2L2,-0.11705027725770556,-2.342347970801409,0.0195722265899394,0.02462077952271617,False
AHCTF1,-0.2971240003166198,-6.513780342961469,1.859692400074664e-10,4.588090973754563e-10,False
AHCY,0.07933832815668218,1.917347275297446,0.05578944975938005,0.06693455596066022,False
AHCYL1,-0.4854931444030681,-14.417784358916977,0.0,0.0,True
AHCYL2,-0.03694880365024833,-0.9661744646336287,0.3344453852018443,0.364300368051068,False
AHI1,-0.22488115962966093,-4.036372699939793,6.320419721994597e-05,0.0001006844347637336,False
AHNAK,-0.228166947852392,-3.179126116850458,0.0015730255372845559,0.002214307853352169,False
AHR,-0.31161714923305883,-3.6718882492538154,0.00026792751945281523,0.00040406612942877436,True
AHRR,0.23483938816042293,9.038547082308858,0.0,0.0,False
AHSA1,0.030997191501259458,0.5429217898644431,0.5874366785797638,0.6161612730431888,False
AHSA2,-0.08286866572764406,-2.014749915544415,0.044490240671992254,0.053883196540918804,False
AHSP,2.3784936631693743,18.1112297228744,0.0,0.0,True
AIDA,0.8863135158156092,17.837426463675396,0.0,0.0,True
AIF1,-0.527884997144211,-8.21088266583642,1.9984014443252818e-15,7.261699128448871e-15,True
AIFM1,-0.23354387065747506,-5.461838861247396,7.590572703719545e-08,1.5407190656237083e-07,False
AIG1,-0.1777404888460392,-2.15325528258379,0.03179808899344794,0.039099294098583134,False
AIM1,-0.39827012625727676,-10.213518221180632,0.0,0.0,True
AIM2,-0.925218491773709,-7.82741366075765,3.219646771412954e-14,1.0545098424767078e-13,True
AIMP1,-0.14755268833094348,-4.084788235786641,5.1724787006879325e-05,8.298298350031239e-05,False
AIMP2,-0.13408226039234616,-3.4468540868447968,0.0006172132724950874,0.0009040793089866369,False
AIP,-0.5037930461887159,-9.964013509803417,0.0,0.0,True
AIPL1,0.25085506068707986,9.405740321080536,0.0,0.0,False
AIRE,0.32543440807614044,11.418135841417051,0.0,0.0,True
AK1,0.8961894838232141,15.121083138454859,0.0,0.0,True
AK2,-0.025633583140150407,-0.7438965981995131,0.45730449029647247,0.48779427944486214,False
AK3,-0.09856834472337495,-2.91563000857198,0.003716455156335119,0.005042180158663474,False
AK3L1,0.025419792223321913,0.6860367344099143,0.4930225096717398,0.5227953869933509,False
AKAP1,-0.22747815419828,-6.745863925012441,4.407385567617439e-11,1.1411255192938926e-10,False
AKAP10,-0.44480754402146694,-10.2864511085591,0.0,0.0,True
AKAP11,-0.15156922862701983,-1.8578462905216417,0.06380542474637196,0.07595852497452031,False
AKAP13,-0.6658690278915715,-12.749282750921008,0.0,0.0,True
AKAP2,-0.0379874043312447,-0.7080589921621359,0.4792536896536639,0.5093203479214461,False
AKAP7,0.0891595563276466,3.3998943185514956,0.0007305647004685056,0.001063218545129086,False
AKAP8,-0.36566030160185825,-10.45351473660008,0.0,0.0,True
AKAP8L,0.04565709734486045,0.934681158470422,0.3504245022813428,0.38041087944385904,False
AKAP9,-0.22495648210436414,-5.999787422648963,3.90498278157736e-09,8.752966853666007e-09,False
AKIRIN1,-0.18468143037839724,-4.126371964833722,4.3475087682987024e-05,7.019757990192424e-05,False
AKIRIN2,-0.07786640993728522,-2.560388958123258,0.010761679969885307,0.0139379122524296,False
AKNA,-0.9257938908667898,-15.42138670013757,0.0,0.0,True
AKR1A1,-0.2349376799934717,-4.3158830300412045,1.9331070447936582e-05,3.2197021470471583e-05,False
AKR1B1,0.11367434490195194,1.9586705146720722,0.050732357442676124,0.06107713475984388,False
AKR1B10,0.22472756038339492,8.407800559533888,4.440892098500626e-16,1.713723151846858e-15,False
AKR1C1,-0.26390764232913355,-2.853807296917318,0.004507388985068417,0.006070456415176323,False
AKR1C3,-0.5461885286875594,-5.4224679926196275,9.347057283726201e-08,1.8826486863979739e-07,True
AKR1E2,0.19551923953067396,7.380190900487224,7.056577544517495e-13,2.08850762423682e-12,False
AKR7A2,-0.2998611675392544,-3.5989472419898707,0.0003528380008717136,0.0005264690326478328,False
AKT1,-0.3508208949668803,-7.5184459490223565,2.760014439218139e-13,8.446494772942015e-13,True
AKT1S1,0.5395888268742173,16.27739415109257,0.0,0.0,True
AKT2,0.08282629438007172,3.396557824767114,0.0007393150637868828,0.0010751382678653078,False
AKT3,0.048984296423238316,1.62773782319957,0.10423932057438923,0.1211515219146796,False
AKTIP,-0.21274202867029102,-6.058521014366959,2.7859319295941987e-09,6.314669401219121e-09,False
ALAD,0.40279818131305145,11.238912903269975,0.0,0.0,True
ALAS1,-0.6658855851069001,-10.355897544877088,0.0,0.0,True
ALAS2,1.7557241301047384,14.02173748481857,0.0,0.0,True
ALCAM,-0.2111740137351208,-2.4363612362939246,0.015199913528474385,0.019357413370314696,False
ALDH16A1,-0.015276982273098039,-0.4736012180249315,0.6360005028112576,0.6631745987039809,False
ALDH18A1,-0.12352569067878338,-2.5630116018910307,0.010681844301500654,0.013837625338392492,False
ALDH1A1,-0.1401060365720097,-2.4865076545678813,0.013240663643057315,0.016950345021602267,False
ALDH2,-0.3327000024411717,-3.42686587288694,0.0006632910872801379,0.000969354229177862,True
ALDH3A2,-0.15265054134081035,-4.437869963315336,1.1289944462422596e-05,1.91784206256667e-05,False
ALDH3B1,-0.20400016261918186,-4.9702967577926485,9.329916619282841e-07,1.7278345584810135e-06,False
ALDH4A1,-0.007529564142563672,-0.18782450904749792,0.8510939157739954,0.8660311963332206,False
ALDH5A1,1.3254224449092766,23.07724172427747,0.0,0.0,True
ALDH6A1,-0.1461982616887605,-4.17311242401673,3.569935159375426e-05,5.812308565490534e-05,False
ALDH9A1,-0.4151576758078406,-9.109965316287568,0.0,0.0,True
ALDOA,-0.35421226487599355,-9.961995860382427,0.0,0.0,True
ALDOC,0.07695054260849732,2.4518336641205893,0.014569711305131294,0.018583601431049427,False
ALG11,-0.10246610066403594,-4.07673237536046,5.348633325641394e-05,8.57135604870106e-05,False
ALG13,0.06955771249836351,1.8768844243612113,0.06114274112811291,0.07308324531023479,False
ALG14,-0.15851586239437587,-4.49160841150613,8.873005373333243e-06,1.5211809628728327e-05,False
ALG2,0.02160489549691036,0.6880309665244568,0.4917669769733344,0.5215600596405339,False
ALG3,-0.04350407428728875,-1.4476273110792595,0.14837674982021554,0.16928999417383744,False
ALG5,-0.2949291910069869,-4.324137827064238,1.8647606893962276e-05,3.108564165145463e-05,False
ALG6,-0.3885410530439479,-6.138371920089427,1.7528447582293438e-09,4.023718367884378e-09,True
ALG8,-0.23878958926875304,-4.865909957327161,1.5496582530527547e-06,2.8235547954626197e-06,False
ALG9,-0.0038082540696229294,-0.12852317948736164,0.8977890045101835,0.9085952857979971,False
ALKBH1,-0.2088453796877343,-6.380162260796879,4.183340340802033e-10,1.0068511781382912e-09,False
ALKBH3,-0.09990229679141516,-3.605508263812748,0.00034427299574590897,0.0005145556815877937,False
ALKBH4,0.06365198560809171,2.3370449983432633,0.01984880190137006,0.02495506975571728,False
ALKBH5,0.2238168243470442,8.671431474337115,0.0,0.0,False
ALKBH6,-0.19303146305875085,-5.553424826279928,4.654773522183575e-08,9.581546855259579e-08,False
ALKBH7,-0.4021742078504724,-7.679279323316995,9.103828801926284e-14,2.888102560434835e-13,True
ALMS1,0.07813624806715547,2.836102901951858,0.0047605284440448425,0.006391948612536722,False
ALOX12,0.2188224167037811,2.3863131613964113,0.017406360277500976,0.022021292041354612,False
ALOX15,0.31055472661851624,11.833339952178823,0.0,0.0,True
ALOX15B,0.014045624566495274,0.37606157529320783,0.7070379438801817,0.730698912215666,False
ALOX5,-0.652177948033926,-9.59718236667185,0.0,0.0,True
ALOX5AP,-0.34079625238005207,-7.001298554121803,8.633760373299992e-12,2.350562177736767e-11,True
ALPK1,-0.49367470480694564,-9.347340499797975,0.0,0.0,True
ALPK3,0.17971138651788054,6.927087299654424,1.393174464681124e-11,3.7346931949410905e-11,False
ALPL,-0.8218434409785171,-8.116740059985856,3.9968028886505635e-15,1.4152835067434934e-14,True
ALS2,-0.262814583365623,-6.046355717867808,2.988411074156261e-09,6.758984324210871e-09,False
ALS2CL,0.1350950607043062,4.119896450756636,4.467176594347144e-05,7.20389292878129e-05,False
AMAC1,0.11893594107429539,3.5200067527088224,0.00047283917142282306,0.0006997217902902748,False
AMAC1L2,0.33189081437267554,8.139806688506862,3.552713678800501e-15,1.2658122136128355e-14,True
AMACR,-0.006348947305267583,-0.13814017202915022,0.8901878023683776,0.9019327377501399,False
AMBRA1,0.05189514583715438,2.493353338429368,0.012991358418652066,0.016647842654850722,False
AMD1,-0.25489544670029307,-4.663711942989782,4.035743445651718e-06,7.134396677480378e-06,False
AMDHD2,-0.003437162458358234,-0.12357779838374819,0.901701509715455,0.9120728431748589,False
AMELX,0.35037755042792096,10.382788858099675,0.0,0.0,True
AMFR,1.0927890769826876,16.641579983942734,0.0,0.0,True
AMH,0.3510760946167033,13.560452461717402,0.0,0.0,True
AMHR2,0.392883706752031,9.844123211542156,0.0,0.0,True
AMICA1,-0.45227961729022503,-8.247858358478968,1.5543122344752192e-15,5.7274864455918265e-15,True
AMIGO2,-0.13235639799098342,-1.8948053829740108,0.05872130496927519,0.07034952802299332,False
AMIGO3,0.3404953856157542,10.039483497452773,0.0,0.0,True
AMMECR1,-0.2753187562127861,-6.799305068421568,3.146038984880306e-11,8.232445040171795e-11,False
AMMECR1L,0.048015279034494984,1.8842393283652903,0.060139109211194475,0.07193586697858247,False
AMN,0.32545112249757624,9.327048968764124,0.0,0.0,True
AMN1,-0.2618512714707446,-3.876580406617066,0.00012074045261045718,0.00018802342485059567,False
AMOTL1,0.14160465430735325,4.218392725740382,2.944308606345203e-05,4.829890463755396e-05,False
AMPD2,-0.15193673646765626,-4.014635229951049,6.911064871939487e-05,0.00010971410730412205,False
AMPD3,-0.20293758906673087,-3.3301835615011615,0.0009350233132947583,0.0013439647549091992,False
AMPH,-0.014914461490502351,-0.16671923910081968,0.8676614574622383,0.8808912681568416,False
AMT,-0.016812922588420154,-0.7435538633130879,0.45751168542935794,0.4879701022648865,False
AMY1A,-0.5091926360447778,-8.523956408023656,2.220446049250313e-16,8.732440437457957e-16,True
AMY2B,-0.18189075518273468,-5.348469008279556,1.3775983598307562e-07,2.7336012931766546e-07,False
AMZ2,-0.13047004032911858,-4.197862345372924,3.213785473965558e-05,5.2487728448333e-05,False
ANAPC1,-0.03466503043718916,-0.7943672769475046,0.4273757945069594,0.4580332877675535,False
ANAPC10,-0.09759275072720675,-2.540262289857394,0.011392275404242369,0.014701727580267516,False
ANAPC11,-0.12757781734721352,-3.5872859827366534,0.00036855646444955426,0.0005495665908083385,False
ANAPC13,-0.4541284747068586,-6.620605716209147,9.633671638198393e-11,2.4319584396319807e-10,True
ANAPC16,0.08911925190500991,2.307007538149695,0.02148090966816807,0.026913051823757667,False
ANAPC4,-0.291180239939262,-4.290587498650793,2.1577645207715435e-05,3.580421998670038e-05,False
ANAPC5,-0.20420359756737483,-4.523482358034403,7.682777307671529e-06,1.3240262089627221e-05,False
ANAPC7,-0.36111868460163965,-10.098153346182553,0.0,0.0,True
ANG,-0.09006579433106232,-2.319706204462745,0.020777136037686272,0.026085213080992715,False
ANGEL1,0.054687408703737894,2.1939548364428676,0.02871923755740391,0.03552205491503657,False
ANGEL2,-0.2563871396128503,-6.1523481621775264,1.615489519934954e-09,3.7210205519157637e-09,False
ANGPT1,0.15544094754949356,4.8856171551887355,1.4090730604543467e-06,2.576367076725971e-06,False
ANK1,2.2894322247174834,22.997780710788966,0.0,0.0,True
ANK3,-0.09569161899291556,-2.4538828508472146,0.014488003707240571,0.01848143019974575,False
ANKDD1A,-0.31579488653927523,-5.801325003166779,1.1982365766272096e-08,2.5832841336643884e-08,True
ANKFY1,-0.5235051934633366,-9.695831109374076,0.0,0.0,True
ANKH,0.9136288292046064,18.87596921517227,0.0,0.0,True
ANKHD1,-0.41862158448977826,-12.366787610587926,0.0,0.0,True
ANKHD1-EIF4EBP3,-0.3059506625020081,-8.263433663780704,1.3322676295501878e-15,4.939295405467851e-15,True
ANKIB1,-0.3396790048452747,-8.733542094511664,0.0,0.0,True
ANKK1,0.3243467836281555,11.214380868631187,0.0,0.0,True
ANKLE1,0.2011346944925343,10.93247539995988,0.0,0.0,False
ANKLE2,-0.1695758798493685,-6.178401789930002,1.3869698722857038e-09,3.2081337266785183e-09,False
ANKMY2,-0.14815269818127197,-3.3041539209146884,0.0010241561983324043,0.0014658617356599114,False
ANKRA2,-0.23717295071195732,-4.119161097669354,4.48096241760787e-05,7.22410162189294e-05,False
ANKRD10,-0.13167335248436807,-2.6752012025656384,0.007724559278051046,0.010171376122984683,False
ANKRD11,-0.5661466830939341,-14.168502139859791,0.0,0.0,True
ANKRD12,-0.1561821760534885,-2.734950450115516,0.006470776350769869,0.00857231303444911,False
ANKRD13A,-0.40238075214312197,-9.111785134264714,0.0,0.0,True
ANKRD13C,-0.043927235612456705,-1.2047428319251052,0.22889865184027225,0.25524526336380404,False
ANKRD13D,-0.14354280022571153,-4.203699619285033,3.1348652651308484e-05,5.1264214919140037e-05,False
ANKRD17,-0.5965672364996246,-15.303650546004565,0.0,0.0,True
ANKRD20A5,-0.4381678133070257,-5.55609291742476,4.58847142503771e-08,9.451824453685512e-08,True
ANKRD22,-0.38065296647806957,-2.6723284501608937,0.007790006624278201,0.010254037973381395,True
ANKRD23,0.3200757037003643,12.769566181258797,0.0,0.0,True
ANKRD27,-0.4781325905037983,-8.602330414406607,2.220446049250313e-16,8.732440437457957e-16,True
ANKRD28,-0.29159972540971246,-4.371370818703117,1.515976380384032e-05,2.546672294829177e-05,False
ANKRD32,-0.08093675770614972,-1.7956295505692388,0.07318483530504105,0.0865608499721499,False
ANKRD34B,-0.6615888266511334,-4.505673094206231,8.327498671967248e-06,1.4300008527488184e-05,True
ANKRD35,0.0032477936860098033,0.10024049676134439,0.9201954184362502,0.9283351747212443,False
ANKRD36,-0.005243936254701875,-0.12347929967140796,0.9017794609704373,0.9120728431748589,False
ANKRD36B,-0.013872989732141239,-0.40463008361507746,0.6859304162312574,0.7107981706160357,False
ANKRD37,0.0004066851963586693,0.00907462585794181,0.9927633810109875,0.9932807596513129,False
ANKRD40,-0.09819374705610873,-2.5357053459616994,0.011539539768135043,0.014886768797082268,False
ANKRD42,-0.039991901004060804,-1.3611424238304124,0.17410991375608575,0.1971465739267032,False
ANKRD44,-0.4948201616342818,-9.508027141893798,0.0,0.0,True
ANKRD46,0.2211965600020629,9.612231669877975,0.0,0.0,False
ANKRD49,-0.24750819569943605,-3.035353495829746,0.0025335702420901107,0.0034967883559352967,False
ANKRD50,-0.31986012812303555,-8.228051122830628,1.7763568394002505e-15,6.487588596401866e-15,True
ANKRD52,0.4003445361078515,10.736442825080506,0.0,0.0,True
ANKRD55,-0.443845447464871,-3.643993196448385,0.0002978353545657342,0.0004473549940334713,True
ANKRD57,-0.07098046104097877,-1.8764599010382907,0.06120109281270403,0.07314540237700122,False
ANKRD58,-0.24305599499192088,-4.655360798075148,4.195410187479709e-06,7.4018884897501555e-06,False
ANKRD6,-0.27392212507645564,-7.231122744451182,1.9133583606389948e-12,5.477130953330164e-12,False
ANKRD9,1.4686857614359123,17.871921001274877,0.0,0.0,True
ANKS1A,-0.48092194948470546,-6.764132545216477,3.928546377096609e-11,1.0217413799452662e-10,True
ANKS3,0.3805610866144775,13.189071842738247,0.0,0.0,True
ANKS6,0.28559653545572505,11.388590958681265,0.0,0.0,False
ANKZF1,-0.28454741738518496,-5.4889180749396,6.573313982016771e-08,1.3401416594486934e-07,False
ANLN,-0.05604110549369068,-0.9491296896566193,0.34303419971659177,0.37298574160236175,False
ANO10,-0.17237442023659355,-3.8847799262110336,0.0001168583650474897,0.00018227373148030248,False
ANO6,0.10503574232267887,1.5407311789252964,0.12404384559445125,0.14287181855839254,False
ANO7,0.3294214396688062,10.308126156147065,0.0,0.0,True
ANP32A,-0.546618607943989,-10.9715616436992,0.0,0.0,True
ANP32B,0.9992221049975223,18.020081093259506,0.0,0.0,True
ANP32E,-0.16666862391004278,-2.5220059333146385,0.011992513330578047,0.015445187953368572,False
ANPEP,-0.7671872068585159,-7.5919054232407595,1.667554982986985e-13,5.18589790740472e-13,True
ANTXR2,-0.2918825627084889,-6.785624670983891,3.430300488105331e-11,8.949859869192595e-11,False
ANXA1,-0.29091575440496875,-3.7777254923213426,0.00017823344349165993,0.0002733055159185877,False
ANXA11,-0.4831975409192779,-11.71721872484996,0.0,0.0,True
ANXA2,-0.3772735172166968,-6.012622648647636,3.628026323809763e-09,8.144851924374325e-09,True
ANXA2P2,-0.47524477515563923,-6.986263468745048,9.515721544062217e-12,2.5803106512724265e-11,True
ANXA3,-0.27148837531382597,-2.836453847647268,0.0047553876757457925,0.006385790468281159,False
ANXA4,-0.42655939605555737,-6.579210285947671,1.2442824548486442e-10,3.1097612491650103e-10,True
ANXA5,-0.45448762093165307,-7.969289231106759,1.176836406102666e-14,4.010644544939825e-14,True
ANXA6,-0.6086618460508477,-7.844106676793561,2.864375403532904e-14,9.427068649513005e-14,True
ANXA7,0.16875771191742217,4.4153451207144245,1.2480447947993412e-05,2.1110466947567712e-05,False
AOAH,-0.7240815674295478,-9.965147452307479,0.0,0.0,True
AOC2,-0.16323521539592578,-4.65839657790411,4.136678602773003e-06,7.30498249660313e-06,False
AOC3,-0.011080566493842259,-0.33546524543564216,0.7374213180581499,0.7593059947002618,False
AP1AR,-0.19227580776582842,-4.179576037197192,3.4734581513706786e-05,5.6600317506915894e-05,False
AP1B1,0.23766716133692523,7.59603311437826,1.6209256159527285e-13,5.051797123960898e-13,False
AP1G1,-0.3620277377788774,-12.74121373606092,0.0,0.0,True
AP1G2,-0.8299700013451883,-14.627798076243336,0.0,0.0,True
AP1M1,-0.4535739302825288,-11.046756895621257,0.0,0.0,True
AP1S1,-0.04540877503023788,-1.5203030671488966,0.12909590450967467,0.1482164580929874,False
AP1S2,-0.13136728957555022,-1.8554519204830795,0.0641470043327097,0.07634149632281052,False
AP2A1,0.49099142755311753,14.701415091134958,0.0,0.0,True
AP2A2,-0.14423921293675956,-5.560663089551897,4.477030457472608e-08,9.232172187545108e-08,False
AP2B1,0.7168627782095998,13.564779865577858,0.0,0.0,True
AP2M1,0.7334209510745691,15.780099146656138,0.0,0.0,True
AP2S1,0.5518729762640975,12.916200271034814,0.0,0.0,True
AP3B1,-0.5623741861297384,-13.759190038704784,0.0,0.0,True
AP3B2,0.08553675518020354,1.7985559806640643,0.07271961210409916,0.08604593855440351,False
AP3D1,-0.29020810233013083,-8.432963120819254,4.440892098500626e-16,1.713723151846858e-15,False
AP3M1,-0.20087026616906778,-7.389359248159827,6.634692795159935e-13,1.9687023778322333e-12,False
AP3M2,-0.09838092214324012,-2.7179318208234924,0.006807738233866267,0.009001186491724694,False
AP3S1,-0.35599452087998706,-5.140702643362932,3.997606694561284e-07,7.641624877970699e-07,True
AP3S2,-0.273633230108425,-5.115951398797079,4.5279681759602397e-07,8.612560339974571e-07,False
AP4B1,-0.28697217405609665,-7.29016804379851,1.291411422243982e-12,3.7508240476118075e-12,False
AP4E1,-0.12420740475058922,-3.1454666068886485,0.001761566239576684,0.002466149916587728,False
AP4M1,0.15193057034844193,4.893731592422847,1.354836034694884e-06,2.4791670029627273e-06,False
APAF1,-0.2865750352137253,-10.334281237715775,0.0,0.0,False
APBA2,-0.03314938857122396,-1.0225012270413787,0.3070608581966203,0.33634785332511125,False
APBA3,-0.17792746712084018,-4.56567873580952,6.3407127037784505e-06,1.1024704850539468e-05,False
APBB1,0.16433622426320893,6.261424893871982,8.501441772779117e-10,1.9944624802574877e-09,False
APBB1IP,-0.4146898766267242,-10.915088697274216,0.0,0.0,True
APBB2,0.011087775743777506,0.39066464157662867,0.6962191627237075,0.7204876952128638,False
APBB3,0.2645738438029981,9.675968102325912,0.0,0.0,False
APC,-0.13103144113963827,-4.411325814445998,1.2705143310753897e-05,2.1471617634473905e-05,False
APCDD1,-0.2628909642314867,-3.8034108059418226,0.00016121078902853192,0.0002480281927099852,False
APEH,-0.14087071234235093,-3.6972586444187203,0.00024320043210779296,0.0003681242808738064,False
APEX1,-0.27069857740658065,-3.6522246327239976,0.0002886986839412131,0.0004343678344199104,False
APEX2,0.2302292072509391,6.603626414347128,1.0701373120980406e-10,2.6920532208030856e-10,False
APH1A,-0.41900730705507616,-15.98210883588186,0.0,0.0,True
APH1B,-0.5985038728519463,-10.247167352071793,0.0,0.0,True
API5,-0.23249046546528707,-4.5573743201619115,6.585653871349351e-06,1.1435053805256733e-05,False
APIP,-0.1514224655365144,-2.3581442359056424,0.01876828877896508,0.02365855968974598,False
APITD1,0.3431011759125844,9.833549527828142,0.0,0.0,True
APLNR,0.20214878142081538,7.057293007888374,6.001421581913746e-12,1.6514662016737802e-11,False
APLP2,-0.5640618104074813,-11.735889092276325,0.0,0.0,True
APOA1,0.216983251424963,7.619559114871598,1.376676550535194e-13,4.3197867571819395e-13,False
APOA1BP,-0.1432825239613349,-2.817802921664258,0.005035686635194159,0.006743324151453326,False
APOB48R,-0.5010986902577717,-8.916023110686105,0.0,0.0,True
APOBEC1,0.23808024632735192,8.253017151917525,1.5543122344752192e-15,5.7274864455918265e-15,False
APOBEC3A,-0.598601244817603,-9.098953263947141,0.0,0.0,True
APOBEC3B,-0.019998691900236842,-0.08896761511744587,0.9291449049273941,0.9365435911671903,False
APOBEC3C,0.42423199729883887,8.38452735756084,6.661338147750939e-16,2.5382717209375807e-15,True
APOBEC3D,0.04433224631102206,0.9193088867595032,0.3583976357894185,0.38863423075591824,False
APOBEC3F,-0.1876792047364524,-4.919760280018337,1.1941159172579319e-06,2.19343346370501e-06,False
APOBEC3G,-0.45925068455198126,-6.964845714948706,1.0926592963755866e-11,2.9531540204013097e-11,True
APOBEC3H,0.07699868258538567,2.0512043197702767,0.040791474531965966,0.04957031281081506,False
APOC1,0.26005983126947374,9.435586984121747,0.0,0.0,False
APOC3,0.24842901218723235,7.9339920270240825,1.509903313490213e-14,5.090013540560071e-14,False
APOC4,0.2326531633301241,9.818715977111136,0.0,0.0,False
APOL1,-0.23002783751591105,-2.787903530916662,0.005516418632881104,0.007350332704702999,False
APOL2,-0.42273759074205275,-5.97926679067058,4.391195851383145e-09,9.795155889249118e-09,True
APOL3,-0.20702132147904084,-2.7912157560659114,0.005461189192788707,0.007280953508302444,False
APOL6,-0.5056666809166535,-5.070691628102493,5.67902710857382e-07,1.071000544591713e-06,True
APOM,0.18377794903316325,5.95636049200221,5.003846004214552e-09,1.111011991567992e-08,False
APOO,0.057667350884224255,1.1060114761567181,0.26927780627450426,0.29742171353686975,False
APOOL,-0.17601891029047678,-5.233879556746068,2.489907966474192e-07,4.835820243772756e-07,False
APP,-0.16323626139390424,-2.686114573494699,0.0074804118178795065,0.009858908893610302,False
APPBP2,-0.21554614994948018,-6.224823304212286,1.055576070996267e-09,2.46037651999312e-09,False
APPL1,-0.31869736010011573,-7.891682450503551,2.042810365310288e-14,6.814692324937506e-14,True
APPL2,-0.06424227156169726,-1.9351892843826788,0.053556509216137416,0.06435608488010504,False
APRT,-0.1480664464970074,-2.275445030381633,0.023321004701818193,0.029095056120463966,False
APTX,-0.013479117254657336,-0.5902195079676672,0.5553223712235851,0.5842322033176067,False
AQP1,0.6614058667592784,11.528891759381352,0.0,0.0,True
AQP10,0.32115116317761583,5.149108456139641,3.831568453627199e-07,7.335189798459648e-07,True
AQP12A,0.20291045735090885,6.874049087850105,1.956435013994451e-11,5.192667033687115e-11,False
AQP2,0.2002338069684746,8.310307266472705,8.881784197001252e-16,3.353302922492869e-15,False
AQP3,0.13380305445408025,3.773187336274762,0.00018141201229804338,0.00027799454166039134,False
AQP5,0.4196517637352417,10.514224870150969,0.0,0.0,True
AQP7,0.2241789477611129,10.080765503982455,0.0,0.0,False
AQP9,-0.6329478160952471,-10.582012191005818,0.0,0.0,True
AQR,-0.5023462601138755,-11.904529906041269,0.0,0.0,True
ARAF,0.03030945302831789,0.9536971013864671,0.3407189426955908,0.3707833255465763,False
ARAP1,-0.7216138448615181,-13.820941942142923,0.0,0.0,True
ARAP2,-0.12777235467123038,-1.8224179676527783,0.06901613862411127,0.08184874918265599,False
ARAP3,-0.6610930072860879,-8.645102084371803,0.0,0.0,True
ARCN1,-0.45185561804480034,-12.083439658915466,0.0,0.0,True
ARF3,-0.15759064711105886,-4.9224578298983355,1.1785529385743843e-06,2.166228067566353e-06,False
ARF4,0.11935694978115663,2.8114878315983374,0.005133937547460388,0.0068629252186603465,False
ARF5,-0.4927228279404954,-14.015453913891005,0.0,0.0,True
ARF6,-0.24073867780347413,-6.474113068550703,2.369029417081947e-10,5.807373878562875e-10,False
ARFGAP1,-0.05778119423927297,-2.614172620487348,0.009226603346697448,0.012044565270921114,False
ARFGAP2,-0.3313584498983042,-12.545221965012686,0.0,0.0,True
ARFGAP3,-0.24105755267056228,-4.644362621573412,4.414971225497055e-06,7.777344172885851e-06,False
ARFGEF1,-0.4176672858558321,-7.501677873962109,3.0953017926549364e-13,9.427493746587048e-13,True
ARFGEF2,-0.11366967514708204,-1.5531609363188814,0.12104641590721998,0.1397407962352442,False
ARFIP1,-0.1453465831794878,-4.100497521022415,4.844710332863045e-05,7.787638616278176e-05,False
ARFIP2,0.17155298912283623,6.548630478940317,1.501956337079946e-10,3.735111193183052e-10,False
ARFRP1,-0.009099026156001777,-0.36712102101546823,0.7136911971641622,0.7370458042078164,False
ARG1,0.0011887640406076372,0.008330625742329152,0.9933566743397011,0.9937880434009917,False
ARG2,0.8712203413338466,11.076848023103807,0.0,0.0,True
ARGLU1,-0.3330947643422677,-6.0135900711097925,3.6079468301863926e-09,8.10293225519927e-09,True
ARHGAP1,-0.5464583662962186,-14.553133600905014,0.0,0.0,True
ARHGAP10,0.15287245924578619,5.644441803989316,2.8442501687209187e-08,5.962314411919247e-08,False
ARHGAP11A,0.22602228465935292,7.348097071794678,8.759659664292485e-13,2.5760153094966848e-12,False
ARHGAP12,-0.09399950403477852,-2.6048492787625914,0.009477780407266101,0.012343081120553783,False
ARHGAP15,-0.508518448128612,-9.84259967494991,0.0,0.0,True
ARHGAP17,-0.3986412511624313,-9.614121245935848,0.0,0.0,True
ARHGAP18,-0.034906772195135716,-0.5738427007079868,0.5663441166300172,0.5951754291999971,False
ARHGAP19,-0.3000042607523348,-5.976646602514111,4.4573826851745935e-09,9.937021705153114e-09,True
ARHGAP21,0.016163112946446123,0.4237867811155409,0.671911927282502,0.6977150897293014,False
ARHGAP24,-0.37310783202793507,-6.102436229353217,2.1605588429451927e-09,4.927237638464795e-09,True
ARHGAP25,-0.47684118983732215,-9.648264141557297,0.0,0.0,True
ARHGAP26,-0.8026711145349239,-12.678981049737908,0.0,0.0,True
ARHGAP27,-0.42062779852356424,-12.306776559338488,0.0,0.0,True
ARHGAP29,0.19288965721218654,6.404178339572486,3.619680111199841e-10,8.753956582177402e-10,False
ARHGAP30,-0.6353463602720071,-13.760218938948523,0.0,0.0,True
ARHGAP33,0.29800840217639335,12.739629637562977,0.0,0.0,False
ARHGAP4,-0.25146162672550343,-6.152586173281967,1.613243982845347e-09,3.7165914876791104e-09,False
ARHGAP5,-0.013803470946794683,-0.4583875792809918,0.6468823137070134,0.6736067050796499,False
ARHGAP6,0.21104042926707312,5.178967157250947,3.294060311187508e-07,6.338837408046926e-07,False
ARHGAP8,0.320272660159616,7.960603651094971,1.2656542480726785e-14,4.3031497295009394e-14,True
ARHGAP9,-0.36950809789866046,-9.887666739052305,0.0,0.0,True
ARHGDIA,-0.24692441399909892,-6.768458121205729,3.8228753496127865e-11,9.949322447399386e-11,False
ARHGDIB,-0.45976204179449276,-12.84622485389201,0.0,0.0,True
ARHGEF1,-0.19418849589726284,-7.305866295440943,1.162625551387464e-12,3.3870216809388458e-12,False
ARHGEF10L,0.38102298259394374,11.372643184414272,0.0,0.0,True
ARHGEF11,-0.20645804639326215,-6.262852775825628,8.429787978769809e-10,1.978861376145291e-09,False
ARHGEF12,1.2256003029119173,22.320202766325977,0.0,0.0,True
ARHGEF16,0.3656185200101518,13.076840119495625,0.0,0.0,True
ARHGEF17,0.289760465496812,8.15381830878165,3.1086244689504383e-15,1.1144800889461594e-14,False
ARHGEF18,-0.3831175416718615,-7.613485901471738,1.4366285938649526e-13,4.495660084957997e-13,True
ARHGEF19,0.28539759803397136,8.403713218770253,4.440892098500626e-16,1.713723151846858e-15,False
ARHGEF2,-0.11000652957392276,-3.2079866570200233,0.0014263972118135904,0.002017023015330315,False
ARHGEF3,-0.3793723091057273,-7.509452393626781,2.935429677108914e-13,8.961890922506647e-13,True
ARHGEF37,0.44685503865345844,16.468165655997968,0.0,0.0,True
ARHGEF4,0.2222755135848402,8.44034771858757,4.440892098500626e-16,1.713723151846858e-15,False
ARHGEF6,-0.37327212476305593,-7.3008162431708294,1.2025935802739696e-12,3.5008024895566986e-12,True
ARHGEF7,-0.4502753986173911,-12.267948107216524,0.0,0.0,True
ARHGEF9,-0.0987016541711414,-2.569434871527061,0.01048854122412024,0.013599449162611554,False
ARID1A,-0.3839659879754711,-12.9540478375981,0.0,0.0,True
ARID1B,-0.2425568175002608,-5.512031587381232,5.810912884207653e-08,1.1903949050895955e-07,False
ARID2,-0.22313522943438713,-6.815022903687281,2.847921898307959e-11,7.467610367996672e-11,False
ARID3A,-0.6489433579416852,-13.48373112141454,0.0,0.0,True
ARID3B,-0.3816792616715663,-10.786990003001844,0.0,0.0,True
ARID4A,-0.6355961228850848,-8.441475376916591,4.440892098500626e-16,1.713723151846858e-15,True
ARID4B,-0.38907292318550724,-7.074326477781376,5.370592859321732e-12,1.482479251055045e-11,True
ARID5A,-0.29717358647595127,-6.359936439325459,4.72400341067214e-10,1.1336624018235911e-09,False
ARID5B,-0.5606612171484668,-7.573140797106872,1.8962609260597674e-13,5.870204140629524e-13,True
ARIH1,-0.09506949734695613,-2.2484847581409415,0.02500000819861592,0.031095464252225112,False
ARIH2,0.10831590020403059,4.011428595476108,7.002507841313843e-05,0.0001110892271368877,False
ARL1,-0.11997569022393995,-3.3549516939896624,0.0008569539364520207,0.0012376194074712671,False
ARL11,-0.48810019877810795,-12.156315197673548,0.0,0.0,True
ARL13B,-0.06974154947775268,-2.411623365068731,0.016257589000224337,0.02065187116162154,False
ARL15,-0.06684196925844876,-2.2447006488700083,0.025243879779282663,0.03137846672899072,False
ARL16,-0.2399254743046022,-5.845209751083194,9.376081688827753e-09,2.0347227764432345e-08,False
ARL17A,-0.15541401510162878,-4.1394431447138,4.115181905617327e-05,6.662372504681095e-05,False
ARL2,-0.012803630326903459,-0.30878430581389926,0.7576201234579587,0.7783648057538554,False
ARL2BP,0.2635529842237663,5.065392304490858,5.831016407498169e-07,1.0982256049374004e-06,False
ARL3,-0.5020391040202821,-8.64070832541818,0.0,0.0,True
ARL4A,1.1447056399262836,15.372289640009043,0.0,0.0,True
ARL4C,-0.1951883299916588,-2.197143839222934,0.02848925894434129,0.03524895529321883,False
ARL5A,-0.16153721766881546,-2.4957524709852,0.012904977923819727,0.016542670899674986,False
ARL5B,-0.021065087940026928,-0.5520331317857438,0.5811836177132652,0.6098801213846317,False
ARL6IP1,0.482589589839578,6.757480397909531,4.0966785519458426e-11,1.0642679350442977e-10,True
ARL6IP4,-0.182092573562036,-5.295745874187965,1.8112154442917472e-07,3.559090873899119e-07,False
ARL6IP5,-0.28712587673908274,-6.342851910771481,5.23352472470151e-10,1.251504490426338e-09,False
ARL6IP6,-0.28202317126709353,-3.3308496085915404,0.000932840157664927,0.0013409941065945707,False
ARL8A,-0.3743318764219721,-8.630348251717324,0.0,0.0,True
ARL8B,-0.3658601828778556,-6.419481403765453,3.300060225086554e-10,8.006190760903963e-10,True
ARMC1,-0.0374901647852699,-0.8352648156247732,0.40398585073731863,0.43450168203951195,False
ARMC10,-0.14761630392609382,-3.8359204592934146,0.00014186079792155581,0.0002194593783586357,False
ARMC5,0.16181142912196167,7.01746824692757,7.774891841449971e-12,2.1257768602340902e-11,False
ARMC6,0.2987447175221929,9.053332527656805,0.0,0.0,False
ARMC7,-0.09370324117074968,-2.5920625924001164,0.009832207660195547,0.012787309477000396,False
ARMC8,-0.08406196429237633,-2.5464924726242617,0.011193646586080241,0.014463220978694145,False
ARMCX3,-0.28136766524625756,-5.608490619102333,3.457885155988549e-08,7.19757483047201e-08,False
ARMCX5,-0.10535926861957412,-2.9245431109537536,0.0036135023108911923,0.004908234968451625,False
ARMCX6,-0.025754720247510576,-0.46184763927483186,0.6444006747889484,0.6712652715585004,False
ARNT,-0.36891993185177085,-11.007051476642035,0.0,0.0,True
ARNTL,-0.5108888073831759,-9.499976411219842,0.0,0.0,True
ARPC1A,-0.45494605879423133,-8.954001951833844,0.0,0.0,True
ARPC1B,-0.4170653521214085,-12.7196016315713,0.0,0.0,True
ARPC2,-0.4067327539688641,-15.804275213816812,0.0,0.0,True
ARPC3,-0.3039116975826346,-9.24652984343669,0.0,0.0,True
ARPC4,-0.2563753787644316,-7.312288241422025,1.113775738303957e-12,3.2496410155834046e-12,False
ARPC5,-0.16974563635727336,-3.7011768904280014,0.00023957863388890388,0.0003628328009158932,False
ARPC5L,-0.38588430128903184,-6.483732288038661,2.2342083738635665e-10,5.482711175657099e-10,True
ARPP19,-0.13825598569496123,-4.317807348947824,1.9169637494709235e-05,3.1937381299039004e-05,False
ARRB1,-0.27600662493736294,-4.909511087571372,1.2550749202144829e-06,2.301736667083367e-06,False
ARRB2,-0.3658877310951292,-8.521019881139859,2.220446049250313e-16,8.732440437457957e-16,True
ARRDC1,-0.22011440643705793,-5.266935625577697,2.1013648199286195e-07,4.1068241195720677e-07,False
ARRDC2,0.4652494213936986,8.130074247519037,3.774758283725532e-15,1.3407783123723221e-14,True
ARRDC3,-0.33662328813550424,-4.0249388076569605,6.624850455150266e-05,0.00010537372603269251,True
ARRDC4,-0.3598387490498105,-3.819183898556757,0.0001515306483463874,0.0002338533679397155,True
ARRDC5,-0.1810456402884677,-3.8529379728693924,0.00013262831107629935,0.00020564618593187404,False
ARSA,0.06501275729486489,2.183337395351846,0.029496521220872873,0.036424788587396506,False
ARSB,-0.3926291631209273,-9.537796288604575,0.0,0.0,True
ARSD,-0.7503669343882189,-11.054135927833881,0.0,0.0,True
ARSE,0.2510912643012335,10.11133157259719,0.0,0.0,False
ARSG,-0.33838695295375887,-6.544556065125481,1.5400147823640964e-10,3.828103210628404e-10,True
ART3,0.04239726857385895,1.3597691251307924,0.17454393414502878,0.19761859420253455,False
ART5,0.293688711488473,8.126116010183026,3.774758283725532e-15,1.3407783123723221e-14,False
ARTN,0.19850292379702683,6.690864720975347,6.221823056762332e-11,1.5940653868070574e-10,False
ARV1,-0.07887707728277027,-1.8155446218760287,0.07006661605096798,0.08302616503354594,False
ASAH1,-0.30848340251565354,-4.613083310109312,5.101446118205288e-06,8.933347193008014e-06,True
ASAP1,-0.4653405524886516,-10.210174790701037,0.0,0.0,True
ASAP2,0.1287976492751728,2.8881480124057495,0.004050956783199,0.005478160505478901,False
ASB1,-0.10649894359287426,-2.5853974588217503,0.01002161267366386,0.013018941737671591,False
ASB10,0.38109024725639706,12.04202842138975,0.0,0.0,True
ASB13,-0.108573214159156,-3.1675062514804533,0.0016358981654338578,0.002298318205590024,False
ASB16,0.18990637649732545,7.599678419087764,1.580957587066223e-13,4.931234889091747e-13,False
ASB3,-0.44735952424434533,-9.82076057607521,0.0,0.0,True
ASB4,0.1508770715289276,5.608205232428854,3.463237541190267e-08,7.20741341228016e-08,False
ASB6,-0.021451958620862133,-0.8580701932112987,0.391283686893642,0.4217062864266338,False
ASB7,0.03836680016232963,1.3657336552436052,0.17266476091876082,0.1956255907370125,False
ASB8,-0.4645507700677438,-14.434545858743558,0.0,0.0,True
ASCC1,-0.4054541295422709,-9.82822394008382,0.0,0.0,True
ASCC2,1.6908558562475342,19.584759575567773,0.0,0.0,True
ASCC3,-0.120257641231726,-3.337408150682078,0.000911594273856231,0.001311925842147667,False
ASCL2,-0.10077529290651421,-2.0921297273285675,0.036953793173528204,0.04512091833430903,False
ASF1A,0.18362293724605516,3.9798861326649133,7.965324906411553e-05,0.00012582635435676726,False
ASF1B,-0.1110589485378135,-3.075463923327602,0.002222139196626838,0.003083582870249915,False
ASGR1,-0.18990344537156156,-3.182867932016087,0.0015532593487326274,0.0021883554841060585,False
ASGR2,-0.16366793602412333,-2.131559191041458,0.03355244587418005,0.04115104599922061,False
ASH1L,-0.3759103391321448,-14.613291785031928,0.0,0.0,True
ASH2L,0.28399091190518266,9.064257395518739,0.0,0.0,False
ASL,-0.03697754619899918,-1.1600018145805406,0.2466270512880513,0.27395342370174186,False
ASMTL,-0.43960928731481985,-8.139298133775544,3.552713678800501e-15,1.2658122136128355e-14,True
ASNA1,0.48319422578135196,11.579207324956158,0.0,0.0,True
ASNS,-0.3203735644765402,-4.858607395293012,1.6051117117665825e-06,2.9232066099350617e-06,True
ASNSD1,0.017829921128406312,0.380642981725336,0.7036372592057065,0.7274454845441154,False
ASPDH,0.1627242881693305,5.784625094096835,1.3149401123513371e-08,2.82747716150365e-08,False
ASPG,0.3162803057997121,10.571505596843055,0.0,0.0,True
ASPH,-0.2347385762350389,-3.0893503475257345,0.0021227986868721516,0.002951064213623016,False
ASPHD2,-0.5138018549394925,-9.066644151355726,0.0,0.0,True
ASPM,-0.002442028526099982,-0.05204644636764259,0.958513424448038,0.9628600450176114,False
ASPRV1,-0.5646634161364066,-5.001395412487312,8.007107705765293e-07,1.488843804079264e-06,True
ASPSCR1,0.22291315189623218,7.922185313051906,1.6431300764452317e-14,5.527808221545743e-14,False
ASRGL1,-0.2786161899731465,-5.06063986529584,5.970660386100946e-07,1.1234243219127211e-06,False
ASS1,-0.02470833457032162,-0.7461215159972959,0.45596073634936274,0.4865411507186947,False
ASTE1,-0.5753831352439738,-11.00836832977928,0.0,0.0,True
ASTL,0.17619127448803606,6.360849241529277,4.698192945795654e-10,1.1277033661725388e-09,False
ASXL1,0.20253398665306577,10.729632309330388,0.0,0.0,False
ASXL2,-0.2085979066830257,-9.239226314081503,0.0,0.0,False
ATAD1,-0.0725975384235058,-1.6827370586007337,0.09307892574000998,0.1089056521685297,False
ATAD2,0.12807014754665502,2.402841784175032,0.016648360656805083,0.0211272960676146,False
ATAD2B,-0.2414219014626564,-4.117787333376686,4.506825184735774e-05,7.264780199128378e-05,False
ATAD3A,0.3273962592261168,9.987592866839556,0.0,0.0,True
ATAD3B,0.3017127228676535,9.019803716945408,0.0,0.0,True
ATAD3C,0.20110869138754284,7.0355980455649725,6.9113603728965245e-12,1.8959742828148383e-11,False
ATF1,-0.06669776127504123,-1.285326180346181,0.19930063532091147,0.22410621029496086,False
ATF2,-0.1828021639273416,-1.8350134659740363,0.06712481710273055,0.0797042333992736,False
ATF4,0.13654212608649985,3.523397424748322,0.0004669826902492513,0.0006913216307648279,False
ATF5,0.1682497802575429,3.0478105930725663,0.0024328067650747354,0.0033641658015481244,False
ATF6,-0.5701808968560016,-11.517107178121258,0.0,0.0,True
ATF6B,-0.034045178610782934,-1.7353592862551557,0.08332158434652626,0.09800687532805431,False
ATF7,-0.178027340371528,-5.3948943757102805,1.0806018124753791e-07,2.1621421361653454e-07,False
ATF7IP,-0.349393220545978,-10.18336131718769,0.0,0.0,True
ATF7IP2,0.048557789844861254,1.1246092212910266,0.261318996148314,0.2891856582411787,False
ATG12,-0.49750889764693085,-9.550913113260657,0.0,0.0,True
ATG16L1,-0.1270890658464765,-4.512492703895777,8.074716486339284e-06,1.3882486448677943e-05,False
ATG16L2,-0.37887138981138335,-6.307610845098129,6.460274537545274e-10,1.5299322039059214e-09,True
ATG2A,-0.008277621675326863,-0.17528725246621218,0.8609281435164675,0.8745894678019853,False
ATG2B,-0.09458762130939036,-3.4444738642285175,0.0006225391973553318,0.0009116487432413001,False
ATG3,-0.30332612465795883,-6.611387563200051,1.0199663336152298e-10,2.5720210588690524e-10,True
ATG4A,0.10900991458094378,2.6781225748128294,0.007658511594614836,0.010089020477855478,False
ATG4B,-0.30016584590193984,-11.65868862421457,0.0,0.0,True
ATG4C,-0.13546048526296817,-3.7031938442242422,0.00023773412965488738,0.00036018143357814653,False
ATG4D,0.3998785963135423,11.593179821777698,0.0,0.0,True
ATG5,-0.13076245560100297,-2.5866843008761586,0.009984792163805434,0.012975498751678112,False
ATG7,-0.25837813700569834,-7.993195138912331,9.992007221626409e-15,3.431661633450048e-14,False
ATG9A,0.40675716355820946,12.331143026570572,0.0,0.0,True
ATHL1,-0.22562926943341077,-4.3537155619572925,1.6383383749873914e-05,2.7450210533061474e-05,False
ATIC,-0.3237535370906026,-4.936657745017067,1.0998033566078647e-06,2.0243903587034185e-06,True
ATL2,-0.25422787550539194,-4.344955576296272,1.7025016482374866e-05,2.8471423469871672e-05,False
ATL3,-0.35113324055113004,-6.042895343977921,3.0485849400463394e-09,6.891022355650271e-09,True
ATM,-0.2313392271162944,-5.585299381024331,3.920164015625005e-08,8.124571661746028e-08,False
ATMIN,-0.28298955406746185,-5.389044969451028,1.114279921665684e-07,2.226819989185811e-07,False
ATN1,0.1478059795164186,4.800093492858319,2.1240410665868126e-06,3.830723194929309e-06,False
ATOH8,0.1585978184129777,4.741001511175693,2.8104164555564637e-06,5.017542955913655e-06,False
ATOX1,-0.36017285553522616,-6.336025033114505,5.451838980263801e-10,1.2999323786722983e-09,True
ATP10A,0.07778204840839242,2.9925556407934653,0.002909637189455694,0.003987165213578413,False
ATP10D,-0.4010039157370211,-6.293966388003493,7.007305846684631e-10,1.6557365343171335e-09,True
ATP11A,-0.3523026004386631,-5.300872080369319,1.7638331528679885e-07,3.4730930064763007e-07,True
ATP11B,-0.4129444303145684,-4.696665247225915,3.460859655968207e-06,6.140733576262751e-06,True
ATP11C,-0.3753929429953704,-4.760436523114584,2.563974061065011e-06,4.5903663676418805e-06,True
ATP13A1,-0.2930051336645918,-7.382052064193107,6.969980148596733e-13,2.0639383375754694e-12,False
ATP13A2,0.10272301432085706,3.4674102954140262,0.0005729551998752136,0.0008412837409002658,False
ATP13A3,-0.4352125088511478,-4.630666970858076,4.703849809661875e-06,8.267263649297397e-06,True
ATP13A5,-0.3058252465330753,-6.08070040696166,2.4507065266021755e-09,5.566887887976822e-09,True
ATP1A1,-0.3268929878401501,-5.855447645470894,8.85272233297485e-09,1.9233215494820313e-08,True
ATP1A3,0.25443305278228934,8.300000089387229,1.1102230246251565e-15,4.157561450148628e-15,False
ATP1B1,0.21525486860370302,6.3630051054149135,4.6377790496876514e-10,1.114363305660243e-09,False
ATP1B2,0.3562679024257709,10.596996167988307,0.0,0.0,True
ATP1B3,-0.2875635028788306,-5.612609925587737,3.381518864919997e-08,7.048808506155164e-08,False
ATP2A2,-0.42217069865794876,-9.925865462925389,0.0,0.0,True
ATP2A3,-0.14327581870154393,-3.7516775488739413,0.00019721846457820824,0.0003012544083644584,False
ATP2B1,-0.4477857118326236,-6.10915709572418,2.077843008763125e-09,4.746118107860883e-09,True
ATP2B4,-0.8048905555709753,-11.208812399711872,0.0,0.0,True
ATP2C1,-0.16798333824711786,-3.306194883247568,0.0010168920576019147,0.0014563694655621603,False
ATP2C2,0.05709472583401043,0.6624667002455823,0.5079914044560181,0.5375301293339034,False
ATP5A1,-0.35143857186506633,-6.639902437533291,8.546741092629873e-11,2.165161879173158e-10,True
ATP5B,0.27739968004618554,8.633293165280369,0.0,0.0,False
ATP5C1,-0.24277349100851442,-4.434666646374755,1.1452356088348381e-05,1.9437113567361868e-05,False
ATP5D,-0.16016190738391778,-3.1908950110678687,0.00151162788412873,0.0021317876588245396,False
ATP5E,0.42685944132863085,15.866996641800428,0.0,0.0,True
ATP5F1,-0.291728018953366,-6.626434168419946,9.291811764455815e-11,2.349777820302229e-10,False
ATP5G1,-0.09500969887926836,-1.508971533813732,0.1319666414795213,0.15133138309632713,False
ATP5G2,-0.3241641103288808,-6.759448902376012,4.046207813246383e-11,1.0516305911729487e-10,True
ATP5G3,-0.3677559916547395,-7.562705716434011,2.0383694732117874e-13,6.293213069398708e-13,True
ATP5H,-0.34928024758468545,-7.877475950136394,2.2648549702353193e-14,7.524910413077774e-14,True
ATP5I,-0.13672306282055935,-2.7170036419282777,0.0068265627037342735,0.009024004565562899,False
ATP5J,-0.05094293757278745,-0.9250211961956436,0.3554215652074981,0.38554487330494125,False
ATP5J2,0.0015525771976587777,0.03289472843457244,0.9737722655981038,0.9760601050665296,False
ATP5L,0.1555818599754808,3.114380586672858,0.001953989908414666,0.0027239513197420476,False
ATP5O,-0.2301559828870685,-4.512256032147235,8.083364585687036e-06,1.3895280803242646e-05,False
ATP5S,0.2080485185561205,5.457829972786736,7.753612907279717e-08,1.5724272373055467e-07,False
ATP5SL,-0.19573401204867658,-7.559811666570169,2.078337502098293e-13,6.413171627824869e-13,False
ATP6AP1,-0.6418051924033499,-12.2023059642831,0.0,0.0,True
ATP6AP2,-0.2629682919100391,-3.85809119360366,0.00012994652539632945,0.0002016779878793208,False
ATP6V0A1,-0.023592698524735667,-0.6697936702823024,0.5033127018457995,0.5329710436258287,False
ATP6V0A2,-0.2019441113717244,-6.083237243054123,2.4149733324208e-09,5.487882780855237e-09,False
ATP6V0B,-0.46115593701369306,-14.194798810104796,0.0,0.0,True
ATP6V0C,0.6214498335577279,12.90603906273631,0.0,0.0,True
ATP6V0D1,-0.567612607048722,-13.83377153559761,0.0,0.0,True
ATP6V0E1,-0.4523878825889103,-13.936597568390331,0.0,0.0,True
ATP6V0E2,0.1971967261845915,8.757843949616205,0.0,0.0,False
ATP6V1A,-0.6305932689056002,-11.177724603003224,0.0,0.0,True
ATP6V1B2,-0.4817789883106425,-10.23103673369036,0.0,0.0,True
ATP6V1C1,-0.42639650336579216,-4.468520006266234,9.843508812057422e-06,1.6805599230189634e-05,True
ATP6V1D,0.33596754622600056,7.878936048108278,2.2426505097428162e-14,7.453286561375505e-14,True
ATP6V1E1,-0.21985556519689275,-6.538085682576288,1.602407095901981e-10,3.97718753236262e-10,False
ATP6V1E2,0.13291300592967792,3.7401474726403325,0.0002062170335805913,0.00031445777201678993,False
ATP6V1F,-0.00835734842592295,-0.19495269760825082,0.8455128017454785,0.8611372204514737,False
ATP6V1G1,-0.21791982842352198,-5.478231857358446,6.957851983457886e-08,1.41653405792597e-07,False
ATP6V1G2,0.29048293202560904,10.43351225037593,0.0,0.0,False
ATP6V1H,-0.47654106197788426,-11.659318769796927,0.0,0.0,True
ATP7A,-0.15414995841023726,-2.9578443295631325,0.003251457164534566,0.004438148486582968,False
ATP8A1,-0.007464305880730215,-0.0839568666156411,0.9331258702166418,0.9397339481575011,False
ATP8B2,-0.009667344300213099,-0.1869426394372862,0.8517849141744216,0.8666057610294261,False
ATP8B4,-0.026888732615534927,-0.20547642026682386,0.8372873825336868,0.8532879199686401,False
ATP8B5P,-0.20189452035303734,-2.8133750289481148,0.005104395767451697,0.006826603372260083,False
ATP9A,-0.40149978448441237,-3.030370043375664,0.0025749421980827414,0.003551336108682363,True
ATPAF1,-0.24160179063968723,-5.228940872186707,2.5536334868903054e-07,4.957078553334922e-07,False
ATPAF2,-0.09004335852535705,-2.6328060994733096,0.00874238980333808,0.01144619096893059,False
ATPIF1,-0.18720490389212596,-4.62842826988554,4.752764784843322e-06,8.350686021447563e-06,False
ATR,-0.1844824330216137,-5.297288725887096,1.7968262921996825e-07,3.5332267087484023e-07,False
ATRN,-0.13816004559506734,-4.840411953098566,1.7517324344407115e-06,3.1816786364431655e-06,False
ATRX,-0.3357650073939924,-9.778029879348587,0.0,0.0,True
ATXN1,-0.6011512633815599,-8.973728603403792,0.0,0.0,True
ATXN10,0.08671354257855324,1.8516826342357025,0.06468779657765689,0.07694761081809509,False
ATXN1L,-0.31718097492439323,-7.899935592796925,1.9317880628477724e-14,6.45554589380432e-14,True
ATXN2,-0.22938977328426535,-9.509909311560852,0.0,0.0,False
ATXN2L,0.016044445992192458,0.6333238094647757,0.526825058088729,0.5562326163266792,False
ATXN3,-0.14575507345862704,-5.243969436861605,2.3644698554647903e-07,4.604620163161271e-07,False
ATXN7,-0.688251978421949,-13.134894295702058,0.0,0.0,True
ATXN7L1,-0.0872855151792411,-3.194788101608325,0.0014918103686352158,0.0021056443617582465,False
ATXN7L2,-0.0700820118581782,-2.6667626588822997,0.007918226942571716,0.010416863425249383,False
ATXN7L3,-0.2222301357886005,-6.888275198138539,1.786482073384832e-11,4.754733595961155e-11,False
ATXN7L3B,-0.1644556141570268,-5.971387317391513,4.593186497814372e-09,1.0227897790126376e-08,False
AUH,0.15352124077339324,4.627422653961793,4.774895941084267e-06,8.387012251501933e-06,False
AUP1,-0.1713228438985679,-6.42631715648521,3.1663827115835375e-10,7.689977325475599e-10,False
AURKA,0.20920336871015666,3.448862255587178,0.0006127529549357913,0.0008976600900299352,False
AURKAIP1,-0.35966047730283357,-10.18761785720862,0.0,0.0,True
AURKB,0.3100480075555194,7.737790996703376,6.061817714453355e-14,1.9461002857521792e-13,True
AUTS2,-0.18065416887084051,-2.816110621196754,0.005061846995638275,0.0067775677720280465,False
AVEN,-0.1774170304649374,-4.160456960302089,3.7662734025722955e-05,6.119862226580656e-05,False
AVIL,-0.2857543766727577,-4.503813060386357,8.397750742794585e-06,1.4412051669584449e-05,False
AVL9,-0.4475312066008863,-9.11056898827615,0.0,0.0,True
AXIN1,-0.11041936639424499,-3.3356034886218193,0.0009173950301406553,0.0013201091008357537,False
AXIN2,0.23236049272755732,7.843516329551801,2.886579864025407e-14,9.492010691895137e-14,False
AZGP1P1,0.4152100577829012,11.022018431221415,0.0,0.0,True
AZI2,-0.20711460730950737,-2.5197128541522376,0.012069860307133196,0.015532646729736038,False
AZIN1,0.07610276457127174,0.8975123500321106,0.3698973462716246,0.40000446223271163,False
AZU1,0.2085019798113925,1.7171944399242909,0.08659129940682675,0.10172821803847398,False
B3GALNT1,0.21368922281741787,7.252712949188381,1.6575629757653587e-12,4.772173935976298e-12,False
B3GALNT2,-0.2611632140346476,-6.086364475663859,2.371624008290496e-09,5.390437441100675e-09,False
B3GALT4,-0.46016713886894145,-8.72924359981135,0.0,0.0,True
B3GALT5,0.20549532271893334,7.4820589209067805,3.539391002504999e-13,1.0734661652937095e-12,False
B3GALT6,-0.27078023478868607,-8.044838973161285,6.8833827526759706e-15,2.3896831201951327e-14,False
B3GAT1,0.16958811672121454,7.241073842385292,1.7910117833253025e-12,5.147371440150738e-12,False
B3GAT3,-0.363961393242882,-10.242533705947926,0.0,0.0,True
B3GNT1,0.25350302119190493,8.732684685683608,0.0,0.0,False
B3GNT2,-0.3543683754818572,-3.1818313715901567,0.0015587118912139264,0.002195500400451604,True
B3GNT3,0.324876031105537,11.390297833087196,0.0,0.0,True
B3GNT5,-0.23437833896677152,-1.695861863117885,0.09056309616817515,0.10612373395332753,False
B3GNT6,0.28257241004021516,9.149834785184368,0.0,0.0,False
B3GNT8,-0.5225586036749847,-8.12233567307894,3.9968028886505635e-15,1.4152835067434934e-14,True
B3GNTL1,-0.33077466235018793,-5.894566701070029,7.102907595424313e-09,1.554891535379944e-08,True
B4GALNT1,0.31093111720019007,12.289862315030225,0.0,0.0,True
B4GALT1,-0.18153421071167397,-6.788481719744729,3.3689273593040525e-11,8.797704432514935e-11,False
B4GALT2,0.3786543185496831,14.449325190000735,0.0,0.0,True
B4GALT3,1.271333516317549,18.169785848261984,0.0,0.0,True
B4GALT4,-0.11952275535956414,-2.1013466265911585,0.03613338280681844,0.044166005576373256,False
B4GALT5,-0.4163962248547062,-10.189624728941423,0.0,0.0,True
B9D1,0.2795093718407884,10.776603891758086,0.0,0.0,False
B9D2,-0.3062035718098417,-7.259359307939261,1.5858425683745736e-12,4.5702578296489145e-12,True
BACE1,0.10177894703446277,4.639838656868843,4.508454467311296e-06,7.935954616283438e-06,False
BACE2,0.6225052327257776,12.284129907228023,0.0,0.0,True
BACH1,-0.3618423852713004,-10.123870387766287,0.0,0.0,True
BACH2,-0.056894853958758596,-1.1644910471666512,0.24480584147288798,0.2720353548066946,False
BAD,-0.08924865524242342,-2.2854023408503403,0.022726201970566517,0.028399123508239935,False
BAG1,1.2723145035150525,17.896359906165056,0.0,0.0,True
BAG3,-0.03505225035878912,-0.5961485625718563,0.5513581369133678,0.5802735842032968,False
BAG4,-0.2667199495415322,-5.112806705237825,4.6000414966052006e-07,8.746760977120387e-07,False
BAG5,-0.48368629191235346,-12.15076147764025,0.0,0.0,True
BAGE,0.13062444844004917,4.458523512944673,1.0294547039491064e-05,1.7544442572554752e-05,False
BAGE2,-0.2305945651016721,-8.062474533500847,5.995204332975845e-15,2.092055701652492e-14,False
BAHD1,0.14167582507691456,4.481559599417335,9.283560876260921e-06,1.5884928362098864e-05,False
BAI1,0.27125370394886916,9.414685562836393,0.0,0.0,False
BAIAP2,0.22352936111336952,11.199419158671759,0.0,0.0,False
BAIAP2L2,0.35163046301340506,11.979887893681902,0.0,0.0,True
BAIAP3,0.15622014229702685,4.282443737707386,2.2352504290390485e-05,3.705259705295841e-05,False
BAK1,-0.3407461284209945,-7.530947865862829,2.533528942194607e-13,7.76989347314688e-13,True
BAMBI,-0.021188238175224416,-0.5264595714797979,0.5988130936012461,0.627408406875819,False
BANF1,0.13318428414136996,4.929488021477793,1.138908019227003e-06,2.095030577048203e-06,False
BANK1,0.012513082231341066,0.18354276336379172,0.8544499873719291,0.868856762406184,False
BANP,-0.3227144196516547,-8.258757055150612,1.5543122344752192e-15,5.7274864455918265e-15,True
BARD1,-0.28642360166260517,-3.66311008266583,0.0002770201927200233,0.00041728724989433094,False
BASP1,-0.5446013441823183,-10.425230758101836,0.0,0.0,True
BAT1,-0.42464843616388137,-14.80005937742634,0.0,0.0,True
BAT2,-0.17264518242981985,-5.377289875371835,1.1850689962678018e-07,2.3654149658653283e-07,False
BAT2L1,-0.19268326956665893,-7.1036568366719495,4.4335646265381e-12,1.2309045778041065e-11,False
BAT2L2,-0.6063516124757449,-15.613114756465107,0.0,0.0,True
BAT3,0.9541037700279213,17.016132208452888,0.0,0.0,True
BAT4,-0.37982450709479476,-12.082649388401272,0.0,0.0,True
BAT5,-0.22822895216231665,-6.813328796701454,2.878675076090076e-11,7.545396116788559e-11,False
BATF,-0.546979612034515,-6.344250825834213,5.189857432696954e-10,1.2413199287216822e-09,True
BATF2,-0.3301812993895945,-3.4945807579609225,0.0005189959951306111,0.0007656653263203777,True
BATF3,-0.058639872219106604,-1.0578449112296895,0.29066037443292436,0.3196903325783305,False
BAX,-0.43757955772098445,-11.571958941578076,0.0,0.0,True
BAZ1A,-0.4384618996321539,-6.603184411107752,1.073068300883051e-10,2.697659047986003e-10,True
BAZ1B,-0.1963088229477119,-5.958688855251173,4.937947384320296e-09,1.096591785617611e-08,False
BAZ2A,-0.5410397999991154,-12.93171660977989,0.0,0.0,True
BAZ2B,-0.5822446068157436,-8.996947474526246,0.0,0.0,True
BBC3,0.10338664073495796,2.397904515320262,0.016871678203675744,0.021380072742369735,False
BBS1,0.1506629165245328,8.604854807448909,0.0,0.0,False
BBS10,-0.10788606436522974,-2.545214651368484,0.011234132359001947,0.014512276622557298,False
BBS2,-0.057941222814928306,-1.6427258886924347,0.10109719238547199,0.117725289030353,False
BBS4,-0.2551421425139293,-7.289638067658437,1.2958523143424827e-12,3.761825304665085e-12,False
BBX,-0.5992018280071498,-11.92973652481745,0.0,0.0,True
BCAM,0.38036081810237077,11.221730410023113,0.0,0.0,True
BCAP29,-0.11752944044598346,-2.236785400174349,0.025760674365865377,0.03198633265284071,False
BCAP31,-0.34902319430192463,-8.233203070181425,1.7763568394002505e-15,6.487588596401866e-15,True
BCAR1,0.2742974672480716,13.016432611495132,0.0,0.0,False
BCAS1,1.0810994307371216,13.718560843614274,0.0,0.0,True
BCAS2,-0.3615365504025414,-7.706834041125015,7.527312106958561e-14,2.4018589518020963e-13,True
BCAS3,-0.07411461896971883,-2.3194309986293193,0.020792171863346365,0.026095557604476658,False
BCAS4,0.23592655617552394,7.954059948950338,1.3100631690576847e-14,4.444953650773334e-14,False
BCAT1,-0.1204368346587632,-2.2339557907959713,0.025947636857541312,0.03221153453626666,False
BCAT2,-0.09204838292144757,-2.3887049907083373,0.017294826004009112,0.021889803399646298,False
BCCIP,-0.09464455394714433,-2.935714165781782,0.0034881446657399895,0.004742114765096062,False
BCDIN3D,-0.10306138936579767,-3.169798532291106,0.0016233143795245653,0.0022823090855295333,False
BCKDHA,-0.16820601775198663,-5.185615654048303,3.184723784688259e-07,6.137666601275565e-07,False
BCKDHB,-0.10146288429436234,-2.801310357236384,0.005295942101603446,0.007067186870756499,False
BCKDK,-0.2976930613918274,-7.119315975702771,4.001243780749064e-12,1.1165292420166781e-11,False
BCL10,-0.4055366110798624,-9.8849766582447,0.0,0.0,True
BCL11A,0.07979762401878965,1.8354465421472306,0.06706055571280123,0.07964434903142154,False
BCL11B,-0.2253762359885383,-2.0917402478855287,0.03698880895336143,0.045158886097908885,False
BCL2,0.14041443741195625,4.318585824084375,1.9104697089433742e-05,3.1833792242613524e-05,False
BCL2A1,-0.22126818745537413,-1.7029960559825907,0.08921877088208707,0.10462292800476036,False
BCL2L1,1.6823195861525049,21.93513389797784,0.0,0.0,True
BCL2L11,-0.26185612439333816,-8.0494840739081,6.661338147750939e-15,2.3146894155035618e-14,False
BCL2L12,-0.26069521933697803,-4.758069725109712,2.592834019043977e-06,4.638430667086127e-06,False
BCL2L13,0.4753944432175663,16.986046320481314,0.0,0.0,True
BCL2L15,0.10129184591287288,2.0510748670432895,0.04080413185518572,0.0495804635907051,False
BCL2L2,0.07340678045934856,2.057522453482781,0.04017775926625644,0.048845130236201365,False
BCL3,-0.013579530052724387,-0.3683421912191559,0.7127811418344023,0.7361719692271569,False
BCL6,-0.47535615391096364,-7.555817052081596,2.1360690993788012e-13,6.587785798057406e-13,True
BCL7A,0.1279545494632135,3.1739237120510153,0.0016008935178664085,0.002251885753120425,False
BCL7B,-0.3007412456832581,-7.128430609413441,3.768763079392556e-12,1.0547225926025961e-11,True
BCL7C,-0.03732605849445436,-0.9772962724150004,0.3289167691561832,0.35878714620360547,False
BCL9L,0.00529339740079493,0.13777867492203413,0.8904733485077676,0.9021427002164445,False
BCLAF1,-0.336296493149439,-9.197054986437964,0.0,0.0,True
BCMO1,0.4371269548707972,13.796949306220263,0.0,0.0,True
BCOR,-0.06412560896253572,-2.3973323240032562,0.01689772876952378,0.02141072903928549,False
BCORL1,-0.3280145058174604,-8.566754135094321,2.220446049250313e-16,8.732440437457957e-16,True
BCR,-0.20448203121313213,-4.27350457052957,2.3233611779360785e-05,3.846334781351781e-05,False
BCS1L,0.05323552538049059,1.401098778777427,0.16183333151136448,0.18400534455427967,False
BDH2,-0.0354015269717487,-0.7097906083953288,0.47818004367979494,0.5083376844781778,False
BDP1,-0.1265365481640246,-1.7516937821594318,0.08046768046517183,0.0947854802411611,False
BECN1,0.11702943750595196,3.814164526840748,0.00015454991190821943,0.00023828944388579567,False
BEND2,0.5410555666619947,7.350135335750854,8.639755577632968e-13,2.541403077087696e-12,True
BEND3,-0.19957884643020263,-6.385502825603062,4.0510039767127637e-10,9.756118504652797e-10,False
BEND7,-0.08295749762012017,-1.6911012238476204,0.09146922206463026,0.10712016764563602,False
BEST1,-0.25075661064844157,-7.109419192456674,4.269251618893577e-12,1.1878625458462586e-11,False
BET1,-0.15207113320446908,-3.0990828816684757,0.0020556271274767557,0.002859409356527563,False
BET1L,-0.19068109931180643,-4.361101757333465,1.5860403588030536e-05,2.660104672838144e-05,False
BEX1,0.1848531329597205,1.4715412776529544,0.14180273086026451,0.1622071158668706,False
BEX2,-0.049933373029844574,-1.257148162545063,0.20931381014474848,0.23473995434061068,False
BEX4,-0.08694172749224816,-1.13647981757225,0.2563251612451456,0.2840413210565495,False
BFAR,-0.3000293083889902,-9.716869072994704,0.0,0.0,True
BGN,0.2616222399440389,9.747989534035844,0.0,0.0,False
BHLHE40,-0.030803503678848987,-0.5860612184849104,0.5581109592827427,0.5870587288811902,False
BICD2,-0.39601647312021093,-8.814823514741366,0.0,0.0,True
BID,-0.5132836218128203,-9.412044090538897,0.0,0.0,True
BIK,-0.09887219114749035,-2.098458715665996,0.03638874817992255,0.044468702555116466,False
BIN1,-0.14485753860564543,-2.482209863948448,0.013399339569335922,0.017145855643099367,False
BIN2,-0.3765751670106958,-8.8256616662896,0.0,0.0,True
BIN3,-0.5146176680643055,-13.512752882927016,0.0,0.0,True
BIRC2,0.8205573174594836,12.608811105410373,0.0,0.0,True
BIRC3,-0.09144725450493407,-1.02909825911959,0.30395387578882027,0.33307122290824015,False
BIRC5,0.0612712549474681,1.554813827703311,0.12065214079802145,0.13932751978470267,False
BIRC6,-0.4019350855291344,-12.435015903190083,0.0,0.0,True
BIRC7,0.27228947930781855,10.840437643993482,0.0,0.0,False
BLCAP,-0.16406047266581414,-4.7667580068017985,2.4884002030045593e-06,4.457226238062344e-06,False
BLK,-0.013249310201445041,-0.2602129757660446,0.7948115299401726,0.8134548212688448,False
BLM,-0.22652710022439093,-2.1683329430312273,0.030625885369002015,0.0377304356754582,False
BLMH,-0.2729870436074573,-5.940516941747453,5.47561174180089e-09,1.212020977206081e-08,False
BLNK,-0.1010460045519812,-1.2665915113161141,0.20591813977416673,0.23102864050439528,False
BLOC1S1,-0.40363548132160965,-5.921761956589403,6.090349113918592e-09,1.3398535416964907e-08,True
BLOC1S2,-0.22498296151199693,-2.9956244550889606,0.002881058371110745,0.003950822782955318,False
BLOC1S3,-0.09284248187469313,-3.536975846154039,0.00044420314798032656,0.0006583602755513872,False
BLVRA,-0.6372762588594876,-9.176304621148335,0.0,0.0,True
BLVRB,1.3266663195375283,16.623124074500453,0.0,0.0,True
BLZF1,-0.299122011452869,-7.603086814275971,1.5432100042289676e-13,4.816102963617848e-13,False
BMF,0.13773561758149944,7.469943315428217,3.843592111252292e-13,1.1626664267204608e-12,False
BMI1,0.09951928053624126,1.9073631024841318,0.05707257000240373,0.06843124116349418,False
BMP1,0.15917135642085878,5.18742817914461,3.1555312718367645e-07,6.083441794190409e-07,False
BMP2,-0.15488128974438853,-3.699585077500339,0.00024104384750756047,0.0003649078826967524,False
BMP2K,0.6796870980130549,13.786841026560236,0.0,0.0,True
BMP6,0.3639043112410496,5.523967331351041,5.4515993719306266e-08,1.1179806509750559e-07,True
BMP8B,0.26400448089463824,7.165710316197333,2.949196442614266e-12,8.322340475863235e-12,False
BMPR2,-0.3411839491775317,-8.06922175065448,5.773159728050814e-15,2.017628243550283e-14,True
BMS1,0.06703538201490034,2.241318947528099,0.025463562728501365,0.031634467112770404,False
BMX,-0.42501932923410557,-3.5433222260028647,0.0004339169137645982,0.0006438604830161543,True
BNIP1,0.07194113165127547,2.4312288373133755,0.015414214420555128,0.01961514979124774,False
BNIP2,-0.1848543471249089,-1.886521788516183,0.05983045037406742,0.07158896414863225,False
BNIP3,0.016604793944984042,0.23790732126360487,0.8120549065621496,0.829922852336918,False
BNIP3L,1.4528989910447478,22.9147864508947,0.0,0.0,True
BNIPL,0.1903700697639512,6.94633264150607,1.2310596986253586e-11,3.313218847772315e-11,False
BOC,0.3077064005272687,9.366036030032745,0.0,0.0,True
BOD1,0.0773692720864334,1.8711608334159715,0.061933362491394695,0.07392853912314772,False
BOD1L,-0.6136436864725017,-9.664052758871074,0.0,0.0,True
BOK,0.36296519668663185,11.746328010984342,0.0,0.0,True
BOLA1,-0.2736789307220331,-6.631325867960922,9.014100577076078e-11,2.2815518467883839e-10,False
BOLA2,-0.14475304208774276,-2.6497846907081724,0.008321148074177387,0.01091576183423862,False
BOLA3,0.33267136620592064,5.277759197913235,1.9874317236379113e-07,3.891420367938994e-07,True
BOP1,0.6056835196082666,12.684470574710376,0.0,0.0,True
BPGM,3.097425156456729,23.889004663610127,0.0,0.0,True
BPI,0.15921816557001822,0.9154087182172427,0.36043859994801175,0.3905825242522246,False
BPNT1,-0.172596666087514,-5.127526303325359,4.2719780224409476e-07,8.141779424304646e-07,False
BPTF,-0.629993370855467,-13.83044305115178,0.0,0.0,True
BRAF,0.6731084908152352,17.001387785974437,0.0,0.0,True
BRAP,-0.17128986617125008,-6.126461454656897,1.878854849479694e-09,4.30611400938253e-09,False
BRCA1,-0.1260169178341295,-4.54293750910202,7.033239840525951e-06,1.217312994321418e-05,False
BRCC3,-0.13984642009712056,-4.749476085759418,2.7002744662496525e-06,4.82464116282453e-06,False
BRD1,-0.06181390273995646,-1.6813323470271448,0.09335148932350212,0.10920237691859663,False
BRD2,-0.3881214331895668,-13.230142986848438,0.0,0.0,True
BRD3,-0.31522911801210274,-7.51716942325744,2.7844393457598926e-13,8.518979236071236e-13,True
BRD4,0.3451031097092514,10.050574999795735,0.0,0.0,True
BRD7,-0.3805326850656918,-9.084819052349042,0.0,0.0,True
BRD8,-0.47966934958020246,-10.63638323531957,0.0,0.0,True
BRD9,0.08429136534621406,3.1116121835541835,0.001972033000040563,0.0027477740567881026,False
BRE,-0.5525723659913915,-10.463280008328072,0.0,0.0,True
BRF1,0.36150710829981003,12.224545316185187,0.0,0.0,True
BRF2,-0.3024163092779668,-7.7943754745803755,4.085620730620576e-14,1.3298181745130947e-13,True
BRI3,-0.5748014585316117,-13.928226224544938,0.0,0.0,True
BRI3BP,-0.19349926302672182,-5.468558976026406,7.324710127321055e-08,1.489905279120806e-07,False
BRIX1,-0.20510498912899155,-4.568438960656846,6.261253103989617e-06,1.0889834592308078e-05,False
BRMS1,-0.4763490939713355,-13.223614138569019,0.0,0.0,True
BRP44,0.5086087142012765,9.362683014772614,0.0,0.0,True
BRP44L,-0.2186337184033702,-3.4849920406710004,0.0005374716832149407,0.0007917054116308058,False
BRPF1,-0.25335007564876344,-7.420059934639313,5.39124300757976e-13,1.6113577634746044e-12,False
BRPF3,0.04828111431855264,1.5428525382097218,0.12352820890276162,0.1423775703773175,False
BRSK1,-0.17399143616987534,-5.130152931578501,4.2158682656001645e-07,8.040163336332499e-07,False
BRSK2,0.25593800674620093,8.127656383572019,3.774758283725532e-15,1.3407783123723221e-14,False
BRWD1,-0.0404060412855789,-1.4136991325030581,0.15810108661537203,0.18001051860457354,False
BRWD3,-0.21188921432750396,-6.548677101432716,1.5015255705463915e-10,3.734846263684708e-10,False
BSCL2,0.04721932898227266,0.737546541266329,0.46115189302144644,0.4916250491174494,False
BSDC1,-0.061010582033468985,-2.676516022468395,0.007694770135914242,0.010133309385571757,False
BSG,1.1846626959795667,18.133615582575295,0.0,0.0,True
BST1,-0.35340044130077963,-5.013574732328946,7.540085276147579e-07,1.4054084513906789e-06,True
BST2,-0.5206069393901531,-5.555066308099446,4.613873239023292e-08,9.501796933838755e-08,True
BTAF1,-0.2475253327440532,-3.8280541135046002,0.00014633075603120993,0.00022616181117986143,False
BTBD1,-0.18006645322368087,-3.154524057256889,0.001708880962916437,0.0023947201717560143,False
BTBD10,-0.3508499064469204,-5.702822848562848,2.0665462896474196e-08,4.378874671302603e-08,True
BTBD11,0.05903000192708108,1.3590950027493165,0.17475728156584935,0.19782125848634227,False
BTBD12,-0.257115749391013,-6.2251852424249785,1.0533245387023271e-09,2.455625452603138e-09,False
BTBD19,0.07464526339749789,2.5208465425435786,0.012031565033381542,0.015486825077608892,False
BTBD2,0.33744079301375507,10.199053934085608,0.0,0.0,True
BTBD3,-0.1580264070980042,-2.81416186965531,0.005092124325814407,0.006810982362872289,False
BTBD6,-0.089303345405356,-1.4751780268662202,0.14082294984531685,0.16110234971379528,False
BTBD7,-0.5072851068648747,-14.768427205842436,0.0,0.0,True
BTD,0.021554212427145725,0.744195875876099,0.45712360979324007,0.4876916607583896,False
BTF3,0.6050162727520405,17.213651545591034,0.0,0.0,True
BTF3L4,-0.04204827805111666,-1.2732704662550367,0.20354085448443437,0.22858409893791554,False
BTG1,-0.48338309811567726,-9.239423914533578,0.0,0.0,True
BTG2,-0.16125499793127673,-2.6018415432332405,0.009560106164274718,0.01244748083036967,False
BTG3,0.2182065484867053,3.6713043626785975,0.00026852350526862523,0.00040491193313120754,False
BTK,-0.4746388188515622,-10.417826753532717,0.0,0.0,True
BTLA,-0.022489783501745908,-0.49777966789404166,0.6188682354502308,0.6468913978358629,False
BTN2A1,-0.29351654167928576,-5.584509956882734,3.936913950397525e-08,8.156351042199476e-08,False
BTN2A2,-0.13935462145406508,-2.8127439990376697,0.005114256577005927,0.006838997157015471,False
BTN2A3,0.4336811211440379,12.139549587395775,0.0,0.0,True
BTN3A1,-0.27239014463682176,-4.043580333018339,6.135391955863767e-05,9.783553179292808e-05,False
BTN3A2,-0.5576398726813538,-5.157647404601729,3.6697434868671053e-07,7.037085937276875e-07,True
BTN3A3,-0.4637847724374722,-5.697880600978966,2.1234108027456955e-08,4.494591884753338e-08,True
BTNL3,-0.12296253213953934,-1.079674263789732,0.280831655670833,0.309352571643141,False
BTNL8,-0.1730335509850187,-2.349912767274364,0.019183532583506135,0.02415556535083157,False
BTNL9,0.2300042363227881,7.408737657627389,5.819789095085071e-13,1.733595825867208e-12,False
BTRC,-0.05424893756896765,-2.3760741554134484,0.017891001707661003,0.022592243879691633,False
BUB1,-0.09533936183250358,-1.324867129054465,0.18584813212676488,0.20967528246505432,False
BUB3,-0.14115860022708393,-3.442080827566666,0.0006279370104640414,0.0009189691809852996,False
BUD13,-0.41491293122430273,-10.286751207269337,0.0,0.0,True
BUD31,-0.1866193168031165,-6.437997946191471,2.9501268095089017e-10,7.185982389243611e-10,False
BZRAP1,0.13516738471859835,5.739954107302183,1.6842532035710178e-08,3.588774075459592e-08,False
BZW1,-0.24339675553292217,-3.711938552426891,0.000229890606971761,0.0003487567366927058,False
BZW2,-0.06801536513447459,-1.5970047715070992,0.11092539267462764,0.12859798693830876,False
C10orf10,0.26987648195140146,7.510062066988974,2.922107000813412e-13,8.925948168223201e-13,False
C10orf11,-0.10631922568373886,-2.6740819144881924,0.007750000012226144,0.01020254287323805,False
C10orf118,-0.34465881281811983,-7.98246728342929,1.0658141036401503e-14,3.647389382005612e-14,True
C10orf119,-0.4482989132720201,-7.779748591260916,4.5075054799781356e-14,1.4617667686899815e-13,True
C10orf122,0.21307682475227097,7.259649043904472,1.5827339439056232e-12,4.562440515477696e-12,False
C10orf125,-0.07054849440918476,-2.4170522806697496,0.01602007225018709,0.020354679558185703,False
C10orf128,0.06011083356763658,1.2095578181234667,0.22704640423375166,0.2532533679063218,False
C10orf137,-0.4163862299604939,-8.527127109844557,2.220446049250313e-16,8.732440437457957e-16,True
C10orf18,-0.2251950065831143,-5.410240493437529,9.968753311717649e-08,2.0029664991745265e-07,False
C10orf2,-0.0267116527888831,-0.8878250380977865,0.37508132148369766,0.4052243961911141,False
C10orf26,-0.28049649601982285,-11.611278585699866,0.0,0.0,False
C10orf27,0.19585173557101987,7.063916865877627,5.7480686876942855e-12,1.5843982582807005e-11,False
C10orf28,-0.4236721472318896,-11.103441256395936,0.0,0.0,True
C10orf32,-0.2408996383975186,-6.359478698218345,4.736999681398402e-10,1.1360711915475368e-09,False
C10orf4,-0.1439230253278967,-3.271148063646606,0.0011485234951154055,0.001637559368762762,False
C10orf46,-0.4378729072635634,-12.188245345867717,0.0,0.0,True
C10orf47,0.06855557567869619,1.4626807278574838,0.14421184791091424,0.1648319384883728,False
C10orf54,-0.6896117897277101,-14.131703230512818,0.0,0.0,True
C10orf57,-0.09928967778052122,-2.464642498756574,0.014065599050120614,0.01796447892874369,False
C10orf58,-0.05452763275261985,-1.9107371508168345,0.05663622518310474,0.0679292667517892,False
C10orf76,-0.3025129131462534,-7.5108753535264,2.90656387846866e-13,8.880824752275993e-13,True
C10orf78,-0.07300517723727218,-1.8913686421638098,0.05917937650862726,0.070876194427415,False
C10orf84,-0.03645114454394749,-0.8125389601191343,0.41688686936165653,0.44754145835758824,False
C10orf95,0.2628095196629343,6.637516424008294,8.674327922619796e-11,2.1970005132070675e-10,False
C11orf1,0.03099471787313357,0.9159847904118597,0.3601366807384534,0.39032879426291345,False
C11orf10,-0.2647109131021965,-8.202554110747341,2.220446049250313e-15,8.040653266681659e-15,False
C11orf17,-0.1286643228614377,-5.007151020346884,7.783024640328762e-07,1.4485807211495719e-06,False
C11orf2,0.1609454057017965,2.717776939983236,0.006810876128245713,0.00900430186173102,False
C11orf21,-0.09085295880415778,-2.570746526580308,0.010449454019297644,0.013550383023546709,False
C11orf24,0.3077031597846256,9.69278235165298,0.0,0.0,True
C11orf30,-0.33233152666997956,-12.91202903131439,0.0,0.0,True
C11orf31,-0.27668580928849984,-5.027022994906327,7.054986161936228e-07,1.3186173227217817e-06,False
C11orf35,0.18027989988498794,5.7784766069502265,1.360638712810669e-08,2.921923440131636e-08,False
C11orf46,-0.16098500415091443,-3.604283033300358,0.0003458574948342896,0.0005168568348464169,False
C11orf48,-0.4020767038976931,-8.73579334074653,0.0,0.0,True
C11orf49,0.09161268075652806,3.317266199212842,0.0009783139866827995,0.0014037367728698513,False
C11orf51,-0.20294864132436086,-3.450552601568868,0.0006090218904739597,0.0008925347527187713,False
C11orf54,-0.3827805072851209,-7.16712964624335,2.921662911603562e-12,8.24868506832388e-12,True
C11orf57,0.020926319049027864,0.6886774038949384,0.4913603613671582,0.5211767958184435,False
C11orf58,0.3803428347867053,6.465806008943049,2.4918489494041296e-10,6.101957493236856e-10,True
C11orf59,-0.18678991462915207,-4.4270632800602225,1.184686063293583e-05,2.007413763324328e-05,False
C11orf61,-0.16147483787719308,-4.6185016568164805,4.975608830504186e-06,8.724925881957332e-06,False
C11orf67,-0.07934520258468636,-2.0499663187631634,0.04091265765763752,0.04970184597746537,False
C11orf68,-0.011726813107304945,-0.3404356492041968,0.7336780164471284,0.7557218162795736,False
C11orf71,-0.009327525852752316,-0.19756160384033547,0.8434720493528323,0.8591347189402488,False
C11orf73,-0.29519412826574065,-5.086092231488722,5.258754331993742e-07,9.943465389073527e-07,False
C11orf74,0.367937655935902,10.321476401302377,0.0,0.0,True
C11orf75,-0.5529064523737661,-6.389334478856486,3.958591232589015e-10,9.543535455879628e-10,True
C11orf82,-0.23190818666566226,-2.587448425411983,0.009962985453228157,0.01294862117067981,False
C11orf83,-0.1288317725855599,-3.158661314652449,0.001685302445244563,0.0023636915702876077,False
C11orf85,0.12090244893627178,4.4538665352499125,1.0511366221876983e-05,1.7892777820275007e-05,False
C11orf86,0.3648228205932238,11.180605485439445,0.0,0.0,True
C11orf87,0.3144328996259276,9.659875362559443,0.0,0.0,True
C11orf90,-0.0730637266649854,-2.345721397210861,0.019398048846283267,0.02441767289480242,False
C12orf10,0.3821309346969488,10.441250556071688,0.0,0.0,True
C12orf11,-0.13060866621304879,-2.857342901993586,0.00445832627653342,0.006007189189307341,False
C12orf23,0.05535471474246778,1.112390875824107,0.26652917909362195,0.2946683572300059,False
C12orf24,-0.07618078908263426,-2.0967413430731554,0.0365413382962978,0.04464096678704575,False
C12orf26,-0.1560702964417522,-5.180775339292169,3.263969523548127e-07,6.283032242939651e-07,False
C12orf29,0.5182368637973429,10.268351409240866,0.0,0.0,True
C12orf32,0.10031149829886044,2.397035780625497,0.0169112436411174,0.021425496645625975,False
C12orf35,-0.26341542654528904,-2.836850425041368,0.004749584545473029,0.006380229082134556,False
C12orf39,0.30046173066511717,5.21416239400244,2.753908578956299e-07,5.33416393492477e-07,True
C12orf4,-0.09621172568058478,-2.1726154681991217,0.030299808066704292,0.03736468141744639,False
C12orf41,-0.4043056580729618,-6.32724741012087,5.745675046853194e-10,1.3674469186921888e-09,True
C12orf43,-0.15921481871137821,-4.814693225299178,1.981178499921299e-06,3.5814807188627497e-06,False
C12orf44,-0.12574151251635168,-3.2841670253351367,0.001097883189610016,0.0015688520606770594,False
C12orf45,-0.15715522061557952,-3.9561361695552444,8.771760300185782e-05,0.0001380353919369399,False
C12orf5,-0.3980650617969381,-9.036878586678835,0.0,0.0,True
C12orf51,0.2907940673115781,12.511737779661804,0.0,0.0,False
C12orf52,-0.0915119037953005,-2.4230547533951015,0.01576102929560097,0.020036562902110977,False
C12orf53,0.3684033799607893,10.784427293621208,0.0,0.0,True
C12orf57,-0.2678333274478213,-2.9035423041444406,0.0038603514490169744,0.005226538356984782,False
C12orf62,-0.3858155710014861,-8.083605666797755,5.10702591327572e-15,1.7929848063097536e-14,True
C12orf65,-0.12150264849954118,-3.4602480830900326,0.000588027756553533,0.0008628651882471524,False
C12orf75,0.3676390245348875,4.82548924388906,1.8815392837101541e-06,3.408311213879111e-06,True
C12orf76,-0.07278295761955222,-1.084502327662226,0.27868874177213687,0.3071388840866097,False
C13orf15,1.7273548667544318,16.547930541127865,0.0,0.0,True
C13orf18,-0.586888996670833,-6.290988327004421,7.132594515013579e-10,1.684995000378208e-09,True
C13orf23,-0.4289675405309432,-5.903392933772244,6.75749256551228e-09,1.4818114765302865e-08,True
C13orf27,-0.02415425566902396,-0.7196254006472684,0.47210731097865954,0.5026995854282843,False
C13orf31,-0.12566991058990418,-3.1876598958756603,0.0015282807944190235,0.002154755702880703,False
C13orf34,-0.03339433515806434,-1.1142965322646252,0.26571187779163186,0.29379296604739946,False
C13orf37,-0.003849428673194044,-0.10039148577870302,0.9200756152012923,0.9282956128145472,False
C14orf1,-0.1851333763062608,-4.0623286704336765,5.677895288513923e-05,9.080060506510049e-05,False
C14orf101,-0.517992064451672,-8.154839398919517,3.1086244689504383e-15,1.1144800889461594e-14,True
C14orf102,-0.41100228257051796,-11.43451557330379,0.0,0.0,True
C14orf106,-0.38415123036540333,-5.188292228011507,3.1417062928973394e-07,6.058817141785443e-07,True
C14orf109,-0.545761483136276,-8.224173293568757,1.7763568394002505e-15,6.487588596401866e-15,True
C14orf118,-0.6739560322854334,-11.452167411487142,0.0,0.0,True
C14orf119,-0.10319624337448463,-3.0016174822482338,0.002825987224524651,0.0038799221500952865,False
C14orf126,0.03154779825078613,0.9408666862333884,0.34724834233309765,0.37723452044069017,False
C14orf129,-0.13558590758717415,-1.2360392144758479,0.21705095431500498,0.24266814935014483,False
C14orf135,-0.16453518551422697,-3.9652100998571536,8.454921733869192e-05,0.00013323152319075134,False
C14orf138,-0.34617773596537393,-4.345345595740424,1.6995945288700298e-05,2.8431062123226654e-05,True
C14orf139,-0.3584460607386042,-5.642107284149484,2.8806509400070013e-08,6.034227710118322e-08,True
C14orf142,-0.14649817716284508,-2.15706417590877,0.03149838366035418,0.03875145587777633,False
C14orf143,-0.034475402968146884,-1.030350731337005,0.30336637744874695,0.3324907042656628,False
C14orf147,-0.3148840235762931,-4.388427747057703,1.4060962952644473e-05,2.367956611864206e-05,True
C14orf153,0.37676301810739243,8.043614423786016,6.8833827526759706e-15,2.3896831201951327e-14,True
C14orf156,-0.31278067358071215,-3.8770725894353624,0.00012050402731644816,0.00018773138905303847,True
C14orf159,-0.5575420337738679,-6.151929983493672,1.6194421359472244e-09,3.727888482009608e-09,True
C14orf166,-0.19022597311665823,-4.470910190666715,9.73850373253704e-06,1.6636189306702382e-05,False
C14orf169,-0.1041127520218752,-3.083176042454498,0.00216645288098416,0.003008120869823594,False
C14orf180,0.29174481807750396,11.459323779185597,0.0,0.0,False
C14orf181,-0.18072661491592434,-4.956930970604287,9.96117045959366e-07,1.839710157512576e-06,False
C14orf2,-0.14163480983941135,-3.058251984023575,0.002351196748503037,0.003256003287569907,False
C14orf21,0.20214697370993928,5.75630533511108,1.538639815557019e-08,3.2882359991468094e-08,False
C14orf28,-0.05816649770220872,-1.5084827056187644,0.13209158901959928,0.15145958729014175,False
C14orf37,0.27248112147956505,10.704567942123978,0.0,0.0,False
C14orf4,-0.6337227128163478,-7.891590779793498,2.042810365310288e-14,6.814692324937506e-14,True
C14orf43,-0.3875727654989518,-5.081807266908448,5.37256719335133e-07,1.015200155843405e-06,True
C14orf45,1.77049453804003,27.08151924792082,0.0,0.0,True
C14orf68,0.2241250811616382,9.838549033552459,0.0,0.0,False
C14orf80,0.26878688145428464,7.8695606796814825,2.398081733190338e-14,7.956078192574742e-14,False
C14orf93,-0.3566474832462587,-11.188269292417848,0.0,0.0,True
C15orf17,-0.18192583470474144,-5.090859549447828,5.134870235679045e-07,9.72518419019844e-07,False
C15orf23,-0.18163280044491703,-3.0366271736909365,0.002523094651558422,0.0034831648239814794,False
C15orf24,-0.47085985359245797,-11.828213189815123,0.0,0.0,True
C15orf26,0.3314136691835432,10.773740822028488,0.0,0.0,True
C15orf29,-0.2937434464746249,-4.173143618076024,3.569463480346258e-05,5.812308565490534e-05,False
C15orf37,-0.4193312386116492,-6.141782202556199,1.718312159226798e-09,3.947594288419124e-09,True
C15orf39,-0.4550674623795361,-9.619709811721439,0.0,0.0,True
C15orf40,-0.17221798453800963,-7.774984476780299,4.6629367034256575e-14,1.5100468902659587e-13,False
C15orf44,-0.15876791877550067,-5.376017053393393,1.1929908483310214e-07,2.3799898825640867e-07,False
C15orf48,0.07905591315712623,0.8613435046052235,0.3894806854357844,0.4198416634414,False
C15orf5,-0.2482173319860932,-4.8084120544411775,2.041468675217928e-06,3.685265267173689e-06,False
C15orf52,-0.007941437453169886,-0.2655717674327088,0.7906835130169931,0.8098055825058009,False
C15orf57,-0.0792688174347651,-2.50871306420135,0.012447090485907086,0.015991304406330998,False
C15orf58,0.2668454047731208,9.294698380081881,0.0,0.0,False
C15orf61,0.34434253074100596,8.349910010195357,6.661338147750939e-16,2.5382717209375807e-15,True
C15orf63,-0.28431735909781874,-8.663483466207987,0.0,0.0,False
C16orf13,-0.08929329535914743,-1.869493712057951,0.06216523795305129,0.0741678023662342,False
C16orf42,0.08610929781669796,2.243410945823521,0.02532746691795884,0.03147557357082403,False
C16orf45,0.0021497957870497686,0.06844184904754265,0.9454625253266249,0.9513262429452649,False
C16orf5,0.2644765249484382,8.92529557779006,0.0,0.0,False
C16orf53,-0.3578536487298911,-12.57943742699078,0.0,0.0,True
C16orf54,-0.36772066267908965,-8.875493150847708,0.0,0.0,True
C16orf55,0.43743055845404477,11.658181613443471,0.0,0.0,True
C16orf57,-0.08600343223124529,-3.3680863636955,0.0008180568416871203,0.0011845627604517837,False
C16orf58,0.07894218438708478,1.9739002449589949,0.04896837994298786,0.05906458309563111,False
C16orf59,0.3911465900219695,16.21716321032756,0.0,0.0,True
C16orf61,0.20997559002755173,2.90432195770381,0.0038509191702946755,0.005214380853723329,False
C16orf62,-0.20824596461585143,-6.41108878632838,3.471760656736933e-10,8.408580951419834e-10,False
C16orf63,0.17640459388569818,4.156058904749228,3.83688154392825e-05,6.227566366705581e-05,False
C16orf68,0.3504484199892377,7.570308676945714,1.9340085088970227e-13,5.982235234689796e-13,True
C16orf7,-0.3734061053906208,-6.0221348232757075,3.435243867144777e-09,7.730137547497693e-09,True
C16orf70,-0.2250227250352803,-6.5391449306789875,1.5920265106217357e-10,3.953126401347656e-10,False
C16orf72,-0.4074599482884027,-7.6687267760516145,9.792167077193881e-14,3.099642005006769e-13,True
C16orf75,-0.05563439201515186,-0.7750840160734811,0.4386732162400999,0.4693114867530148,False
C16orf79,0.23598656497260162,7.649078371641849,1.1235457009206584e-13,3.5399679783657174e-13,False
C16orf80,-0.1898765453458755,-4.004648268554513,7.19965593074523e-05,0.00011407542870186288,False
C16orf87,-0.13535799333947907,-3.9639545361653283,8.498106832388608e-05,0.00013387540016723793,False
C16orf88,-0.09151592616505067,-2.2980339041464197,0.021990711075341673,0.027533804443137036,False
C16orf91,-0.2844544478721289,-6.596078473122489,1.1212497597057336e-10,2.8126472086346567e-10,False
C16orf92,0.3400156161577814,11.264965416652087,0.0,0.0,True
C16orf93,0.12333176887677944,3.8080564134778916,0.00015830070977851385,0.000243800623423673,False
C17orf101,-0.052929787475394896,-2.3376052520455204,0.01981942116623192,0.02492357122421676,False
C17orf103,0.21194762745152307,4.766872505703673,2.4870513377628356e-06,4.456120278657324e-06,False
C17orf106,-0.26070063124183385,-5.821430487237528,1.0710801134905523e-08,2.3160825656650406e-08,False
C17orf108,0.02900834976637512,0.6331044647574104,0.5269681539809163,0.5562817233968269,False
C17orf28,0.3619614265078823,9.172446129973599,0.0,0.0,True
C17orf37,-0.21650581016384773,-5.9226795300780575,6.05876615544787e-09,1.3336695460463216e-08,False
C17orf39,1.0250314987834361,23.410292904272364,0.0,0.0,True
C17orf42,-0.37107023009302775,-5.506073232330312,5.99879466101072e-08,1.2273555186533302e-07,True
C17orf48,-0.24695284301550036,-6.95204568475361,1.1866063687193673e-11,3.1973143301236004e-11,False
C17orf49,-0.28170178333130114,-6.880923198122464,1.872413335490819e-11,4.976541119409032e-11,False
C17orf51,0.24187836989795697,7.73325738927517,6.261657858885883e-14,2.00578523015869e-13,False
C17orf55,0.1007804982374032,3.5105980378190282,0.0004894521940874696,0.0007233769340125177,False
C17orf56,-0.379753914519648,-10.62467508665728,0.0,0.0,True
C17orf58,-0.08376300535684633,-2.4967252493739416,0.012870098644746752,0.01650346947443369,False
C17orf59,-0.009190824349402327,-0.23105548313231408,0.8173705503435915,0.834836971928341,False
C17orf60,-0.512171936123774,-7.306521343235053,1.1575185254741882e-12,3.372996684780464e-12,True
C17orf61,-0.07438080805143699,-1.1349813722179731,0.25695184900328893,0.2847083829038943,False
C17orf62,-0.45037782862817544,-10.62049781360449,0.0,0.0,True
C17orf63,-0.16740065801317927,-6.595691132428074,1.1239364994253265e-10,2.8187730321968946e-10,False
C17orf67,0.4792779130123357,12.081900545470791,0.0,0.0,True
C17orf68,-0.16149962362952985,-5.90280242037538,6.780081385215908e-09,1.4864818705044165e-08,False
C17orf70,-0.14880069909654114,-3.954028776239835,8.846938675466376e-05,0.00013918039688978035,False
C17orf71,-0.3945334720771978,-7.236730776041779,1.84341431008761e-12,5.286106407244008e-12,True
C17orf76,0.6942466562714613,14.445212591508504,0.0,0.0,True
C17orf79,-0.1056372111347037,-2.7418227620205777,0.0063390280616366645,0.00840461144590156,False
C17orf80,-0.23729503226761794,-5.720987676403383,1.870010990501214e-08,3.975757954888056e-08,False
C17orf81,-0.06822689842471164,-2.7926354459814706,0.005437670361814195,0.007252955638922848,False
C17orf82,0.29632211539049,8.222379165878976,1.9984014443252818e-15,7.261699128448871e-15,False
C17orf85,-0.17506956826484554,-4.605352903649006,5.286283621064314e-06,9.242972226933794e-06,False
C17orf87,-0.19030994714924532,-2.572908780782294,0.010385302777619065,0.013476208482076604,False
C17orf89,0.14166925256884788,4.576600247609303,6.031863110322888e-06,1.0501969644469369e-05,False
C17orf90,-0.1344365901964455,-4.616654194355133,5.0181760411494025e-06,8.796890856490636e-06,False
C17orf91,0.4573673610694642,8.053689980921636,6.439293542825908e-15,2.240236252486005e-14,True
C17orf95,-0.5700506110062875,-9.310223167837991,0.0,0.0,True
C17orf97,0.015039295888591209,0.4997884217895563,0.6174540133573667,0.6456474927254454,False
C17orf99,0.22705272643817898,9.28031294031008,0.0,0.0,False
C18orf1,-0.19860149303778396,-4.6117244975378355,5.133479824115383e-06,8.986710348629954e-06,False
C18orf10,1.525550798957351,20.731131190372196,0.0,0.0,True
C18orf19,-0.04324596422764371,-1.6337990654888401,0.10295938307307373,0.11979688218371075,False
C18orf21,-0.5079843031127416,-8.700912793819867,0.0,0.0,True
C18orf22,0.0413539750138634,1.4397437047513932,0.15059440411106562,0.17173516888975002,False
C18orf25,-0.3979825043574907,-6.488087912645831,2.1756618728829835e-10,5.344732163305414e-10,True
C18orf32,-0.08091458187435485,-1.1516557844157116,0.25003816512848864,0.277555133864803,False
C18orf45,-0.0745008278931314,-2.7703323393652224,0.005817953942809595,0.007737791417529583,False
C18orf49,-0.2145642432444328,-2.761907719977543,0.00596774803702016,0.007930605634337243,False
C18orf54,-0.060352377218932496,-1.4782185715879685,0.14000780743709385,0.16023347579412658,False
C18orf55,-0.07321764426421318,-2.1768102685686155,0.029983315622589046,0.03700608728775348,False
C18orf56,0.2777055126847219,8.513536423578229,2.220446049250313e-16,8.732440437457957e-16,False
C18orf8,0.3648821774908102,8.817481307907823,0.0,0.0,True
C19orf10,-0.04806575794079038,-0.8299514681352177,0.40698046609682326,0.437446186818206,False
C19orf12,-0.289959928522844,-5.08063468578557,5.404124983066083e-07,1.0209958287672333e-06,False
C19orf2,-0.19267173888683287,-3.676521770060617,0.00026324189326198955,0.00039727106162972263,False
C19orf20,0.13436361068653468,4.772007774807395,2.427273484872927e-06,4.355781784117659e-06,False
C19orf22,0.6359256742273818,11.562631160855734,0.0,0.0,True
C19orf24,0.1125944348279635,2.3109155867269697,0.021262135743389532,0.02666215345396299,False
C19orf25,-0.28219387045801625,-7.559781846056306,2.078337502098293e-13,6.413171627824869e-13,False
C19orf28,0.06886251068752758,2.0245533794045705,0.04346867046871905,0.05268472381409667,False
C19orf29,-0.2439282531062137,-8.435094747026154,4.440892098500626e-16,1.713723151846858e-15,False
C19orf33,0.3222864257440401,3.3431564035144126,0.0008933440533140935,0.0012869472423868238,True
C19orf35,0.05756400036227127,2.0319044405179736,0.0427157561948972,0.05180488477669203,False
C19orf38,-0.5578608101090952,-10.091665873550786,0.0,0.0,True
C19orf39,-0.4139796874682995,-10.05912447802846,0.0,0.0,True
C19orf42,-0.4601989241785214,-8.034300370932025,7.327471962526033e-15,2.543089772110195e-14,True
C19orf43,-0.4107699760555077,-11.39231788055645,0.0,0.0,True
C19orf45,0.16839513707896714,4.75224165355,2.66523913383665e-06,4.76425971177287e-06,False
C19orf48,0.18776916498860396,7.016561701963533,7.820633030064528e-12,2.1377757919628217e-11,False
C19orf52,-0.3250384575300842,-6.843073381544859,2.3832713580418385e-11,6.28644441797205e-11,True
C19orf53,-0.33545966670821237,-6.820660961297833,2.7478908037892325e-11,7.215170770195616e-11,True
C19orf54,-0.43970818109588716,-11.780156655113458,0.0,0.0,True
C19orf55,0.23068980027696284,9.052555026261762,0.0,0.0,False
C19orf56,0.08066022516459448,2.323623802367793,0.02056412748291736,0.025829046393602124,False
C19orf59,-0.30749302415435054,-2.656225736880118,0.008166171984878012,0.010724676216373255,True
C19orf6,-0.24537851619392725,-8.306356697867662,1.1102230246251565e-15,4.157561450148628e-15,False
C19orf60,-0.36023824121635606,-6.665743127805181,7.277645153180856e-11,1.8542622101192276e-10,True
C19orf61,0.02188708634596459,0.903721148455277,0.36659843141665105,0.39669772959026806,False
C19orf62,1.0953858724619465,19.191950647922845,0.0,0.0,True
C19orf63,-0.36070176795938913,-8.147971424124865,3.3306690738754696e-15,1.1896426995960166e-14,True
C19orf66,-0.29956633737882044,-5.637409790270411,2.9552753577632984e-08,6.186047037266116e-08,False
C19orf70,-0.14815522663994285,-3.4174358788284915,0.0006861259047419299,0.0010019630193613452,False
C19orf71,0.21294238979032443,7.119456614786616,3.997469022465339e-12,1.1157461998977038e-11,False
C19orf77,1.4008402268272868,13.275420182266673,0.0,0.0,True
C1D,-0.06932204134143927,-1.091322543606549,0.275680681398796,0.3041438338313122,False
C1GALT1,-0.21139870747877954,-2.849919243918977,0.004561908621820265,0.006139575349310392,False
C1GALT1C1,-0.4913286001227184,-5.545844447222589,4.8482701853203025e-08,9.970938094037594e-08,True
C1QA,0.2337839626387428,3.5849115427448637,0.0003718364703522159,0.000554170565660134,False
C1QB,-0.40146589466451665,-2.997099461160629,0.002867413812175812,0.003932580033629382,True
C1QBP,0.04801350617219047,0.6845249349564622,0.49397545829831024,0.5237094619547387,False
C1QC,0.02661308141406904,0.5144037086757218,0.6072074782163266,0.6352791045934483,False
C1QL1,0.3954244862714611,10.290131181767359,0.0,0.0,True
C1QTNF5,0.23984090581910955,9.053607527795624,0.0,0.0,False
C1QTNF8,0.3003553243568464,10.625664747896007,0.0,0.0,True
C1R,0.05479912903632922,1.3249628592346423,0.18581640111971964,0.2096600180720982,False
C1RL,-0.8084958672035629,-12.473400986535365,0.0,0.0,True
C1orf103,-0.2640091206804853,-4.119468073083335,4.475202568721137e-05,7.21582564237105e-05,False
C1orf106,0.5827197660454551,13.529050105162936,0.0,0.0,True
C1orf107,-0.04368691741869668,-1.9583501034073971,0.050770035096359134,0.061116107667986294,False
C1orf109,0.16658036920059427,4.4160343626547345,1.2442300636239523e-05,2.1049032314413726e-05,False
C1orf116,0.3930613726145977,11.134966446378137,0.0,0.0,True
C1orf122,-0.22836687883370566,-4.07530186691377,5.38050402176804e-05,8.618832683457942e-05,False
C1orf123,-0.1789366590949255,-4.302227517729863,2.0514524615933283e-05,3.408435151463082e-05,False
C1orf124,-0.34932295785721657,-11.544470511595065,0.0,0.0,True
C1orf128,2.2405529069123666,20.596691308179754,0.0,0.0,True
C1orf130,0.4046297593980226,11.370673354562188,0.0,0.0,True
C1orf131,-0.2840250540877207,-7.2587575794077015,1.5922818619173995e-12,4.587667525619441e-12,False
C1orf144,-0.12220858949573898,-4.057127044576339,5.801467191490772e-05,9.269954304172868e-05,False
C1orf151,-0.1467535598267613,-6.19234422493312,1.277991712456128e-09,2.9655895519303262e-09,False
C1orf152,-0.16270845708588721,-3.4764087395245653,0.000554529792889058,0.0008156849296755279,False
C1orf156,-0.07683518046067972,-2.4018601765988654,0.016692551229918973,0.021176376389585534,False
C1orf159,0.19176410038129887,6.709162575622949,5.548916881537025e-11,1.426422083428364e-10,False
C1orf162,-0.5232634513373924,-7.8526265006431615,2.708944180085382e-14,8.953896129240607e-14,True
C1orf170,0.2654520980037769,10.268964015254214,0.0,0.0,False
C1orf174,-0.3131044010505635,-8.20787725260034,1.9984014443252818e-15,7.261699128448871e-15,True
C1orf183,-0.5705797629619029,-6.938287698711497,1.2964296303152878e-11,3.483455309447586e-11,True
C1orf186,0.05818274968201509,1.7590472723369515,0.07920916341221274,0.09341766697504644,False
C1orf198,0.2496191076437202,3.42662763786879,0.0006638591415342177,0.0009700613283436069,False
C1orf21,-0.07150331511221708,-1.382780832691827,0.16737761479241775,0.18991555799781915,False
C1orf212,-0.2830099496682372,-6.913585018470014,1.5192513913575567e-11,4.065100296642903e-11,False
C1orf213,0.2320526966936729,7.181565651352306,2.6563196087181495e-12,7.527219083105625e-12,False
C1orf216,-0.11444154167867415,-2.960042826696942,0.0032287638030452648,0.00440769498071562,False
C1orf217,-0.5514393488284868,-8.321461686732295,8.881784197001252e-16,3.353302922492869e-15,True
C1orf226,0.059711391239957834,1.8040856554205744,0.07184717263034113,0.08506604805518547,False
C1orf228,-0.4554225558674121,-5.891461463379424,7.228480036758356e-09,1.5802782604558645e-08,True
C1orf25,-0.2208338662951106,-4.208814130219647,3.0672383468210995e-05,5.0201077745143855e-05,False
C1orf26,0.2674835659460415,7.445967235947754,4.5230486023228877e-13,1.3596293541272794e-12,False
C1orf27,-0.21133051953196214,-7.012904109930506,8.008260721226179e-12,2.1869880333761112e-11,False
C1orf31,-0.3338553601982581,-5.969785059198232,4.635356543047919e-09,1.0315817623525693e-08,True
C1orf35,0.015773605088016396,0.5242306198280334,0.6003611101079933,0.6289159355523803,False
C1orf38,-0.41636266943691513,-13.944538224614757,0.0,0.0,True
C1orf43,-0.09225952906216772,-3.578403414588698,0.00038096756650674024,0.0005676323112910543,False
C1orf50,-0.2998531699629501,-7.114845173212262,4.120259688988881e-12,1.1480713922947005e-11,False
C1orf52,-0.2371241764302452,-2.989818360598565,0.0029353473067870173,0.004020005424667656,False
C1orf55,0.2529919675626582,4.770648568053803,2.4429594833730306e-06,4.381882636090616e-06,False
C1orf56,-0.39280132892074704,-10.443958494299972,0.0,0.0,True
C1orf57,-0.2553642427080818,-7.4110458768768765,5.730971253115058e-13,1.7084642304511479e-12,False
C1orf58,-0.045362815157256264,-1.6130903597929491,0.10738474881245241,0.12464378492247474,False
C1orf59,-0.4308466295530078,-6.3191568523729735,6.030205224050178e-10,1.4316144677624484e-09,True
C1orf63,-0.36516640092052643,-5.232370169468182,2.5092187705411106e-07,4.871682288532455e-07,True
C1orf69,0.4586117715000113,12.76022275793957,0.0,0.0,True
C1orf70,0.19215756046402088,7.189810905219218,2.5155433291956797e-12,7.138838041144379e-12,False
C1orf77,-0.3789139357709157,-10.797285613504156,0.0,0.0,True
C1orf83,-0.24941871711835173,-8.343432191370578,8.881784197001252e-16,3.353302922492869e-15,False
C1orf85,-0.5359188743349379,-9.458678718497385,0.0,0.0,True
C1orf86,-0.015898824987583993,-0.7884866587515208,0.43080291040505103,0.461491558165701,False
C1orf9,-0.0034685246709020845,-0.057641681059522804,0.9540581323889283,0.9587189764449153,False
C1orf91,-0.006806771224035835,-0.3417379398890153,0.7326982825339461,0.7548476447999753,False
C1orf93,0.4107708556177201,11.009045789383386,0.0,0.0,True
C1orf96,-0.01239594536374522,-0.16438264399922878,0.8694994030951475,0.8826794416368207,False
C20orf103,0.10161279862029504,3.1368257013348035,0.0018132209438761482,0.0025344608727714294,False
C20orf106,-0.31816592988665837,-8.232038003303755,1.7763568394002505e-15,6.487588596401866e-15,True
C20orf108,1.6086893407148288,17.285471462188365,0.0,0.0,True
C20orf11,0.4554955627478501,13.311606425287643,0.0,0.0,True
C20orf111,-0.22523559271519833,-5.395507752390133,1.0771280667398742e-07,2.155566052949376e-07,False
C20orf112,-0.49315631955405514,-6.09015430933613,2.3201081056356543e-09,5.2816848357346055e-09,True
C20orf117,0.24942035636817783,8.271254381614414,1.3322676295501878e-15,4.939295405467851e-15,False
C20orf134,0.3699703496430664,12.79455583002015,0.0,0.0,True
C20orf141,0.15742530127683185,5.65220256943121,2.7264306146079775e-08,5.722622858904754e-08,False
C20orf160,0.07053912855783384,2.2574558876776503,0.024430013926563632,0.03041605387160468,False
C20orf173,0.3835187248542482,11.28896195159785,0.0,0.0,True
C20orf177,-0.5599449653250801,-7.317785838525729,1.0735856648125264e-12,3.1363513246197037e-12,True
C20orf194,0.3448076791319714,10.078086348897553,0.0,0.0,True
C20orf196,0.07900357005999492,2.9803165883867586,0.003026215750703054,0.004139529655901732,False
C20orf197,-0.17766731595759122,-5.370821368809109,1.225864492138129e-07,2.4443020745956565e-07,False
C20orf199,-0.4272339690695235,-7.676566514179633,9.281464485866309e-14,2.9436450829486236e-13,True
C20orf200,0.2947091111911839,8.395544059517936,4.440892098500626e-16,1.713723151846858e-15,False
C20orf201,0.4990570652947124,14.565478923830831,0.0,0.0,True
C20orf24,-0.4293314991622772,-11.74897723387142,0.0,0.0,True
C20orf27,0.25263311788457354,5.949292483699334,5.2091901903139615e-09,1.155046425451906e-08,False
C20orf29,-0.07140865007094366,-2.946445858943577,0.003371469028423446,0.00459488307364052,False
C20orf3,-0.3458298536430515,-5.680283912595884,2.338513604982495e-08,4.937195420783241e-08,True
C20orf30,-0.024466181827851763,-0.499207885867291,0.6178625819610799,0.6460160734873086,False
C20orf4,-0.2556963507873542,-7.342798087692462,9.07718344933528e-13,2.6666686088470565e-12,False
C20orf43,-0.2565219359777142,-9.472371259262005,0.0,0.0,False
C20orf54,0.33254798032582356,11.191938817066335,0.0,0.0,True
C20orf69,-0.5820841819106732,-6.262678423560479,8.438505449959166e-10,1.980504162145062e-09,True
C20orf7,0.018687989784385906,0.5529664859270479,0.5805448301709928,0.6092652968968354,False
C20orf72,-0.33861122764708274,-3.8766565696486075,0.0001207038382120551,0.00018799182157445415,True
C20orf94,-0.45126560412937744,-9.182822909342981,0.0,0.0,True
C20orf96,0.26440214128172235,9.463200231436325,0.0,0.0,False
C21orf2,0.1533231061546383,6.491178756592285,2.135029930627752e-10,5.250514468595447e-10,False
C21orf33,-0.11960210047043862,-3.0538141537625103,0.002385570645436541,0.003301620601319658,False
C21orf45,-0.03138140432571346,-0.9062144904198797,0.36527884181176207,0.3954555431230909,False
C21orf57,0.40289936562473505,9.537620156741468,0.0,0.0,True
C21orf58,0.20710985481588962,7.737084249251489,6.084022174945858e-14,1.9526846317414695e-13,False
C21orf59,-0.42065013951692976,-6.460929201435393,2.566835632933362e-10,6.277988011025591e-10,True
C21orf63,0.0035342263405162555,0.11147032374749195,0.9112901814653482,0.9208027719560831,False
C21orf67,0.0684786648012623,2.112130095838405,0.035193348847343264,0.043080997382842406,False
C21orf7,0.28444535284539185,2.9926627975012665,0.0029086349181133286,0.003986731231613471,False
C21orf70,-0.11534091240845745,-2.999530093390862,0.0028450582754104836,0.0039042442547597526,False
C21orf91,-0.27723632321372627,-3.817511865896107,0.00015253017147243142,0.00023530133188575568,False
C22orf13,0.8163109099931116,18.664034474979495,0.0,0.0,True
C22orf24,0.2660330479035675,11.158467067072543,0.0,0.0,False
C22orf25,0.8602928042420821,20.313112565647597,0.0,0.0,True
C22orf28,-0.290958855560393,-8.662255768905222,0.0,0.0,False
C22orf29,-0.07568096144048608,-2.86911963550316,0.004298384713931291,0.00580050298966431,False
C22orf30,-0.33908014546370335,-11.887131518976387,0.0,0.0,True
C22orf32,0.06450423747414025,2.066143751387481,0.03935301178534245,0.04788792079652895,False
C22orf34,-0.10962377934440193,-3.941238156671587,9.316490003974387e-05,0.00014634753628225958,False
C22orf39,0.11502639996904307,6.277176199028525,7.742930741017062e-10,1.823197449014218e-09,False
C22orf40,0.04817526815509554,1.7226510196585505,0.08559835827021645,0.10062327675422218,False
C22orf9,-0.2153317226154039,-4.163093499512262,3.724540417815447e-05,6.053757735687334e-05,False
C2CD2,-0.07377577141018277,-2.7102983001349723,0.00696395397577132,0.00920034245290857,False
C2CD2L,0.15088254217491937,5.282783764816103,1.9365989967212727e-07,3.7970525690608237e-07,False
C2CD4C,0.24422164499283872,7.392389615323771,6.499245586155666e-13,1.9309984500110168e-12,False
C2CD4D,0.20925849278951647,6.955569626499168,1.159983220588856e-11,3.1285054361889564e-11,False
C2orf18,-0.009144962078492913,-0.4285849415051246,0.6684183450476033,0.6942751051941697,False
C2orf24,1.3712236248492813,21.652836232161413,0.0,0.0,True
C2orf27A,0.3424908659088506,12.942693183397942,0.0,0.0,True
C2orf28,-0.422505502741223,-9.200533028084767,0.0,0.0,True
C2orf29,-0.5020789798282461,-12.489302633156319,0.0,0.0,True
C2orf42,-0.3008607295906027,-6.656815633323112,7.693645720507902e-11,1.9559281627572397e-10,True
C2orf43,-0.1130601132717226,-3.630630562840774,0.00031324817659927895,0.0004695869008650565,False
C2orf47,-0.33362878760217374,-6.487597255033075,2.1821811024835824e-10,5.357515963972267e-10,True
C2orf49,-0.34566642580220064,-7.039825145216334,6.724176770944723e-12,1.8463836048751435e-11,True
C2orf51,0.20445906187169305,7.22727476704442,1.9628743075372768e-12,5.616082749260281e-12,False
C2orf53,0.2368442001608817,8.545698745183358,2.220446049250313e-16,8.732440437457957e-16,False
C2orf54,0.19217053417395835,6.678493845887693,6.721467826764638e-11,1.7178741490237823e-10,False
C2orf55,0.1292395367157133,4.8542467545906,1.6391323942599456e-06,2.982806642887885e-06,False
C2orf56,-0.2596740732742555,-6.216373472829088,1.1094982710346812e-09,2.5839689818132818e-09,False
C2orf60,-0.09170344871571645,-2.5441598480312435,0.01126765038494737,0.014552311333580977,False
C2orf62,0.18873833019073727,8.468637496961998,2.220446049250313e-16,8.732440437457957e-16,False
C2orf64,-0.1943635544621758,-6.65870207605477,7.60385088227622e-11,1.9348080033783913e-10,False
C2orf68,-0.5777210432370818,-13.39530480018706,0.0,0.0,True
C2orf69,-0.030391355271275344,-0.4081068798415169,0.6833779234645871,0.7084718117530896,False
C2orf7,-0.23139602026929884,-4.925093246260148,1.1635375833929373e-06,2.1389705431061673e-06,False
C2orf72,0.2447962568047557,8.627046497483015,0.0,0.0,False
C2orf76,-0.20282793760911666,-4.114838648465347,4.562818096220944e-05,7.352980085390186e-05,False
C2orf79,-0.06286421259494723,-1.157894272908791,0.2474853239184407,0.27482728682314844,False
C2orf82,0.36186134294085637,12.3668459023234,0.0,0.0,True
C2orf88,1.1578206173587038,12.874452710171164,0.0,0.0,True
C2orf89,-0.07553759689946205,-1.1815031083972274,0.23799031760767186,0.26494737300886945,False
C3AR1,-0.6180309559079546,-5.939812810626163,5.497555966016421e-09,1.2166445182044795e-08,True
C3orf1,-0.16849185416985346,-4.446712249514934,1.0852998376220668e-05,1.8459968795079316e-05,False
C3orf10,0.08178716869415226,2.15074070751944,0.03199729139729657,0.03933164012436871,False
C3orf14,-0.2942021100747536,-5.344256136462296,1.4081697186085762e-07,2.792340676304388e-07,False
C3orf17,-0.16141025034777634,-5.613683083053654,3.3618950068259323e-08,7.010439642220839e-08,False
C3orf19,-0.44071203222770894,-14.552543436599706,0.0,0.0,True
C3orf21,0.06991211794144592,3.053817795099698,0.002385542252695938,0.003301620601319658,False
C3orf23,-0.15302441161753677,-3.4701370332772425,0.0005673123476941377,0.000833529455751119,False
C3orf25,-0.08984173077266178,-2.536011110547285,0.011529605753202832,0.014875619250800113,False
C3orf31,-0.0992710634482572,-3.088383015461149,0.002129584126167927,0.0029601399238962656,False
C3orf34,-0.5375969102665268,-5.633367140195987,3.021000538616647e-08,6.321327012593126e-08,True
C3orf37,-0.2662886762883585,-6.233289885587144,1.0041203424293599e-09,2.3451869879245326e-09,False
C3orf38,-0.38955617766088135,-5.455922367567662,7.832384318895436e-08,1.5878429244870914e-07,True
C3orf39,0.36776835208813674,10.39971979187787,0.0,0.0,True
C3orf52,0.21155370370709958,6.774706744526862,3.675126869495671e-11,9.57344785384908e-11,False
C3orf54,0.13553052596065873,2.881305802883113,0.004138393123479522,0.00559049494421961,False
C3orf58,-0.11379982261525257,-1.7734453034953215,0.07679150971589621,0.09067774478907313,False
C3orf59,0.0743778831138111,2.5863710094789294,0.009993745245166608,0.012985668525558281,False
C3orf62,-0.5462128366241812,-9.229400378485009,0.0,0.0,True
C3orf63,-0.3375057799089305,-5.278762778901734,1.9771763537512754e-07,3.874633279833437e-07,True
C3orf71,-0.18100534617961328,-5.592251444976229,3.7756182846848674e-08,7.832045204625425e-08,False
C3orf75,-0.03805148937389724,-1.0821664557195085,0.27972411031391187,0.3082504569698604,False
C4A,0.9662858310995337,6.33170972346869,5.594409380194065e-10,1.3330989170553462e-09,True
C4BPA,-0.27079283747552596,-2.371897962990743,0.018092052948538218,0.02283110844809506,False
C4BPB,0.11101127745966499,3.965432210153727,8.447303941028217e-05,0.00013312969502901086,False
C4orf14,-0.45763879446777533,-7.592818419797415,1.6564527527407336e-13,5.155546949154421e-13,True
C4orf23,0.30513639594009323,11.967570255395305,0.0,0.0,True
C4orf27,-0.2736665504865292,-5.186845576705822,3.164886281936674e-07,6.100456004288579e-07,False
C4orf29,-0.3847507708265323,-11.807696099778331,0.0,0.0,True
C4orf3,-0.24227818051949512,-4.09129893518815,5.0341558290423194e-05,8.080886426245608e-05,False
C4orf32,-0.2659104351931929,-3.5547841089501016,0.0004159024776029252,0.0006178463553660169,False
C4orf33,-0.3390612676190945,-4.814735158102237,1.9807818301131874e-06,3.5813256790258684e-06,True
C4orf34,-0.40249311109850616,-5.477612387899728,6.980801203759768e-08,1.4209550992420704e-07,True
C4orf41,-0.40323746529453697,-9.488099462476693,0.0,0.0,True
C4orf46,-0.02547757079296531,-0.5607589128517037,0.5752246118861661,0.6041222013417896,False
C4orf48,-0.5861542780257611,-10.266820792533053,0.0,0.0,True
C4orf52,-0.1271667173718889,-2.94449255676669,0.0033924364123010253,0.004620725438488295,False
C5,0.10855201456176289,3.1596255567299147,0.0016798504734605313,0.0023563319049917024,False
C5AR1,-0.5111914616371482,-11.74945958269393,0.0,0.0,True
C5orf13,0.07205485774322096,2.2370050225227143,0.02574621212436079,0.03197182163222423,False
C5orf15,-0.18751537957666375,-3.4042140780656935,0.0007193789326371824,0.0010477337116004178,False
C5orf22,0.15326981397321227,3.0038117359568655,0.0028060661254798447,0.0038530308379309017,False
C5orf24,-0.20879290308274356,-3.3133409242153165,0.000991833341123849,0.0014213645504361303,False
C5orf25,-0.26418461396107285,-5.661154157401417,2.596427250978195e-08,5.458705147657936e-08,False
C5orf28,-0.02620193754600031,-0.7522112081650696,0.45229424418360153,0.4829866875638182,False
C5orf30,-0.0252188794031305,-0.18615660869868553,0.8524009132355113,0.8669261980893391,False
C5orf32,-0.06956027021653988,-0.910035237825089,0.36326251036151125,0.39342053938080557,False
C5orf33,-0.10415979332265701,-2.6061963139636317,0.009441116322729926,0.012299504514988239,False
C5orf36,-0.19196789710047168,-5.846411450957734,9.313122051324285e-09,2.0214406050349434e-08,False
C5orf39,-0.1819228112216611,-3.5515852107096264,0.00042085834747607187,0.0006249667789837401,False
C5orf4,0.9432810798046036,13.009069238667061,0.0,0.0,True
C5orf41,-0.5855843123980717,-8.78271398957826,0.0,0.0,True
C5orf43,-0.20334233276675562,-3.1938358212821685,0.0014966355791541375,0.0021119374294103284,False
C5orf44,-0.13638160097228047,-3.430378423056155,0.0006549681129384144,0.0009576767825511037,False
C5orf45,0.07754775611935649,1.3612193294199273,0.17408563227197638,0.19713845833079982,False
C5orf51,-0.39382709522181436,-10.522842048452269,0.0,0.0,True
C5orf53,0.005821376057593586,0.16194710185346778,0.8714159325714044,0.8843132875773065,False
C5orf56,0.3226194351935856,4.249700032811951,2.5744559245755028e-05,4.246764684975686e-05,True
C5orf62,0.009977850255131315,0.17889625011679322,0.8580949565128639,0.8721012708727439,False
C6orf1,0.1739788746135269,5.391516949438582,1.0999249222543028e-07,2.1992770663855778e-07,False
C6orf105,0.03459951459112798,0.7840194669994149,0.4334169635881504,0.46420548615266427,False
C6orf106,0.29950313524656824,7.419160634820239,5.424549698318515e-13,1.620892035666173e-12,False
C6orf108,-0.20714102427997583,-3.5284145090358745,0.00045844144197548786,0.0006790262273518895,False
C6orf115,-0.18814725828641432,-3.398998369677695,0.0007329049096649332,0.0010664895975783686,False
C6orf120,-0.1290010067420031,-2.4792578325489596,0.013509304045923987,0.01727888888574266,False
C6orf125,0.023547601830981257,0.7460289418164281,0.4560166026828796,0.48655569158059375,False
C6orf129,-0.0775500369885167,-0.9153272155469115,0.36048132832973234,0.39059208174491455,False
C6orf130,-0.40065430092633836,-8.370733035672176,6.661338147750939e-16,2.5382717209375807e-15,True
C6orf134,-0.11760152151991088,-4.084796878163412,5.17229271703723e-05,8.298298350031239e-05,False
C6orf136,-0.41516947709483887,-10.259724187991864,0.0,0.0,True
C6orf142,0.013898005433847782,0.5181973400311015,0.6045603263832766,0.633084581782633,False
C6orf150,-0.23418181274556815,-4.976132689936624,9.066572790317196e-07,1.6804159609278163e-06,False
C6orf153,-0.4304285653125053,-11.050178734215773,0.0,0.0,True
C6orf162,-0.08590708917771295,-2.078128868004696,0.03823045447930218,0.04657605554173261,False
C6orf192,0.8080957741893395,16.98303046496192,0.0,0.0,True
C6orf203,-0.1448807556231113,-4.526037950316215,7.59428429519815e-06,1.3097553645214477e-05,False
C6orf204,-0.3053510215440651,-7.054095382513582,6.127764962116089e-12,1.6850256528673962e-11,True
C6orf211,-0.07489802727435313,-1.035630271962327,0.3008982247711045,0.32997810699134367,False
C6orf223,0.10717174226742188,3.6438641199905866,0.0002979807660186129,0.0004475150513387747,False
C6orf226,-0.43407239211852655,-9.798718677386487,0.0,0.0,True
C6orf25,0.5022189338736585,3.611108619691827,0.00033711681718573416,0.000504187044554982,True
C6orf26,-0.004689195106169386,-0.15225647685900529,0.8790488858198071,0.8917449683626912,False
C6orf27,0.1841865585526592,6.719590564357335,5.1979531789925204e-11,1.339190844750947e-10,False
C6orf35,0.08502644934937997,3.8830144292533793,0.00011768413519663845,0.00018351205541222124,False
C6orf47,-0.5809326880252592,-16.00140020458866,0.0,0.0,True
C6orf48,0.0833203717398261,1.2247764919016784,0.2212625863710025,0.24720889742071558,False
C6orf54,0.09749815962234765,3.3564353071678985,0.000852475700853228,0.0012313062818969697,False
C6orf57,-0.1404568297612654,-4.299894902480432,2.0723478945550156e-05,3.442159393998446e-05,False
C6orf62,0.38529548795962665,9.843948649197705,0.0,0.0,True
C6orf64,-0.1114386708493793,-3.839394983590166,0.00013992779290683544,0.0002166435815179889,False
C6orf72,-0.3889493272786,-8.618834560393662,0.0,0.0,True
C6orf81,-0.19692705002004196,-5.57047588252026,4.2465725380580466e-08,8.76949965326114e-08,False
C6orf89,-0.31953605608659075,-13.08405450775316,0.0,0.0,True
C6orf97,0.09185088346535242,2.4994990001890196,0.012771103921154658,0.01638382292769579,False
C7orf11,-0.45384519432042225,-8.875232004438024,0.0,0.0,True
C7orf16,0.3338545194058167,12.35594367375515,0.0,0.0,True
C7orf23,-0.1682021774307043,-2.102979459499095,0.03598967786818097,0.0439996921421754,False
C7orf25,-0.272791368938782,-5.14701419225845,3.872300391449812e-07,7.408242519367279e-07,False
C7orf26,-0.5810669426964661,-11.569816120605546,0.0,0.0,True
C7orf27,-0.24987728812650634,-6.947990829072013,1.2179812713952742e-11,3.279552656662497e-11,False
C7orf28A,-0.2919456589190226,-5.53684906236911,5.088046695078674e-08,1.0447274488522504e-07,False
C7orf29,-0.18266265834767692,-4.587384752113538,5.741089731392535e-06,1.0015388855961018e-05,False
C7orf30,-0.4857898161381735,-13.450335250054657,0.0,0.0,True
C7orf31,-0.10157978065566287,-3.631485873644631,0.0003122396171841846,0.0004683187695761227,False
C7orf41,0.5788938273908695,8.800254793342557,0.0,0.0,True
C7orf42,-0.23297737270025465,-9.100941731010945,0.0,0.0,False
C7orf43,0.006093601150959138,0.18872845451285308,0.8503857386228741,0.8654880122987177,False
C7orf44,-0.27960409319843205,-3.649755374292275,0.0002914114592700301,0.00043827766018167863,False
C7orf47,-0.31367687756348683,-7.032351520005528,7.058797990566745e-12,1.9336574091162507e-11,True
C7orf49,-0.33584741127442985,-5.685933342100745,2.267240351017108e-08,4.791989285021296e-08,True
C7orf50,-0.19454760238817537,-3.613645414361569,0.00033392143590393886,0.000499537794828243,False
C7orf52,0.2399574565417657,8.381092177925646,6.661338147750939e-16,2.5382717209375807e-15,False
C7orf53,-0.13911695646720812,-1.9352783695348699,0.05354555079320522,0.06434962958653427,False
C7orf54,-0.10232124727270486,-2.731161461870503,0.006544466665851623,0.008661042224717927,False
C7orf55,-0.3088334272623787,-4.941431415562088,1.0744893230718588e-06,1.9796933001383147e-06,True
C7orf59,-0.49519037716352177,-8.2866680207145,1.1102230246251565e-15,4.157561450148628e-15,True
C7orf60,-0.2648460278717577,-2.4443584407156598,0.014871237708143914,0.01895979935363694,False
C7orf61,0.20115498239603635,4.81405774558165,1.987199294006814e-06,3.5918011403835695e-06,False
C7orf62,0.18034771039920106,6.394568912345229,3.8356762210867146e-10,9.260774343051323e-10,False
C7orf64,-0.2589056671427268,-10.195106990437687,0.0,0.0,False
C7orf70,-0.2617650597297825,-6.54284064112689,1.5563217381497907e-10,3.8661354543341467e-10,False
C7orf72,0.019457339912453353,0.6695386853467512,0.5034751404443061,0.5330940475023405,False
C8orf30A,0.24783831542742973,8.494751438431708,2.220446049250313e-16,8.732440437457957e-16,False
C8orf33,-0.12510224598488096,-4.036083554711194,6.327951835416457e-05,0.00010079048284314458,False
C8orf34,0.0858813337623574,2.7918920067052917,0.005449974842430816,0.007267684673530976,False
C8orf38,-0.08063308572498018,-1.871955344840654,0.06182310890346909,0.07381988094320105,False
C8orf40,-0.5074729198723693,-8.084723440247027,5.10702591327572e-15,1.7929848063097536e-14,True
C8orf41,-0.4777173896589706,-13.04396115674898,0.0,0.0,True
C8orf42,0.12359109925855849,3.62481029503117,0.0003201929517491209,0.0004795608648027725,False
C8orf44,-0.24882497518388114,-9.629389199998291,0.0,0.0,False
C8orf55,0.3990003824229329,12.660419225701016,0.0,0.0,True
C8orf58,0.1267836578871644,6.7462865350793235,4.39568381693789e-11,1.1384896682472453e-10,False
C8orf59,-0.18900894878601138,-4.485483163806794,9.121138053291844e-06,1.5623254904961897e-05,False
C8orf73,-0.13656224072609335,-3.201979912279491,0.001455831131467189,0.002057381769521599,False
C8orf76,-0.3012222401634568,-9.376538136093663,0.0,0.0,True
C8orf82,-0.24348629273425804,-6.152004774800083,1.6187347018359333e-09,3.7277499061271725e-09,False
C8orf83,0.0799730483010439,1.5850280756749215,0.11362117785877879,0.13152470583411444,False
C9orf102,-0.2947100937748237,-6.828768369093631,2.610089921972758e-11,6.864298130411919e-11,False
C9orf103,-0.6419945891842413,-4.188419150874224,3.345481218453017e-05,5.453806701862483e-05,True
C9orf109,0.49393097092171034,12.919369977669293,0.0,0.0,True
C9orf119,-0.3525008427810663,-6.404386179789958,3.6151437399212227e-10,8.746658420531939e-10,True
C9orf123,-0.21362365622685786,-4.575645406683103,6.0582782330786955e-06,1.0546366475265755e-05,False
C9orf139,0.0234742159902952,1.0320377141366543,0.30257626019169304,0.33171941954393375,False
C9orf140,-0.031762958185256096,-0.9509459172559137,0.3421123344855066,0.3721238886627526,False
C9orf142,-0.01260856279632705,-0.4138383406512137,0.6791780933965925,0.7044981952125483,False
C9orf156,-0.0311917872044134,-0.9719306869304626,0.3315765245818858,0.3614146467315237,False
C9orf16,0.05389209776676829,0.7432317682698513,0.45770645124011966,0.4881326369627756,False
C9orf167,-0.5075330761034174,-9.488785260608797,0.0,0.0,True
C9orf21,-0.13457455914524896,-3.8285580187280686,0.00014604047522204233,0.00022574345599606893,False
C9orf23,-0.5843829312489515,-10.288176065519695,0.0,0.0,True
C9orf3,0.011450665723801823,0.4042281722486314,0.6862257123884761,0.7110402069805574,False
C9orf30,0.1599410310333158,4.106214490931166,4.730406396524778e-05,7.613462523622876e-05,False
C9orf40,0.9671081051504564,19.875327324380994,0.0,0.0,True
C9orf45,0.07700994134538552,2.5329715480865174,0.011628697547508615,0.014998428736955742,False
C9orf46,-0.48949495232311513,-6.455743512776645,2.648998798093771e-10,6.473020185668678e-10,True
C9orf5,0.8260000990553147,14.198510051911866,0.0,0.0,True
C9orf6,-0.15952434081220002,-3.9770026806747976,8.059343861033241e-05,0.00012727664098607336,False
C9orf62,0.07917170339073065,2.5845522119756867,0.010045863749504669,0.013048974349407338,False
C9orf64,-0.2737100354131945,-7.156483095231514,3.133937553911892e-12,8.82420598472527e-12,False
C9orf66,-0.14088841672487096,-4.811136975834616,2.0150993522705107e-06,3.640515909473653e-06,False
C9orf69,-0.23751107563841511,-6.463828802165392,2.5219892840766533e-10,6.173139516208875e-10,False
C9orf7,0.22232902532742438,9.536304931226153,0.0,0.0,False
C9orf72,-0.2851824547474182,-4.1227260145856075,4.41450559105494e-05,7.123940866259717e-05,False
C9orf78,1.7585110771342904,21.347979370785822,0.0,0.0,True
C9orf80,-0.34181352736007753,-7.325667136266454,1.0182965581861936e-12,2.977095952727605e-12,True
C9orf82,-0.08906054930550855,-2.6195935672901194,0.009083314771816786,0.011869620290023546,False
C9orf84,-0.40969247119399954,-6.304521160120139,6.58036070078083e-10,1.5574106207580519e-09,True
C9orf85,-0.09675127623460789,-3.2609172587631243,0.001189829097268058,0.0016943554668600275,False
C9orf86,-0.1528336240980348,-5.0088940528563315,7.716367034227289e-07,1.437335573532732e-06,False
C9orf89,-0.29736368391885026,-5.008380600975156,7.735945093401142e-07,1.4407494184460428e-06,False
C9orf9,0.08085839575072029,2.5903387382868703,0.00988088565284273,0.012847716653696287,False
C9orf91,-0.16071823500575233,-3.335488436923496,0.0009177660037849034,0.001320477966225119,False
C9orf95,-0.24347200378351186,-3.7140617283493436,0.00022802333622617965,0.00034606071277857225,False
CA1,1.9676316487057335,19.433046895776076,0.0,0.0,True
CA12,0.13654132800078633,5.172358772222548,3.406335320477183e-07,6.547234533051339e-07,False
CA13,0.1385815779059687,4.073225248586803,5.4270909385811805e-05,8.69224979442667e-05,False
CA2,2.2930622375390364,18.634552966691167,0.0,0.0,True
CA3,0.3444972187202975,10.324034968184923,0.0,0.0,True
CA4,-0.45601702824755286,-4.109812466827146,4.6597893314404004e-05,7.505049400008665e-05,True
CA6,-0.0243775939060229,-1.0928810276696213,0.27499644173480986,0.30344707465689,False
CAB39,-0.35390305329925287,-4.766872115694368,2.4870559311995777e-06,4.456120278657324e-06,True
CABC1,-0.4795794468521093,-6.5317185769146375,1.6662182744653364e-10,4.130227739093224e-10,True
CABIN1,-0.023527503849052334,-0.6148366926096617,0.5389550997916668,0.5681845865335247,False
CABLES1,0.27827798166540063,9.924826711402972,0.0,0.0,False
CABLES2,-0.25854197341511576,-6.575113626258128,1.2761058876264997e-10,3.1851492350096746e-10,False
CABP4,0.10120071920159823,3.531910089567161,0.00045257712657331695,0.0006705126586492653,False
CABP5,0.21962863652039077,6.7149420283536925,5.3516302500611346e-11,1.377243718732221e-10,False
CACNA1A,-0.5293007162158871,-7.236868520511617,1.8416379532482097e-12,5.282327585524434e-12,True
CACNA1C,0.3047174453029653,10.121512982135727,0.0,0.0,True
CACNA1E,-0.23221759246608364,-5.071193112942335,5.664844160424565e-07,1.068500734958745e-06,False
CACNA1I,0.19332456715856727,7.463985788532796,4.001243780749064e-13,1.2084511565403376e-12,False
CACNA2D3,-0.23467362533778635,-4.06915631027557,5.5194874103658975e-05,8.835321773208002e-05,False
CACNA2D4,-0.06195536028867865,-2.1053806405404063,0.035779239080528935,0.043760995430942105,False
CACNB1,0.24149766313086207,8.642895501971022,0.0,0.0,False
CACNB2,0.24645649378844725,7.151267092563468,3.2436275887448573e-12,9.11078912332407e-12,False
CACNG4,0.31427259525735796,12.132285216094571,0.0,0.0,True
CACNG5,0.27142495222000296,9.605532116733,0.0,0.0,False
CACNG6,0.2214396860754526,8.017435643917263,8.43769498715119e-15,2.9169810491294885e-14,False
CACNG7,0.2387726636722558,8.655177589298196,0.0,0.0,False
CACNG8,0.21465888021076784,7.269581823385366,1.4814816040598089e-12,4.282355482350047e-12,False
CACYBP,0.0053340299025297355,0.08512305082274785,0.9321992006583515,0.9388828007679942,False
CAD,0.055922390037966174,1.8308857183547178,0.06773986251623909,0.08038482294473659,False
CADM1,0.044001357458540724,1.1116070208145046,0.26686586334949425,0.2950122725453766,False
CADM3,0.36368269949063414,10.731478988084664,0.0,0.0,True
CALCOCO1,0.13611804467346778,5.8169325310694315,1.0983318254886854e-08,2.374565371209491e-08,False
CALCOCO2,-0.23553529528020523,-5.006523220336565,7.807169188911445e-07,1.4526051023594077e-06,False
CALD1,0.2888215585913132,4.786461596063351,2.26635683353571e-06,4.079088182109038e-06,False
CALHM2,-0.40042854214011836,-5.8660087304046336,8.342718293974372e-09,1.815601209678647e-08,True
CALM1,-0.3242621354399944,-9.600663454083518,0.0,0.0,True
CALM2,-0.29106997736672646,-6.553148382518436,1.460831455801781e-10,3.6367662717485877e-10,False
CALM3,0.04189399078805334,1.1414869391090696,0.25423878399680033,0.2819734789966438,False
CALML3,0.1987560298020261,6.356851248945169,4.812275022914037e-10,1.1536440372309426e-09,False
CALML4,-0.27468252633364987,-7.698573871581388,7.971401316808624e-14,2.5400434790682856e-13,False
CALML6,0.37485132261492504,11.239144141840793,0.0,0.0,True
CALR,-0.013768336593223296,-0.405284706003853,0.6854495488164458,0.7104276905539535,False
CALU,-0.1126547546714769,-2.9662593015743948,0.0031653772144588643,0.0043237258547790414,False
CAMK1,0.018345673358462378,0.5468216442237674,0.5847564085624701,0.6134616639554731,False
CAMK1D,-0.4504977227129867,-4.213943769031149,3.0008096855160815e-05,4.917673462435587e-05,True
CAMK2A,0.28395998519400134,10.729106063049855,0.0,0.0,False
CAMK2B,0.17157103047122613,6.518137022500237,1.8107693122715318e-10,4.470263975151259e-10,False
CAMK2D,-0.0641624372730476,-1.7652634612645721,0.07815785685362853,0.09222499007344263,False
CAMK2G,-0.45631925654145267,-9.157041752655315,0.0,0.0,True
CAMKK1,-0.7081867652068814,-9.435440034842822,0.0,0.0,True
CAMKK2,-0.4687201526535345,-8.96503237022024,0.0,0.0,True
CAMKV,0.1781055618275147,7.7968966547316425,3.9968028886505635e-14,1.3020127962207536e-13,False
CAMLG,-0.37138748474312244,-8.335970299268594,8.881784197001252e-16,3.353302922492869e-15,True
CAMP,0.011228357519912358,0.07694275262053574,0.9387012767696352,0.9447706428230169,False
CAMSAP1,-0.038500792945245,-1.6461978525980414,0.10038022929733281,0.11693768823583907,False
CAMTA1,-0.18153573131696543,-3.3155574509745063,0.0009841780469725947,0.0014114475750843275,False
CAMTA2,-0.35277076541337005,-7.944994036557209,1.3988810110276972e-14,4.7337574518296254e-14,True
CAND1,-0.24429677591308563,-5.782739017557954,1.3287969391484467e-08,2.8567398174787153e-08,False
CANT1,-0.08028616569092151,-3.1959422488137337,0.0014859815714116653,0.0020976742305258544,False
CANX,-0.16350099454555522,-3.3154178488512827,0.0009846585715085343,0.001411960921848227,False
CAP1,-0.4830708616631725,-14.581324089280756,0.0,0.0,True
CAPG,-0.5016207815772207,-6.645425910724766,8.25841617313472e-11,2.0948842963739008e-10,True
CAPN1,-0.06537571862759783,-1.7305985130837962,0.08416867755826707,0.09899315874960979,False
CAPN10,0.053136058671666486,2.4924668416553777,0.013023406214121458,0.01668705408014072,False
CAPN12,0.10943840842092367,2.2508048764498843,0.024851499429265678,0.030914084441221526,False
CAPN2,-0.23536756480108245,-4.016736568460144,6.851757333703468e-05,0.00010881758269258271,False
CAPN3,-0.3192183224492844,-4.0787489444301475,5.3040102514945175e-05,8.503395140844168e-05,True
CAPN5,0.3163946501998951,11.68006377405198,0.0,0.0,True
CAPN7,-0.20121907645418524,-5.74354118619895,1.6512019307413084e-08,3.520954283637381e-08,False
CAPNS1,-0.08871181593036148,-1.8521522093174383,0.06462021993813982,0.07688084212636156,False
CAPNS2,-0.15904245820028784,-3.4520143178135703,0.0006058125860057828,0.0008880574164164688,False
CAPRIN1,-0.3154206605891945,-8.41677001030596,4.440892098500626e-16,1.713723151846858e-15,True
CAPRIN2,0.10799910248759836,1.6610831999889766,0.09735235996016423,0.11366327127317369,False
CAPZA1,-0.24244746634731484,-3.6115023344708264,0.00033661901433768016,0.0005035079114602957,False
CAPZA2,-0.11948970396278913,-1.3325666487768402,0.18330884301701178,0.20689149154545938,False
CAPZB,-0.4115064452355002,-8.232033481741663,1.7763568394002505e-15,6.487588596401866e-15,True
CARD10,0.1828782881392894,6.597917230518766,1.1085821149947606e-10,2.781476232329481e-10,False
CARD11,0.023654032607742348,0.6183397568164558,0.5366458769734881,0.5659791115965582,False
CARD14,0.16701991731545318,5.787893634509862,1.291259255076227e-08,2.7778424177555085e-08,False
CARD16,-0.6199836618794556,-9.813367695252195,0.0,0.0,True
CARD17,-0.19796227521698206,-2.864949481479019,0.004354413458919959,0.00587198415280953,False
CARD6,-0.43934117168029996,-7.755547797968559,5.3512749786932545e-14,1.727131871100241e-13,True
CARD8,-0.437186528260578,-7.61262264613834,1.4455103780619538e-13,4.519770370492847e-13,True
CARD9,-0.32858992445179425,-4.907815553864115,1.2654446783777473e-06,2.3200154783118367e-06,True
CARHSP1,0.36298799217105593,7.821519406141417,3.375077994860476e-14,1.1035345848083401e-13,True
CARKD,-0.39265656445795116,-7.7709417771431735,4.796163466380676e-14,1.5523182626928636e-13,True
CARM1,1.3525587951056908,15.467457319902586,0.0,0.0,True
CARS,-0.6272971650576515,-15.938466857069708,0.0,0.0,True
CARS2,-0.619181693295781,-13.504222055042368,0.0,0.0,True
CASC3,0.22194544751136025,7.553751543299656,2.1671553440683056e-13,6.678293849203534e-13,False
CASC4,-0.38746135844923213,-6.394660584018183,3.83355791555573e-10,9.257600341569487e-10,True
CASC5,0.13017355646076778,1.6834304961006823,0.09294461081406524,0.10875954611613343,False
CASD1,-0.08259788756887998,-1.758129553634518,0.07936534449470911,0.09358270070985303,False
CASK,-0.11800506880327033,-3.4822518299403438,0.0005428634344504246,0.0007991366008222927,False
CASP1,-0.5464062068251918,-8.888890368936725,0.0,0.0,True
CASP10,-0.17679085580210252,-4.904704865159919,1.2846847916581083e-06,2.3541654653372176e-06,False
CASP2,-0.45194115594872564,-11.534318719495664,0.0,0.0,True
CASP3,-0.07365568925363819,-1.3134158518070542,0.18967285842146153,0.21380190391983708,False
CASP4,-0.6112067483356949,-10.253883972178139,0.0,0.0,True
CASP5,-0.9253684658543277,-7.158663559826052,3.0893065883219606e-12,8.704922355890572e-12,True
CASP6,-0.22495571119902236,-5.507965972820449,5.938480907019539e-08,1.215231152388667e-07,False
CASP7,-0.11231145562121192,-1.779005254843461,0.07587420603289541,0.08962212667072623,False
CASP8,-0.379706200498231,-8.181257443884949,2.6645352591003757e-15,9.591494265492883e-15,True
CASP8AP2,-0.26661298362514074,-4.152138599548746,3.900880595608669e-05,6.326984452381901e-05,False
CASP9,-0.09992284894372716,-3.9519226699247394,8.922680912215597e-05,0.00014035280817671918,False
CASS4,-0.2562679746678893,-4.362540581337669,1.576040258077782e-05,2.644102495309929e-05,False
CAST,-0.5927959112331038,-12.365757792219569,0.0,0.0,True
CASZ1,0.14010198491835357,5.717364797055644,1.907696467462472e-08,4.050646195152113e-08,False
CAT,0.13102888569989624,1.9992194581014726,0.04615015702809755,0.05579969127812067,False
CATSPER1,-0.22028588466424326,-4.0132694012797385,6.949874517059307e-05,0.00011028461849015863,False
CAV1,0.008422797881986632,0.20040338170330715,0.841250338298579,0.8570991196587061,False
CAV2,0.11564554121701187,1.7429679305473664,0.08198215828031197,0.09652008189195764,False
CBARA1,-0.14684669498831937,-3.5655788218926516,0.0003995794389881624,0.0005945944396983133,False
CBFA2T2,-0.10095224779340173,-2.8060933722770263,0.005219238009707361,0.00697048146479062,False
CBFA2T3,-0.2750865002095959,-4.782614258636267,2.3081567610550024e-06,4.149135101528179e-06,False
CBFB,-0.11355679155122544,-2.386885149688463,0.017379630275783153,0.021989890284132924,False
CBL,-0.5899962329430819,-12.551701320346975,0.0,0.0,True
CBLB,-0.2230785250037548,-3.672528170851802,0.0002672757662085523,0.0004031359893880207,False
CBLL1,-0.40063754895570236,-5.699523470203221,2.104341256803366e-08,4.4558652457937454e-08,True
CBR1,-0.11184543159665905,-2.8566500109747714,0.004467902934941259,0.006018684821376256,False
CBR4,-0.15511886013387555,-5.138186868505155,4.0486399810468754e-07,7.735326578483821e-07,False
CBS,-0.35370951099710135,-5.308348069711693,1.6968800009564688e-07,3.346979577229035e-07,True
CBWD1,-0.14278706168151256,-4.226211024709121,2.8474664943045624e-05,4.677023605859725e-05,False
CBWD2,-0.6397211235786173,-7.96257896924855,1.2434497875801753e-14,4.2326531037636056e-14,True
CBWD5,0.07205396981206924,2.2655299996848335,0.0239267067482265,0.02981842854406806,False
CBX1,-0.35614293437278466,-5.408254448330587,1.0073451051084703e-07,2.0229442583236525e-07,True
CBX2,0.29434733587568784,9.905547364721222,0.0,0.0,False
CBX3,-0.10752326695629844,-1.661194706344865,0.09732995763370167,0.11364863476762388,False
CBX4,-0.17115425291149222,-4.577928623059173,5.9952982152111645e-06,1.0444621920904023e-05,False
CBX5,-0.16686509523934,-5.590133295574413,3.81910010283093e-08,7.919390474259133e-08,False
CBX6,-0.4439080727016629,-11.055634132078385,0.0,0.0,True
CBX7,-0.5988781550283591,-7.839819748215118,2.9531932455029164e-14,9.699980893911631e-14,True
CBY1,0.03051444346991472,1.0560246342297177,0.2914903188375433,0.3205113576450612,False
CC2D1B,-0.1723398272864487,-7.237331830458322,1.836086838125084e-12,5.268354176878449e-12,False
CCAR1,-0.2867385516868719,-6.323227488988818,5.88536552825758e-10,1.3995360346820617e-09,False
CCBL1,0.3847276072863286,10.775766836808549,0.0,0.0,True
CCBL2,-0.572358281016264,-7.987893123994369,1.0436096431476471e-14,3.574588010531593e-14,True
CCDC101,0.034180663834862735,0.7741609600773689,0.4392182875042199,0.4698073594355195,False
CCDC104,-0.06521345269153356,-2.3502055893786427,0.019168623848261124,0.02414207064379181,False
CCDC107,-0.24845978892297582,-5.928235996709669,5.870897989979085e-09,1.2947625675410927e-08,False
CCDC108,0.08469751922111657,3.1300572537838924,0.00185465358490422,0.0025901739384713517,False
CCDC109A,-0.4566147187558931,-6.664578533130271,7.330624995915969e-11,1.8669349840361716e-10,True
CCDC109B,-0.20239066897520797,-3.557345027441346,0.00041197445445684266,0.0006121689552229581,False
CCDC111,-0.004560129741114416,-0.13598339476886867,0.891891648604878,0.9034206736088277,False
CCDC112,-0.15441290649780903,-4.362659827990054,1.5752141822034105e-05,2.6431015535034357e-05,False
CCDC114,0.23002363698515405,6.705985495433147,5.660405477669883e-11,1.4537839620352148e-10,False
CCDC115,-0.4239228751257391,-8.341244456051319,8.881784197001252e-16,3.353302922492869e-15,True
CCDC116,0.15609772991719062,5.378575578166457,1.177118820194778e-07,2.349953499102885e-07,False
CCDC117,0.009566885811315817,0.17951119863847628,0.8576123825408444,0.8716877291527386,False
CCDC12,-0.3372147484619692,-9.03544843654112,0.0,0.0,True
CCDC120,0.2311454067644747,7.351698548474529,8.550937735662956e-13,2.5159195856220074e-12,False
CCDC124,0.3425612333806871,10.41330416973304,0.0,0.0,True
CCDC125,-0.25665513943232066,-3.951690016326531,8.931085459207289e-05,0.00014046582933452861,False
CCDC126,-0.2003875877230228,-3.118945878748402,0.001924567354963047,0.002684234333674699,False
CCDC127,-0.2334533609067111,-4.785189839597132,2.2800926711141756e-06,4.101247263985663e-06,False
CCDC130,-0.14023084908041827,-5.585221492080325,3.9218135627905326e-08,8.126528229858634e-08,False
CCDC132,-0.1431152023421971,-2.776678564270954,0.005707369437048193,0.007595977879301922,False
CCDC137,-0.2708560324147893,-9.039174671776802,0.0,0.0,False
CCDC14,-0.044244850343277964,-1.1448715087762276,0.2528352268969507,0.2804978309376842,False
CCDC142,0.04790838995013491,1.0100403349795388,0.31298689636504107,0.3423832914747301,False
CCDC144A,-0.05437508830430726,-1.8576153803105744,0.06383830048181327,0.0759898091608977,False
CCDC144C,0.21626360932108524,7.618137484827791,1.3922196728799463e-13,4.3649914022602345e-13,False
CCDC146,-0.19309655196548325,-4.467802149691464,9.875256794744658e-06,1.6854805603595157e-05,False
CCDC149,0.03582591851652683,1.5499158050764206,0.12182343942681495,0.1405251550928782,False
CCDC154,0.20005125451648453,6.25123405586499,9.030427516876216e-10,2.1151178236457326e-09,False
CCDC159,-0.07928912223822149,-3.238366976852107,0.0012857807348203298,0.001825802303303178,False
CCDC17,-0.1296611006792192,-3.3952689136409626,0.0007427214630217893,0.0010799556339999988,False
CCDC19,-0.01649756794690438,-0.27984138266848296,0.779720238668526,0.7991456027424817,False
CCDC22,-0.4492788567916337,-8.00016385268596,9.547918011776346e-15,3.2830587336612457e-14,True
CCDC23,0.6452526926178939,11.061848622241156,0.0,0.0,True
CCDC25,-0.0024972521267789816,-0.06663968587048924,0.9468964104710198,0.9526858024469976,False
CCDC28A,-0.3579696641332646,-7.352131046446291,8.524292383071952e-13,2.508720591737502e-12,True
CCDC30,-0.07604458386793711,-2.5756071495266215,0.010305738963030997,0.013377485588816098,False
CCDC34,0.16738049926657084,2.4688916122768436,0.013901812972287875,0.017769083846846875,False
CCDC43,-0.35319957560276416,-7.031432452020787,7.100986465502501e-12,1.944751856778966e-11,True
CCDC45,-0.13259755401253148,-3.2833237542525695,0.0011010994992659562,0.0015730578112420376,False
CCDC47,-0.38674054389847345,-6.960688719571596,1.1223466600540632e-11,3.030546455031119e-11,True
CCDC48,0.35679115501589465,11.933684094529301,0.0,0.0,True
CCDC50,-0.04366528793922475,-1.5303234842753257,0.1265980809526186,0.1455857362560749,False
CCDC53,-0.42822125371133435,-5.872293293452974,8.052952749082465e-09,1.753865810487444e-08,True
CCDC55,-0.39423548660684693,-7.010411103463593,8.138822948922098e-12,2.2210637656629625e-11,True
CCDC56,-0.027183095822656878,-1.027445195739639,0.30473043968265423,0.3338269077227289,False
CCDC57,0.22739203102615546,9.67052603527992,0.0,0.0,False
CCDC59,-0.2058345831180466,-6.506685165243224,1.9421486641135743e-10,4.788444020103652e-10,False
CCDC6,0.06360830916279214,1.1097847819881264,0.2676496917356903,0.2957652339891996,False
CCDC66,0.05305479320308315,1.842964708659495,0.06595305578421251,0.07836942950055127,False
CCDC69,-0.2341682145863384,-6.7801388775410745,3.551248184407996e-11,9.259128075191421e-11,False
CCDC71,-0.5307386606119766,-11.0764216351826,0.0,0.0,True
CCDC72,0.36244904230285435,5.943724777373156,5.37671618339175e-09,1.1908170297344659e-08,True
CCDC74A,0.14700558305440614,4.857071705514483,1.617014389054816e-06,2.9444180758018375e-06,False
CCDC75,-0.10452562785721753,-3.6187520610924913,0.00032757505985214763,0.0004902347816599829,False
CCDC76,-0.20511789186730667,-4.804517254234815,2.079737000615367e-06,3.7531710026771757e-06,False
CCDC82,-0.15383068982720927,-2.8153898732718305,0.005073026023708405,0.006790957207100188,False
CCDC84,-0.2722105872835989,-6.338515782947351,5.371174616186636e-10,1.2814946231121347e-09,False
CCDC85B,0.06755695949714013,1.623269217166384,0.10519103942512387,0.12222065595501329,False
CCDC86,0.013697808076948093,0.5381364332143859,0.5907333024344481,0.6194498780830595,False
CCDC88A,-0.2543962456307196,-4.851902060173604,1.6577114922977643e-06,3.015186906644236e-06,False
CCDC88B,-0.5825077680580071,-10.54965726412021,0.0,0.0,True
CCDC88C,-0.10289417637574205,-1.9683141447620254,0.04960929609041398,0.05980007133376713,False
CCDC9,0.08910588512998974,2.2267919137508607,0.026426250062825174,0.032777428068664065,False
CCDC90A,0.5554935504860277,7.299537100724743,1.213029676705446e-12,3.5285072843358673e-12,True
CCDC90B,-0.2677318764251022,-4.6985333607535775,3.4307475520467534e-06,6.0882697409584285e-06,False
CCDC91,0.14944377690898225,4.58295181572703,5.858944001513322e-06,1.021479884265657e-05,False
CCDC92,-0.0361925020703211,-0.5179590828572901,0.6047264265236825,0.633200955106472,False
CCDC93,-0.48483101659105543,-10.884845381909317,0.0,0.0,True
CCDC94,0.07551810917116475,2.2725037993709476,0.02349927384644701,0.029301595089545694,False
CCDC97,-0.23987529152726772,-9.815887349183432,0.0,0.0,False
CCL14,0.18658586313031655,6.669546901731193,7.107159305519417e-11,1.812427895512025e-10,False
CCL22,0.36977409498677005,10.568899484845012,0.0,0.0,True
CCL3,-0.037328457693410755,-0.607578511883433,0.5437555444945086,0.572967750423703,False
CCL4,-0.3508748398526036,-2.3832639243373404,0.017549467501090543,0.022185284914954122,True
CCL4L1,-0.13211573220293005,-1.6405568974419809,0.10154716352229709,0.11820147298032946,False
CCL5,0.24684064798172578,2.1801207592744745,0.029735559645967413,0.03670423398648721,False
CCM2,-0.2683158572248052,-9.621437084540663,0.0,0.0,False
CCNA1,-0.7298009282421623,-4.570365113431832,6.2063713879290106e-06,1.0797642654818649e-05,True
CCNA2,0.08064442045045217,1.1794919534800474,0.23878896633034197,0.265810794661694,False
CCNB1,0.015158063001921018,0.14517406764537155,0.8846346251670485,0.8967795694182198,False
CCNB1IP1,-0.19592225801930008,-3.482877318898938,0.0005416282628616376,0.0007975221730670079,False
CCNB2,-0.011151062939327439,-0.10386144626196947,0.9173228590179274,0.926004908687013,False
CCNC,-0.029741863137083602,-0.5418684604616705,0.588161581957034,0.6168654522956455,False
CCND2,-0.2560039527628488,-3.245191554889412,0.001256011592624784,0.0017861725352401093,False
CCND3,-0.33573574932156625,-6.910197051587765,1.5526024910172964e-11,4.151445704277678e-11,True
CCNDBP1,0.6239156612448244,18.191452353991593,0.0,0.0,True
CCNE2,-0.00750610712112465,-0.1329407469057769,0.8942961792118735,0.9052845675925166,False
CCNF,0.2987119201420403,7.083360657191726,5.063061081500564e-12,1.3999376043640182e-11,False
CCNG1,0.2506715966631039,3.7161154491735178,0.0002262307434723887,0.0003435665041606388,False
CCNG2,-0.11896143556539274,-2.2236690297946637,0.02663727071054045,0.03302494040627656,False
CCNH,-0.6152326874099852,-9.746575828118031,0.0,0.0,True
CCNI,0.43257028248501506,12.104196655920049,0.0,0.0,True
CCNJ,-0.14978634199384278,-5.662524538083752,2.577065538744705e-08,5.420967483710785e-08,False
CCNJL,-0.3388040545722557,-6.322989337265544,5.893745491647451e-10,1.4007541969519758e-09,True
CCNK,-0.4807386517924517,-12.779274111278383,0.0,0.0,True
CCNL1,-0.4930471374410512,-7.867396431834991,2.4424906541753444e-14,8.09641722171102e-14,True
CCNL2,-0.343429064449182,-9.847712045646377,0.0,0.0,True
CCNT1,-0.5529433598500773,-10.40035970706271,0.0,0.0,True
CCNT2,-0.22416075197807972,-5.451746610094108,8.007538299104056e-08,1.6222095263344988e-07,False
CCNY,-0.4068614916975548,-8.560709892239794,2.220446049250313e-16,8.732440437457957e-16,True
CCNYL1,-0.23084484360647473,-4.785628985901946,2.2753405519715386e-06,4.093338719062963e-06,False
CCPG1,-0.2685656919182762,-3.561826377900101,0.0004051843177774739,0.0006025455921093108,False
CCR1,-1.0067995055315242,-10.837515998881024,0.0,0.0,True
CCR10,0.05480537081274539,1.553777489338488,0.1208992273553191,0.13959885724798723,False
CCR2,-0.25313106578771416,-3.461496364583413,0.0005853744378563341,0.000859190640885208,False
CCR3,-0.24050695259848442,-2.209912083101493,0.027584332519445365,0.034177038430836956,False
CCR4,0.052484308361911314,1.8203147340019121,0.06933619609459507,0.08219446771777715,False
CCR5,-0.22842270823705269,-3.975802175721325,8.098797432887217e-05,0.00012786464861489562,False
CCR6,-0.08878465663249901,-3.906657786225983,0.00010706991457465342,0.00016734577286098138,False
CCR7,-0.3315480578808607,-2.4713377254837874,0.013808293268598781,0.017653466166591494,True
CCRL2,-0.0904992879211961,-0.9177853132371502,0.35919405471401555,0.38938041749018876,False
CCS,0.8354746114333906,14.41627760686033,0.0,0.0,True
CCT2,-0.05567000638670194,-0.8525108241193362,0.39435751622556947,0.42478064610083544,False
CCT3,-0.14711096168739335,-2.335508963067548,0.019929550163039655,0.025048389342940947,False
CCT4,-0.3161930312336967,-4.815081524103211,1.9775082547024425e-06,3.575968223848891e-06,True
CCT5,-0.38687512656296974,-8.15006873919841,3.1086244689504383e-15,1.1144800889461594e-14,True
CCT6A,-0.2388498855654304,-3.751823524692017,0.00019710694794183858,0.0003011639386313886,False
CCT7,-0.3934036830465901,-7.7920466492891425,4.1522341120980855e-14,1.3503553003178386e-13,True
CCT8,-0.37267752253682396,-6.006962924918197,3.747702370660022e-09,8.40533169930545e-09,True
CD101,0.18165497477705017,5.812597102517035,1.1252380138770945e-08,2.4313668508441666e-08,False
CD14,-0.7714194326081323,-9.647915116420217,0.0,0.0,True
CD151,0.07543537496549835,1.1155977902066978,0.2651547876171432,0.2932051452972902,False
CD160,0.045185846035324495,1.0104923456607902,0.31277062149872137,0.34224420908556774,False
CD163,-0.8284209986512323,-5.083437359757142,5.328992322972681e-07,1.0071314613342463e-06,True
CD164,-0.3157114417830913,-3.804647096232158,0.00016043146532429553,0.0002468951301363474,True
CD164L2,0.15248253918223353,5.191182755232519,3.0958822661020236e-07,5.971444712530008e-07,False
CD177,-0.5660369494211546,-2.7109461348708326,0.006950572062782268,0.00918582372546913,True
CD180,-0.10544784280920849,-1.8125560994406347,0.07052745046252928,0.08355504493241539,False
CD19,-0.0667364904980996,-1.183726381355429,0.2371096388275924,0.26399245405519395,False
CD1C,0.22151386729800882,6.128173076443016,1.8602162032976821e-09,4.264244864833035e-09,False
CD1D,-0.4740062689382585,-5.19857220951032,2.9816593238862765e-07,5.757876571977539e-07,True
CD1E,0.1653023625334762,7.529715521115121,2.5557334026871104e-13,7.833819336230129e-13,False
CD2,-0.15117135379169966,-1.1710591593111543,0.2421583571168715,0.26930122761433123,False
CD200,-0.07193448507294109,-1.6589011746499036,0.09779157523379234,0.11414136742507386,False
CD200R1,0.05297673038820916,0.9903845073015051,0.32248720829332567,0.35224067441028056,False
CD22,-0.07496278375058907,-1.4821716438377313,0.13895347566898764,0.15905844044828268,False
CD226,0.33580274832877066,6.748061044648186,4.3469006172358604e-11,1.1262246560940143e-10,True
CD24,0.5662257597945173,3.0630575567771072,0.0023144879383925065,0.0032067099545758098,True
CD244,-0.12312792894324653,-2.3988712401515655,0.016827745761364143,0.02133378862262311,False
CD247,-0.1336668156685219,-1.8499984307696573,0.06493065195255143,0.07721827171602724,False
CD248,0.17171194991040162,5.73629648561035,1.7186178258299378e-08,3.659289969636794e-08,False
CD27,-0.00396430603870801,-0.037242085011420505,0.9703075286409217,0.9729843883874263,False
CD274,-0.17863809725207336,-3.741473577667847,0.00020516273197035417,0.00031289150133278294,False
CD276,0.19064428849013204,6.513398938480442,1.8640355925469976e-10,4.597821411252434e-10,False
CD28,-0.004873983617184052,-0.17749040101773414,0.8591983804087038,0.8729146360846585,False
CD2AP,0.3894892349955139,10.52470263756193,0.0,0.0,True
CD2BP2,-0.37629461199993486,-11.985283794171098,0.0,0.0,True
CD300A,-0.4275086403880213,-7.823178138238666,3.3306690738754696e-14,1.0899425301696458e-13,True
CD300C,-0.17725681008414584,-4.362081822150155,1.5792221560451125e-05,2.649054902502352e-05,False
CD300E,-0.18088378976271668,-3.1676369383127465,0.0016351783286499,0.0022975871148717,False
CD300LB,-0.1680366493904355,-3.3036031230752227,0.001026124822707697,0.0014681321367246256,False
CD300LF,-0.6574784949863783,-9.102862678218868,0.0,0.0,True
CD300LG,0.22815571071967522,7.5940163988525935,1.6431300764452317e-13,5.116846539760104e-13,False
CD302,-0.47074930351755473,-6.137403749600309,1.7627714843371223e-09,4.045699288320246e-09,True
CD320,0.011487420743996779,0.2619251867030629,0.7934919364946795,0.8123929976430729,False
CD33,-0.1625215358031098,-3.812705346713463,0.00015543824235342285,0.00023962702270731768,False
CD36,-0.08521503839741129,-0.9106383714337987,0.36294485702788704,0.3931134751390908,False
CD37,-0.478020247093216,-13.158985019792201,0.0,0.0,True
CD38,-0.2366516132637977,-2.3509214864035166,0.01913221746475191,0.024098853250571598,False
CD3D,-0.15164724769183913,-1.383375700822927,0.1671953456301405,0.18974601835737187,False
CD3E,-0.055104654679154486,-1.0017833376340162,0.3169550263443779,0.3463951564004638,False
CD3EAP,-0.1283013103442916,-4.0211462493369226,6.728866629357455e-05,0.00010693958982280426,False
CD3G,-0.3484947417186266,-2.9953177533561415,0.002883902974675223,0.003954252870525401,True
CD4,0.015949480762161183,0.4155817592279384,0.6779025441112978,0.7033017567880788,False
CD40,-0.32723964147831985,-5.243067204325165,2.3754323486002704e-07,4.624405141714807e-07,True
CD40LG,0.18034535593830192,6.766082854650524,3.880540333511817e-11,1.0097118613445363e-10,False
CD44,-0.5889817308231224,-9.320553869681321,0.0,0.0,True
CD46,-0.40614275749528517,-4.202850519737199,3.1462292014339255e-05,5.1435444466814344e-05,True
CD47,-0.267925136579759,-4.853058322720989,1.6485241622898883e-06,2.9989497513293153e-06,False
CD48,-0.49291704020356164,-8.97725470606315,0.0,0.0,True
CD5,-0.09773767434047054,-1.32825482001112,0.18472768148988306,0.20847243686508896,False
CD52,-0.10709176886725835,-0.9272859514006917,0.3542459869984922,0.3843782520945395,False
CD53,-0.49523766641145883,-11.47903602235877,0.0,0.0,True
CD55,-0.3703852261123135,-6.695073988371621,6.06026340221888e-11,1.553363910328422e-10,True
CD58,-0.39658509336644876,-4.990579545020108,8.445180714744538e-07,1.568274006982788e-06,True
CD59,-0.36957641147247067,-4.374770012498836,1.4934436311397903e-05,2.5099178854828193e-05,True
CD6,0.017623851105602384,0.30109749652817486,0.7634710618190521,0.7836769881566263,False
CD63,-0.4259486939242514,-8.109365490604272,4.218847493575595e-15,1.4897886044910262e-14,True
CD68,-0.4619699377463107,-7.627167533785858,1.3078427230084344e-13,4.112760121849346e-13,True
CD69,0.02383957595240549,0.291955204446574,0.7704475230966144,0.7905562995323268,False
CD7,0.14182387324746726,5.699347494655395,2.1063758737227545e-08,4.45935373817541e-08,False
CD70,0.15013546271275446,4.615074283858863,5.054855924280233e-06,8.858494658722653e-06,False
CD72,-0.1152504559441967,-2.284567109929056,0.022775581600556594,0.028454655580999067,False
CD74,-0.48455521080893416,-5.397844745984439,1.0639920100530276e-07,2.1303883128456151e-07,True
CD79A,0.0745545740953486,1.7946611041748828,0.07333932892661621,0.08672577044509723,False
CD79B,0.21478691623766544,6.943485934737153,1.2538192706301743e-11,3.372896818867113e-11,False
CD81,-0.5548314984960045,-6.73145407881861,4.825095878402408e-11,1.2467536882754001e-10,True
CD82,-0.580766124906722,-8.661575135461572,0.0,0.0,True
CD83,0.07295119046028731,1.989475563537219,0.047218075949403415,0.05701908133569326,False
CD84,-0.18899059989491462,-4.279104851536752,2.2677809319748832e-05,3.757561644910627e-05,False
CD86,-0.1571429224074925,-2.6104935134461456,0.009325000290730578,0.012161988037695373,False
CD8A,-0.1278703608501215,-1.1952572160468509,0.2325791285033605,0.25919881784348003,False
CD8B,0.0015438590434238009,0.021953817183720744,0.9824939551200451,0.9844596267421537,False
CD9,0.15188628605436616,1.3736018698770207,0.1702090859821137,0.19295723466469517,False
CD93,-0.48359817313384923,-7.205406285093427,2.26885177312397e-12,6.46583463003835e-12,True
CD96,-0.053270487082802465,-1.157132267241733,0.24779615788161435,0.2751459362481507,False
CD97,-0.7509370165992912,-9.982113462498484,0.0,0.0,True
CD99,0.2704540014107062,3.8353490419453813,0.00014218110400143757,0.0002199253574583805,False
CD99L2,-0.659124363155474,-9.943794937490708,0.0,0.0,True
CDA,-0.4142674464773135,-6.280261338856002,7.602318774502237e-10,1.7908202446521732e-09,True
CDADC1,-0.2992585204478777,-4.158574265200462,3.796346130657824e-05,6.16611831345847e-05,False
CDC123,-0.8233329254859392,-11.236027065085755,0.0,0.0,True
CDC14A,-0.30203827074028444,-9.278607921007193,0.0,0.0,True
CDC14B,0.12466274317256243,2.0226082796600804,0.04366976386211774,0.052917316424125206,False
CDC16,0.04510385875394629,1.0485298858320293,0.2949243273688609,0.32400890099779767,False
CDC20,-0.007471258818967819,-0.09981265250441289,0.9205349041531719,0.928515022849421,False
CDC23,-0.29776810851991087,-5.741604595027346,1.66896636510927e-08,3.558175746750635e-08,False
CDC25B,0.12852764931622573,3.3385157902284313,0.0009080508745333837,0.0013071529647275739,False
CDC26,-0.261862355343462,-6.20739298396813,1.1697596224991003e-09,2.7215635410153778e-09,False
CDC27,0.45786484914059944,15.518256135884396,0.0,0.0,True
CDC34,1.2676921516536108,18.428264397472567,0.0,0.0,True
CDC37,-0.1348999253910561,-2.9101608279040474,0.0037809452575283675,0.005126260407423407,False
CDC37L1,-0.10999311209764029,-3.8079673553751183,0.00015835602787706016,0.00024383145102471006,False
CDC40,-0.39806966520639353,-8.346618223688298,6.661338147750939e-16,2.5382717209375807e-15,True
CDC42,-0.22587569676642882,-5.62537458712885,3.1551555812470156e-08,6.594853409614293e-08,False
CDC42BPA,1.1474744398831542,15.95792594994918,0.0,0.0,True
CDC42EP1,0.420007717223037,13.15826132200904,0.0,0.0,True
CDC42EP2,-0.15118286984160756,-2.8225845795967603,0.004962430928381556,0.006649091760384686,False
CDC42EP3,-0.533346882814131,-9.08445630094114,0.0,0.0,True
CDC42EP4,-0.1771664580108503,-4.594088293098322,5.56718258715172e-06,9.722312950485243e-06,False
CDC42SE1,-0.48682885832568257,-12.696716772645887,0.0,0.0,True
CDC42SE2,-0.26891068133406115,-3.9438440723393393,9.218950566913797e-05,0.0001448746133428104,False
CDC5L,-0.30515174266309586,-8.646606096841335,0.0,0.0,True
CDC6,0.04616327541018306,1.1902761681627778,0.23452858546974764,0.2612450223407816,False
CDC7,-0.0789893267145656,-2.173880784813776,0.030204039618089817,0.037254559627452256,False
CDC73,-0.3944911433321394,-9.558694210643806,0.0,0.0,True
CDCA2,-0.06070741877901531,-1.6768829003454566,0.09421908129174561,0.11016134768571029,False
CDCA4,-0.0020690557168578927,-0.050540038753757385,0.9597131527552891,0.9639811481154671,False
CDCA5,-0.07683388244190414,-1.2258652084874797,0.2208529198312268,0.2467751269314096,False
CDCA7,0.11269265196801648,2.1649210589202452,0.030887830263097937,0.03803280778200162,False
CDCA7L,-0.09658700268066012,-1.1180581312160385,0.2641036818541609,0.29215502845271096,False
CDH22,0.2897817527656974,7.985920615453887,1.0436096431476471e-14,3.574588010531593e-14,False
CDH23,-0.3065653573315865,-6.5848386829012115,1.2018275263869782e-10,3.006918174728845e-10,True
CDH24,0.48869736233942396,12.645871976848934,0.0,0.0,True
CDH4,0.2706612221777136,9.596026463114027,0.0,0.0,False
CDHR3,0.18118858629503976,5.910894127895342,6.476860603399359e-09,1.4221684576926652e-08,False
CDHR5,0.1743348682544541,6.9872844827746885,9.453104965473358e-12,2.5645387681885917e-11,False
CDIPT,0.6384552894839537,15.549535742147759,0.0,0.0,True
CDK1,0.16517998063661476,2.604877889709411,0.009477000342092534,0.012343081120553783,False
CDK10,0.2112513095916735,7.93728105460401,1.4876988529977098e-14,5.021038115347383e-14,False
CDK11A,-0.2919070662632861,-9.948535069365986,0.0,0.0,False
CDK11B,0.057851033846128,1.713800274783542,0.08721363297169926,0.10237581149505796,False
CDK12,0.006568713170514329,0.31174110258793813,0.7553731940112898,0.7762640576158486,False
CDK13,-0.2719151351361089,-10.683841317141832,0.0,0.0,False
CDK14,-0.08586662258301736,-2.207215450778921,0.027773352219062852,0.03440753325568778,False
CDK15,0.19007172410088735,7.396633033765471,6.317169010117141e-13,1.8783549258528482e-12,False
CDK16,0.09693380607594282,5.042380606666559,6.537880301582533e-07,1.2267444729423229e-06,False
CDK17,-0.09543692159684714,-1.0785165341919039,0.2813471724928358,0.30989080894482457,False
CDK18,0.3146426709097896,12.104465268447017,0.0,0.0,True
CDK19,-0.5740860391750955,-10.49608054825704,0.0,0.0,True
CDK2,0.005565696254759889,0.18880817961769453,0.8503232854591896,0.8654880122987177,False
CDK2AP1,0.12205518440836904,1.6290739154198368,0.1039560973961926,0.12083453944568542,False
CDK2AP2,-0.09926162356435952,-2.0976549370759106,0.03646009669309236,0.04454644185487175,False
CDK3,0.03314118756276763,0.7725871436581669,0.4401485367015767,0.4706712768534592,False
CDK4,-0.05667349274061717,-1.2445155081256283,0.21391966397122242,0.23939965114976303,False
CDK5,-0.3093065389864642,-5.749648758152152,1.59637514318689e-08,3.408460662533788e-08,True
CDK5R1,-0.16278959823288286,-2.1172664764482323,0.034753004609497484,0.042564578426028864,False
CDK5RAP1,-0.09005129279381707,-2.9053552314461144,0.0038384509487028318,0.005198720338401872,False
CDK5RAP2,-0.8496505017072655,-6.8785149908258365,1.9014345653545206e-11,5.051343348320739e-11,True
CDK5RAP3,-0.4234959303755783,-10.425325407871677,0.0,0.0,True
CDK6,-0.12316959717242337,-2.655844755628505,0.0081752660457588,0.010735395529080668,False
CDK7,-0.43037579112778435,-7.155761217234528,3.149036587046794e-12,8.860222874008798e-12,True
CDK8,0.4778019735690884,13.763080531953497,0.0,0.0,True
CDK9,-0.26424753521759436,-10.939894688407314,0.0,0.0,False
CDKL1,0.5254632627434943,12.451668701198052,0.0,0.0,True
CDKL3,-0.28282494722538054,-9.631250578027519,0.0,0.0,False
CDKN1A,0.18738401039008679,3.1597646970549187,0.0016790650979834343,0.0023556213834939822,False
CDKN1B,-0.31526041266636007,-4.774174889889282,2.402464197359677e-06,4.3132769777721515e-06,True
CDKN1C,-0.4145570190971801,-4.578569182047624,5.97774231025916e-06,1.041561241444188e-05,True
CDKN2A,-0.006742489004781138,-0.1336916276758954,0.8937026849549696,0.9048572759072071,False
CDKN2AIP,-0.12080120091186286,-4.021752539772285,6.712134809427894e-05,0.00010670312016257234,False
CDKN2B,0.1261536814036548,5.985801881608654,4.230269690097543e-09,9.454496810289795e-09,False
CDKN2C,0.2872946379975003,3.138540148611111,0.001802862373978753,0.002521818055356558,False
CDKN2D,0.043445490344469206,1.0018203392146077,0.3169371706885791,0.3463951564004638,False
CDKN3,0.1303659083260631,2.55340413663373,0.010976906217757154,0.01419750535844876,False
CDR2,0.4916737574629293,8.667200074307845,0.0,0.0,True
CDRT4,0.05312030717240823,1.9248335450326057,0.05484323949246783,0.06584732913422316,False
CDS2,-0.8584979613080392,-13.149845479377122,0.0,0.0,True
CDT1,0.15446393839780415,3.9474447698428112,9.085767452998716e-05,0.0001428596168319577,False
CDV3,0.0839292485559131,2.1847565067297494,0.029391590787779753,0.03630299531250643,False
CDYL,0.03174776794653367,0.9666641999542297,0.33420068168820216,0.36406824781221875,False
CDYL2,0.2547115435264824,9.737607859176158,0.0,0.0,False
CEACAM1,-0.3051942800141729,-2.1690157923612152,0.030573690574261514,0.03767016169910348,True
CEACAM19,0.1056396581599306,4.311066622823872,1.974083679390226e-05,3.2860505640023145e-05,False
CEACAM21,-0.06418164520295111,-0.8075778623920156,0.4197352601948303,0.4503894235849325,False
CEACAM3,-0.35040277279356236,-7.390956166250953,6.563638521583925e-13,1.9486224775805475e-12,True
CEACAM4,-0.7029651861954731,-8.45962284637251,2.220446049250313e-16,8.732440437457957e-16,True
CEACAM6,0.3718561483803673,3.2071261433747154,0.0014305798093552369,0.0020226891891448355,True
CEACAM8,0.6288901229403212,3.2818834316523935,0.001106613237362497,0.0015797593110891813,True
CEBPA,-0.5950945411752251,-7.876858130880764,2.2870594307278225e-14,7.596492959213895e-14,True
CEBPB,-0.48262398596618183,-9.526123231742899,0.0,0.0,True
CEBPD,-0.37466055160388656,-9.489281444086773,0.0,0.0,True
CEBPE,0.16910784804726697,1.538392400533472,0.12461428112654871,0.14345711615997547,False
CEBPG,-0.15008113820045033,-2.9491771119727193,0.0033423493136341964,0.004556814030506842,False
CEBPZ,-0.1872355895482709,-2.6062087881544405,0.009440777389618571,0.012299504514988239,False
CECR1,-0.6285649366059065,-5.088194960578434,5.203760273797542e-07,9.850799440242215e-07,True
CECR5,-0.08274946766173175,-1.824941361854553,0.06863375133713046,0.08141202570820777,False
CECR6,-0.2452846206567978,-2.526824938079532,0.011831400318758512,0.01524280284887365,False
CELA1,0.06240697538005513,1.8668914995905979,0.0625286124761637,0.07458497329532253,False
CELA3A,0.2946018708307361,9.392396778437877,0.0,0.0,False
CELF1,-0.4476388474984425,-14.330603309003402,0.0,0.0,True
CELF2,-0.5741485221367109,-11.243373003718721,0.0,0.0,True
CELF3,0.23161981033124857,9.76875788627633,0.0,0.0,False
CELF4,0.2665271167336698,6.488338081032905,2.1723445264854035e-10,5.337721117872304e-10,False
CELSR3,0.22235012032591106,7.152563373734044,3.2158720131292284e-12,9.03723584270202e-12,False
CENPA,0.07044630126951779,1.2943364744439347,0.19617408484162158,0.2207629233382805,False
CENPBD1,-0.3341249508018511,-8.212749590081561,1.9984014443252818e-15,7.261699128448871e-15,True
CENPC1,-0.1634844971527376,-3.999682194500552,7.347381091760141e-05,0.00011635205223533829,False
CENPF,-0.04026529704534587,-0.7045953539766102,0.4814051880140011,0.5114180910018702,False
CENPM,0.7800329161140742,16.19259313954778,0.0,0.0,True
CENPN,0.1545611514571661,4.310416276441002,1.9796798194748888e-05,3.294413730212546e-05,False
CENPT,0.41854160964380904,12.242368530975696,0.0,0.0,True
CENPV,0.23198359746904273,7.4056831157303735,5.941913627793838e-13,1.7690592679906233e-12,False
CENPW,-0.07760265530654564,-1.0199118394981113,0.30828611945335727,0.33759366954874254,False
CEP110,-0.21469066657280989,-4.902761983666863,1.2968447065109245e-06,2.3760703315252647e-06,False
CEP120,-0.10983208832320335,-2.2943957506161645,0.022200387577570924,0.027787272031515754,False
CEP135,-0.37758312693083695,-6.360862685571342,4.697813249521232e-10,1.1277033661725388e-09,True
CEP152,-0.12236906947770887,-3.221411063616963,0.00136259409895656,0.0019298809081372942,False
CEP164,-0.07817511742314265,-3.1869612806970444,0.0015318991323394204,0.002159317927731006,False
CEP170,-0.22532694458632907,-6.230671671482186,1.0197647171139579e-09,2.38027756361412e-09,False
CEP192,-0.3487600251536547,-5.875211007326368,7.921783895525891e-09,1.72660413798605e-08,True
CEP250,-0.056751307645358295,-1.7394900538605151,0.08259221417346785,0.09718865206498889,False
CEP350,-0.5309080399696056,-13.012626891508738,0.0,0.0,True
CEP55,-0.014450460962174727,-0.1822474957376891,0.8554657536311006,0.8697361002715487,False
CEP57,-0.08741508183459956,-1.9233363785636848,0.05503138909852301,0.06605945925655342,False
CEP63,-0.44245560534119743,-7.715731139621986,7.061018436615996e-14,2.256196154545899e-13,True
CEP68,-0.18048187023042095,-5.776706184572985,1.3740818927132636e-08,2.9480442023028654e-08,False
CEP78,-0.051422887731988,-0.9762959622508633,0.3294115744295041,0.3592588454699354,False
CEP97,-0.049185133980568896,-1.3897592910157113,0.1652488040438893,0.1877034783336516,False
CEPT1,-0.4533955842763193,-5.456355523415449,7.81442992536796e-08,1.584481927659101e-07,True
CERK,-0.1810884059787572,-3.715687992366053,0.000226602752647187,0.00034408609382322004,False
CES1,-0.45338621560915815,-3.2338305088378885,0.0013059290783903332,0.0018525858440859911,True
CES2,-0.2817158577604131,-9.712684363503856,0.0,0.0,False
CETN2,0.3543648786590703,7.946200015194776,1.3988810110276972e-14,4.7337574518296254e-14,True
CETP,-0.16263784897914935,-2.3833794832199877,0.01754402527023524,0.02218083932475466,False
CFB,0.2653114386779323,8.062545700155377,5.995204332975845e-15,2.092055701652492e-14,False
CFD,-0.57034481235128,-3.3720964031829497,0.0008065129438357133,0.0011693168785454477,True
CFDP1,-0.11581105664143942,-3.9787618788241046,8.001858381034843e-05,0.00012638613285498472,False
CFL1,-0.42272293985312626,-8.85495667070261,0.0,0.0,True
CFLAR,-0.5831530645434402,-13.486638392783524,0.0,0.0,True
CFP,-0.5315865599045502,-9.097112277460987,0.0,0.0,True
CGB,0.7018585431327278,15.295084713089027,0.0,0.0,True
CGB7,0.185560973227906,6.698364169293471,5.93687321526204e-11,1.522753118828845e-10,False
CGGBP1,0.1426595182997703,2.666494997807452,0.007924440622739226,0.010423847383045923,False
CGRRF1,0.11704792609793202,2.733149406473129,0.00650571015170387,0.008614699992812608,False
CHAC2,0.27454134757283244,5.8675002322535885,8.273042029216526e-09,1.8007779881811257e-08,False
CHADL,0.2809222723451885,8.576738240101513,2.220446049250313e-16,8.732440437457957e-16,False
CHAF1A,0.06149959197661037,2.48032757017008,0.013469363775624243,0.017229716971839608,False
CHCHD1,-0.3127245752658059,-5.885818375345102,7.462247042511194e-09,1.6289108145288315e-08,True
CHCHD10,-0.4372282913297525,-6.755672413875862,4.143596576966502e-11,1.0754864571896605e-10,True
CHCHD2,-0.10853610854172047,-2.8433045681917273,0.004656040311765919,0.006258218010645463,False
CHCHD3,-0.013623858920574605,-0.2628531376449198,0.7927770162553163,0.8117331955773324,False
CHCHD4,-0.14448421804818334,-4.9126532468996,1.2360740877515042e-06,2.2686962104540435e-06,False
CHCHD5,-0.15662862995388993,-4.585912305075831,5.779981515630084e-06,1.0081709127580699e-05,False
CHCHD6,0.2201762894337831,7.3073081311288,1.1515233211412124e-12,3.3563757935793585e-12,False
CHCHD7,-0.34856693273240325,-3.701354146106876,0.0002394159953107433,0.00036263416830827777,True
CHCHD8,-0.1829294760072253,-3.3817696280613676,0.0007792873060787908,0.0011311253123389101,False
CHD1,-0.40808582983139097,-7.74343313090365,5.81756864903582e-14,1.871859588498425e-13,True
CHD1L,-0.25213440797788333,-3.669132172174483,0.0002707516708959634,0.0004081649649326793,False
CHD2,-0.04708890478619665,-1.0468876823451125,0.2956803833978352,0.32474659957662694,False
CHD3,-0.052969367281691326,-1.7530464265904957,0.08023496629572491,0.09455003342817955,False
CHD4,-0.6913419843561925,-12.310053645056806,0.0,0.0,True
CHD6,-0.11379242838306558,-3.475254969507164,0.000556860940208681,0.0008188002515016336,False
CHD7,-0.38992448102790167,-7.655356940945674,1.0746958878371515e-13,3.391622447122232e-13,True
CHD8,-0.41178266591295376,-10.061875357254706,0.0,0.0,True
CHD9,-0.339834474218911,-6.228758759606676,1.031345231439218e-09,2.4063329392238913e-09,True
CHDH,0.23773240286863606,7.355894470028319,8.311129562343922e-13,2.447862475802599e-12,False
CHEK1,0.19993106542178696,6.837223121542535,2.4735991033253413e-11,6.514263390764655e-11,False
CHERP,-0.0657302168102123,-2.6798372496160057,0.007619982362474964,0.010040560150234398,False
CHFR,-0.08661325915423301,-3.8001094457719686,0.0001633094255066858,0.0002511228504086923,False
CHI3L1,-0.13554153763972465,-0.7119219486801102,0.47686037127177894,0.5071980255475181,False
CHI3L2,0.07337132400562218,1.2558787845750536,0.20977334145968207,0.23514783186785496,False
CHIC1,0.04487529959182668,1.4593276215889466,0.14513169748635457,0.16583394736090848,False
CHIC2,-0.44484359767900106,-7.926518620441564,1.5987211554602254e-14,5.3815514289147686e-14,True
CHID1,0.49500648238061506,14.791531026243993,0.0,0.0,True
CHIT1,-0.007301900761985003,-0.04705253791883659,0.9624910036311001,0.9662658071140529,False
CHKA,-0.19465974774267503,-3.0346497791373275,0.0025393751860536273,0.003504380348406821,False
CHKB,-0.7003884114063395,-13.334958235654838,0.0,0.0,True
CHKB-CPT1B,-0.4837057322414311,-7.952179750886799,1.3322676295501878e-14,4.5189607846845157e-14,True
CHM,-0.04676411105986311,-0.6647514567073926,0.5065300006218121,0.5361314965692047,False
CHML,-0.09435867136278464,-2.802144030584478,0.0052824996126839,0.007050882159734165,False
CHMP1A,-0.36966075931814135,-11.821927281733059,0.0,0.0,True
CHMP1B,-0.4957398941898079,-7.535096228884254,2.462474668618597e-13,7.560033504215784e-13,True
CHMP2A,-0.3411914259961124,-9.740514569229182,0.0,0.0,True
CHMP2B,-0.3917971963173583,-5.169740995816088,3.4518278768658206e-07,6.63246126999456e-07,True
CHMP4A,-0.5336407816780726,-12.684649955487245,0.0,0.0,True
CHMP4B,0.018316158587776243,0.49487396877764883,0.6209164397476679,0.6488557080153666,False
CHMP5,-0.14037508684645328,-1.3483077056600123,0.17819787515271623,0.2015574748511526,False
CHMP6,-0.15340069905899023,-4.630771265064144,4.70158284415767e-06,8.264540329902671e-06,False
CHMP7,-0.43832701384955275,-9.406874189893264,0.0,0.0,True
CHN2,0.16603827217175926,8.904666488012566,0.0,0.0,False
CHORDC1,-0.10866052148111427,-1.870172579261331,0.062070729309036565,0.07407715819631085,False
CHP,0.08874572378814083,2.697794741758312,0.007226820780850796,0.00953668788803074,False
CHPF,0.30042813898849463,7.198128295006047,2.3807622540061857e-12,6.768015894347792e-12,True
CHPF2,-0.15625716235564546,-6.185041209069875,1.3339862547923076e-09,3.088680938482933e-09,False
CHPT1,1.02607817236545,16.76728622626314,0.0,0.0,True
CHRAC1,-0.3697199859614555,-10.321160113822422,0.0,0.0,True
CHRD,0.25310145730690214,11.388793636545623,0.0,0.0,False
CHRFAM7A,-0.36863083481640224,-7.190328666122553,2.5068835896036035e-12,7.1160157882316184e-12,True
CHRNA10,-0.005608048278512356,-0.16849471972497482,0.8662653587338616,0.8796289375225098,False
CHRNA2,0.18185147159036363,7.497572670611946,3.184119634624949e-13,9.68776388569593e-13,False
CHRNA3,0.19424471214022798,6.591173874418566,1.1557377277426895e-10,2.8960067187009003e-10,False
CHRNA4,0.3101323221571701,9.33694506175094,0.0,0.0,True
CHRNB1,0.27750190179303136,6.964169209235387,1.0974332553814747e-11,2.9653609356648387e-11,False
CHRNB2,0.1817332190778762,6.191805405779385,1.28204313831759e-09,2.9743917241249387e-09,False
CHRND,0.33639680203732736,12.990274442429865,0.0,0.0,True
CHRNG,0.13714590856163245,4.247183633745373,2.6024635373378402e-05,4.291121884711506e-05,False
CHST11,-0.3127507238471887,-4.536163798418936,7.253170558607636e-06,1.2535524630847916e-05,True
CHST12,0.06104177612084127,1.0901857394860468,0.27618052029074036,0.30463692552226734,False
CHST13,-0.09095017197729449,-1.6616012744051916,0.0972483105728763,0.11356481036992722,False
CHST14,-0.25489568727161327,-7.07823860645621,5.235145650317463e-12,1.4454372662034243e-11,False
CHST15,-0.7271974968330408,-9.812251448295072,0.0,0.0,True
CHST2,-0.115066615738451,-1.270532972294859,0.20451279389494914,0.22956371787915797,False
CHST4,0.29664994553840396,8.477361497667813,2.220446049250313e-16,8.732440437457957e-16,False
CHST7,-0.343059743445834,-4.427456632531702,1.1826136095960393e-05,2.0041968764067644e-05,True
CHSY1,-0.23967940367895046,-3.9504881654583217,8.974621597013233e-05,0.00014113128488190503,False
CHTF18,0.1343858623018077,6.141167620916658,1.7244858874221336e-09,3.960197953990342e-09,False
CHTF8,-0.38179157612241177,-10.495383696067393,0.0,0.0,True
CHUK,-0.36572402853663366,-5.629635194745092,3.08293561790407e-08,6.447410200188269e-08,True
CHURC1,-0.44682571958257356,-5.299123748288662,1.7798565554727475e-07,3.5016511806132496e-07,True
CIAO1,-0.5183087584851203,-15.075525951156711,0.0,0.0,True
CIAPIN1,-0.05195742731217301,-2.4920700969199014,0.013037771663115816,0.016701745083121784,False
CIB1,-0.41188388746814564,-8.711888162304072,0.0,0.0,True
CIB2,0.1967734275495161,6.165648509791783,1.4945773507690774e-09,3.4501075157332666e-09,False
CIC,-0.1638088387520522,-4.054853132364826,5.856286005179179e-05,9.352358033225975e-05,False
CIDEB,-0.46171972939850203,-7.70734790403398,7.482903185973555e-14,2.3883502853762643e-13,True
CIDEC,0.25685966463969256,10.704032761075798,0.0,0.0,False
CINP,-0.35243137128868574,-7.546767762638111,2.2737367544323206e-13,6.993637830255247e-13,True
CIR1,-0.5088608770623946,-8.475836771643236,2.220446049250313e-16,8.732440437457957e-16,True
CIRBP,-0.1051325505602998,-1.8370285579578203,0.06682624214786848,0.07937425070130924,False
CIRH1A,-0.43823966496316924,-6.6706678800781525,7.057665563081628e-11,1.8009604281617563e-10,True
CISD1,-0.22270667674329658,-4.244857913785447,2.628607180921172e-05,4.3317490868427725e-05,False
CISD2,2.26881890227215,24.04968584889271,0.0,0.0,True
CISD3,0.17265589566866524,5.753235612886505,1.565007501369564e-08,3.343966130268226e-08,False
CISH,-0.09702401133547145,-1.0847727607856714,0.2785690422153977,0.3070657222276714,False
CITED2,0.5058549692732086,6.996004412253018,8.93463081297341e-12,2.4284571103029896e-11,True
CITED4,0.02333618435064677,0.5165865106508947,0.6056837099574046,0.6339727991821302,False
CIZ1,0.6869250119683552,12.936621016044437,0.0,0.0,True
CKAP2,0.005080193559500401,0.12394826623799098,0.9014083323291704,0.9118576078071234,False
CKAP4,-0.4619036091981261,-6.744807126293714,4.436784273309513e-11,1.148221029976461e-10,True
CKAP5,-0.049835221724085166,-1.5973068882519479,0.11085805123542536,0.12853285276103318,False
CKB,0.17260738187529556,5.237785325997281,2.440604420783643e-07,4.7448645270897526e-07,False
CKLF,-0.5348580578796298,-9.367202001894013,0.0,0.0,True
CKMT1B,0.7707607393030309,14.479357715692819,0.0,0.0,True
CKS1B,0.21102292822496604,5.027060855645142,7.053664019540662e-07,1.318584158407804e-06,False
CKS2,0.21151440702615476,1.9687417365357966,0.049559988526772125,0.059746887267387555,False
CLASP1,-0.3808109310946204,-9.190617984414565,0.0,0.0,True
CLASP2,-0.15530205754980653,-4.815926864865196,1.9695406416886385e-06,3.563238362118961e-06,False
CLC,-0.09668154077849067,-0.5735540159074737,0.5665393447559737,0.5953262828173747,False
CLCC1,-0.19245692098244627,-5.198347143680273,2.985077220962751e-07,5.762544747489513e-07,False
CLCN2,0.21140796464636313,6.842417076051608,2.3932411608029724e-11,6.30985235323631e-11,False
CLCN3,0.4833684398130602,9.373866819367414,0.0,0.0,True
CLCN4,0.007999800841400173,0.24751247414400263,0.8046179034614307,0.8228332412972497,False
CLCN6,-0.07731826244417483,-2.573486340551199,0.010368226938286318,0.013455566257561974,False
CLCN7,-0.1072904544937785,-3.0623596655035596,0.0023197861046921897,0.003213663997588615,False
CLCNKA,0.24691944784234954,10.26920820488962,0.0,0.0,False
CLCNKB,0.22503529229763775,8.491649078012733,2.220446049250313e-16,8.732440437457957e-16,False
CLDN12,-0.11544648846068073,-2.709909895642768,0.006971988128593898,0.009209900373081779,False
CLDN15,-0.08488352826378653,-3.153343322456687,0.0017156656629329081,0.0024039353815015407,False
CLDN19,0.39478412337758817,11.070103385271128,0.0,0.0,True
CLDN4,0.0911655474446782,2.94590342685293,0.0033772797684683553,0.004602257855552702,False
CLDN5,0.43061529168347734,6.536892032095216,1.6141843417472046e-10,4.004692964158098e-10,True
CLDN9,0.014559957805978296,0.4632802558614552,0.6433743279966118,0.6703173737511732,False
CLDND1,0.006936152661961792,0.12918368990999804,0.8972666326185381,0.9081464142986504,False
CLEC10A,-0.2045096480003159,-3.2007042577184213,0.0014621538770553943,0.0020658101937692983,False
CLEC11A,0.299019980796972,10.710690219265201,0.0,0.0,False
CLEC12A,-0.24080471503809608,-1.6568804902312733,0.09819972970631885,0.1145597211350098,False
CLEC12B,-0.09172295415964404,-1.9740271113249108,0.04895390539479472,0.05905330780632949,False
CLEC16A,-0.17549102665662364,-4.768562175992678,2.4672276901505086e-06,4.423345644022367e-06,False
CLEC18A,-0.08363628953611002,-2.1266337926857357,0.0339620877278588,0.04162686619889397,False
CLEC1A,-0.09680285940025923,-3.4996630967178946,0.0005094457195591318,0.0007519612049720193,False
CLEC1B,0.5410936499289152,4.243268949949405,2.6466127404534134e-05,4.3595498580413085e-05,True
CLEC2B,-0.3379912277875077,-3.366642399636251,0.0008222511754758521,0.001190336972515564,True
CLEC2D,-0.19127356008016205,-5.39699992894345,1.068722610408912e-07,2.1394883123566662e-07,False
CLEC2L,0.2828940657358965,7.453143287865567,4.3076653355456074e-13,1.2972548235333295e-12,False
CLEC3B,-0.13940699211429086,-2.5550364493785223,0.010926268381003412,0.014136772490259273,False
CLEC4A,-0.4971123682814831,-5.756704949955155,1.5352392912504342e-08,3.2815775460964474e-08,True
CLEC4C,0.000673218879476245,0.01587455481244175,0.987341092438204,0.9888003863498236,False
CLEC4D,-0.19623313641360962,-1.3497343634737045,0.17773996431335326,0.20105928006731966,False
CLEC4E,-0.453776900348835,-5.805159080943013,1.1729034410379313e-08,2.530562790282062e-08,True
CLEC4G,0.11844400438020708,4.043570701199767,6.135635746784551e-05,9.783553179292808e-05,False
CLEC4M,0.2373307988161737,8.159075794992477,3.1086244689504383e-15,1.1144800889461594e-14,False
CLEC5A,-0.06365016066912599,-0.8386519000754402,0.40208380562371215,0.4326175375471269,False
CLEC7A,-0.46195876327437446,-5.937681544995984,5.564501526222898e-09,1.230750635187434e-08,True
CLIC1,-0.3686688352007561,-12.663697185343679,0.0,0.0,True
CLIC2,1.1280734162288084,20.20313114023296,0.0,0.0,True
CLIC3,-0.2567281345120729,-3.0221038948547845,0.002644935294369155,0.003641330184754189,False
CLIC4,0.28702453303173137,5.09988203373483,4.908093556021953e-07,9.314057606559617e-07,False
CLINT1,-0.04751037025804372,-0.48215578305228446,0.6299159516452078,0.657306082706871,False
CLIP1,-0.35508549043013105,-7.2431299766446875,1.766586876783549e-12,5.080977336746492e-12,True
CLIP4,-0.2218946072503276,-2.70776837440147,0.007016435673244059,0.009267552175220538,False
CLK1,-0.2730039518049727,-3.4324754977075136,0.0006500456541267408,0.0009507206564100972,False
CLK2,-0.4814180021620018,-12.206616151321212,0.0,0.0,True
CLK3,0.38481194684385756,11.91273595094606,0.0,0.0,True
CLK4,-0.21203869336067394,-3.576029660069921,0.0003843500257121324,0.0005724499542511059,False
CLMN,0.06315194790307688,2.138445271433438,0.03298684722256451,0.040496162544678735,False
CLN3,-0.3075123955587866,-10.718316231558031,0.0,0.0,True
CLN5,-0.4292332423661609,-7.974379981291467,1.1324274851176597e-14,3.8638720974734366e-14,True
CLN6,0.2523126001931497,8.463910613302968,2.220446049250313e-16,8.732440437457957e-16,False
CLN8,0.0742090568013003,3.4019670917104947,0.000725177300489932,0.0010556448027730983,False
CLNS1A,-0.10373131594314877,-1.6150584023310721,0.1069577924884717,0.12416071870147188,False
CLOCK,-0.1848078770151731,-5.435656906058835,8.71869842988815e-08,1.7607062975785694e-07,False
CLP1,-0.5494496193912326,-13.508986617444044,0.0,0.0,True
CLPB,0.2035110665270512,4.305990593295949,2.0181666263274778e-05,3.357490087906732e-05,False
CLPP,-0.5604556104683649,-9.23425565771302,0.0,0.0,True
CLPTM1,0.01976257608831178,0.7919696315890359,0.4287711705198709,0.459443266345897,False
CLPTM1L,-0.04419339119065935,-0.9824477174425958,0.3263762546468236,0.3561845644032933,False
CLPX,0.2783396360129595,7.1832714609801185,2.6265656316581953e-12,7.4465689173199e-12,False
CLRN2,0.13220730642852185,4.482390547316369,9.248932640426588e-06,1.5832732216536464e-05,False
CLSTN1,-0.0617526548075924,-1.364739108390063,0.17297704214971232,0.195960124756347,False
CLSTN3,0.11086062329693958,3.809628984738969,0.00015732691322423165,0.00024244129945550827,False
CLTA,-0.39977445314437254,-11.18707728573569,0.0,0.0,True
CLTB,-0.15989448078663404,-3.4725410259183938,0.0005623805060110953,0.0008265995978999372,False
CLTC,-0.5089887077344066,-10.023200486751604,0.0,0.0,True
CLTCL1,0.004735812212222967,0.13502984518809605,0.8926451094435137,0.9041043713778102,False
CLU,-0.018000560626232343,-0.18920959421994837,0.8500088491182642,0.8653337987621109,False
CLUAP1,0.09051752982855232,3.333866111551463,0.0009230119113441404,0.0013276940817648793,False
CLVS1,-0.23484742741387254,-4.246462137485809,2.610547287873466e-05,4.3038348660389944e-05,False
CMAH,-0.33253808170924604,-3.4574894968759873,0.0005939312293683496,0.0008713058878112608,True
CMAS,1.034940056558816,16.539322556100288,0.0,0.0,True
CMBL,0.5979637974268188,12.159295992866546,0.0,0.0,True
CMC1,-0.36887295174984747,-6.188493660247171,1.3072225524268788e-09,3.030367595372352e-09,True
CMIP,-0.41027302532750287,-9.947876489606418,0.0,0.0,True
CMKLR1,0.12788688506992907,5.307022858983467,1.708565751101787e-07,3.3677222599146963e-07,False
CMPK1,0.34156573427356385,5.101814442213573,4.860798776817887e-07,9.230389236756553e-07,True
CMPK2,0.350556872485416,2.0834249014057713,0.0377431822616614,0.046011611437409006,True
CMTM1,-0.19597585451533694,-5.437776650776396,8.621611935488716e-08,1.7417107661328395e-07,False
CMTM2,-0.5159193635476385,-4.981617705285863,8.825618529328949e-07,1.637074071486959e-06,True
CMTM3,-0.48288286999031893,-10.459412995551467,0.0,0.0,True
CMTM4,-0.14837396378209267,-2.5133956386162972,0.012285242873059543,0.015792178624570122,False
CMTM5,0.498324298746879,4.211807665137705,3.0283037746103858e-05,4.959907746301299e-05,True
CMTM6,-0.344034460268448,-9.265201456528159,0.0,0.0,True
CMTM7,-0.3769684335783774,-7.8426174104469135,2.90878432451791e-14,9.559568226568276e-14,True
CMTM8,-0.11084089553624121,-2.993063822226054,0.0029048868086394286,0.00398207677599876,False
CNBP,-0.29885157366590587,-5.282318178245754,1.9412557561437893e-07,3.8055352374098556e-07,False
CNDP2,-0.1742648733004204,-4.225157357102582,2.8603384496506123e-05,4.6954879010297e-05,False
CNFN,0.14795720606512575,5.889009364651646,7.3291681612630555e-09,1.601075062575178e-08,False
CNIH,-0.2356954787418113,-3.0862897864229764,0.002144335621645288,0.002979925446463032,False
CNIH2,0.10092838753921063,3.332787701033631,0.0009265144371806144,0.0013323994758905739,False
CNIH4,-0.3283685831607164,-4.455803423919681,1.0420662610366449e-05,1.7746246689652737e-05,True
CNN1,0.44240686829250775,13.633316184031232,0.0,0.0,True
CNN2,-0.4905355920727885,-9.69340663458781,0.0,0.0,True
CNNM3,-0.008786978189900818,-0.26021675253791227,0.7948086185489607,0.8134548212688448,False
CNO,-0.19375837205171909,-5.9359873081899535,5.618286502695469e-09,1.2412167668689893e-08,False
CNOT1,-0.7264222037549777,-15.830092802753448,0.0,0.0,True
CNOT10,-0.40829327337279775,-12.638563920158685,0.0,0.0,True
CNOT2,-0.5672493378547134,-17.288516096921697,0.0,0.0,True
CNOT4,-0.32649747988799316,-12.978042243283696,0.0,0.0,True
CNOT6,0.07543830260532935,1.5530974799632236,0.12106157270336992,0.13974428860307828,False
CNOT6L,-0.3862944345371755,-8.273613199273987,1.3322676295501878e-15,4.939295405467851e-15,True
CNOT7,-0.3396212218173371,-7.8839659999571925,2.1760371282653068e-14,7.242349517621517e-14,True
CNOT8,-0.2515750415139548,-4.555942718614022,6.628786806572862e-06,1.1504745400770347e-05,False
CNP,-0.021741459357702553,-0.6983188811392985,0.4853173265916637,0.515146543034406,False
CNPY2,-0.30177514351948176,-6.708226235143127,5.5815574384610045e-11,1.4344926401970618e-10,True
CNPY3,-0.6096488402959626,-11.850017864330562,0.0,0.0,True
CNST,-0.10620896428929782,-3.067169861839287,0.0022834937472753225,0.0031652905505252034,False
CNTFR,0.21745563949404012,6.958896424379547,1.1353806783631626e-11,3.063586327960944e-11,False
CNTLN,-0.28239342518766897,-5.361636627254315,1.2861406006869913e-07,2.5587311881370385e-07,False
CNTN2,0.4986127465049126,13.05896249026957,0.0,0.0,True
CNTNAP3,-0.15682112677930515,-2.248044848772832,0.025028253183914995,0.03112723476846435,False
CNTROB,0.13013238115382952,4.0424424624075,6.164256339569185e-05,9.825109834716679e-05,False
COASY,-0.3315064148479596,-10.59770376481045,0.0,0.0,True
COBRA1,-0.08187795161453071,-2.7722672324891287,0.005784034349121114,0.007694455672424774,False
COCH,0.0045238565623639815,0.06344796028772916,0.9494363168608024,0.9546575535893491,False
COG1,0.044351624814102486,0.9469986798270389,0.34411786770756736,0.37405810305968373,False
COG2,-0.08656945854198295,-3.1610054289821936,0.0016720767730009634,0.0023468566282683193,False
COG3,-0.11741341914428816,-4.0675803988680155,5.5556728603356476e-05,8.892009959456207e-05,False
COG4,-0.134092505394654,-3.3171227447895677,0.0009788050409187399,0.001404091564924404,False
COG5,-0.5950690469330184,-14.142634317728618,0.0,0.0,True
COG6,-0.21470113392319368,-4.617226497380691,5.004952400078366e-06,8.775045159285038e-06,False
COG7,-0.26786510420919596,-8.402015791570262,4.440892098500626e-16,1.713723151846858e-15,False
COG8,-0.04199131942324952,-1.5529157239274887,0.12110499407907982,0.13978040348666537,False
COIL,-0.17178376158522157,-6.088595449909267,2.341164151431485e-09,5.32540874019338e-09,False
COL11A2,0.3604143384749805,13.261422848972947,0.0,0.0,True
COL17A1,-0.015504078038391267,-0.11630369224783907,0.9074606985680318,0.9172551585473112,False
COL18A1,-0.2831233145201839,-5.1741499993203295,3.375541919314884e-07,6.490213214586571e-07,False
COL25A1,0.1751549228196443,6.286005962792152,7.347125130507948e-10,1.7328323992285228e-09,False
COL4A3BP,-0.4596344972016233,-7.159448904218564,3.0733193767673583e-12,8.666234002688666e-12,True
COL4A6,0.3060056182973754,10.74781923800985,0.0,0.0,True
COL5A1,0.20499119457687165,6.891987260657679,1.7445822564354785e-11,4.6518155120093234e-11,False
COL6A1,0.241046891056786,10.155269485240279,0.0,0.0,False
COL6A2,0.29911995867578556,12.188921515370616,0.0,0.0,False
COL6A3,0.2091256901843943,4.299174987682089,2.078837793617616e-05,3.45244125500019e-05,False
COL7A1,0.020264607635490872,0.7254174699002713,0.4685508968746641,0.49905111244560846,False
COL8A2,-0.11175188684737103,-3.9626467360616524,8.543310873565524e-05,0.00013456912067906642,False
COL9A2,0.30257207707431677,10.597690845188577,0.0,0.0,True
COL9A3,-0.25502017104047603,-3.3036075400868974,0.0010261090217595914,0.0014681321367246256,False
COMMD1,-0.33420839180049544,-6.01481994889545,3.5825764577168684e-09,8.04909268898783e-09,True
COMMD10,-0.10481123738955,-2.286277969719394,0.022674534201088337,0.028343782904214493,False
COMMD2,-0.30964836635317816,-7.830236740052406,3.175237850427948e-14,1.0408527262117112e-13,True
COMMD3,-0.06709484388280362,-1.0734529922880882,0.2836094474010209,0.31220348094537076,False
COMMD4,-0.0331533982661405,-1.0654553476668744,0.28720772495085933,0.3160437317261128,False
COMMD5,-0.14410328869921862,-5.789107330646456,1.2825721817932845e-08,2.7609697181978778e-08,False
COMMD6,0.05862521561761547,0.5184429822653529,0.604389099276613,0.6329628179441136,False
COMMD7,-0.14223274672624608,-3.110948641761531,0.0019763803719023976,0.0027531654981187226,False
COMMD8,-0.10744768742788846,-1.0745231497170757,0.28313029855849825,0.3117058118221678,False
COMMD9,-0.3117861354399931,-7.881438367220943,2.19824158875781e-14,7.312025660092755e-14,True
COMT,0.1379893193196775,3.9655388867815375,8.443647529521314e-05,0.0001330969982302164,False
COMTD1,-0.04190049499443127,-1.3424517918792205,0.18008666258515582,0.20355394625830733,False
COPA,-0.33600016162773993,-10.606890925281697,0.0,0.0,True
COPB1,-0.42590003642682994,-12.546465010559453,0.0,0.0,True
COPB2,-0.2948377084875995,-7.272264373703569,1.4552803406786552e-12,4.207674258101764e-12,False
COPE,-0.1864137564574344,-7.093183557974335,4.7479797871119445e-12,1.3162931207639588e-11,False
COPG,-0.45029037543048656,-10.174248269474957,0.0,0.0,True
COPG2,-0.2815101528971704,-7.340476394885531,9.2192919964873e-13,2.7056566753512667e-12,False
COPS2,0.3229869048175047,5.937717328890926,5.563371097139225e-09,1.2307369246772947e-08,True
COPS3,0.7180747380954511,13.17889455349226,0.0,0.0,True
COPS4,-0.27306220462485786,-4.803545999571354,2.089387190151726e-06,3.769995464185108e-06,False
COPS5,-0.2882065965103813,-5.369061781391755,1.237195597081353e-07,2.4660418900813475e-07,False
COPS6,-0.35569803655001664,-8.012682558683114,8.659739592076221e-15,2.990154087563729e-14,True
COPS7A,-0.5118557806236126,-16.466735442552373,0.0,0.0,True
COPS7B,0.012976946423871816,0.36876865455201124,0.712463424168468,0.735909808374873,False
COPS8,-0.10842340009773066,-2.649086634518432,0.008338101334218306,0.010934265627147163,False
COPZ1,0.16038780085241466,4.27543726631133,2.304034710287617e-05,3.8159850219702454e-05,False
COQ10A,0.019660780881604722,0.6294248810677925,0.5293716006918596,0.5584606162074852,False
COQ10B,-0.1713316447262887,-2.9636778949800093,0.0031915592248465963,0.004358455330291398,False
COQ2,-0.22393327386723838,-5.365501619014075,1.2604334909127601e-07,2.50975512218221e-07,False
COQ3,-0.06947031240850166,-2.0394770110732323,0.041951749880664524,0.050915836779620124,False
COQ4,0.2576340646552704,7.969631061400531,1.176836406102666e-14,4.010644544939825e-14,False
COQ5,-0.1862866866320041,-4.001320502579257,7.298331566985006e-05,0.00011562299727699117,False
COQ7,-0.02681833090286867,-0.8780179193689205,0.3803750402923729,0.4106795472047843,False
COQ9,-0.17417628301877475,-4.317431640743447,1.9201054481943203e-05,3.1985097118944864e-05,False
CORO1A,-0.48277880807761875,-12.049190008209944,0.0,0.0,True
CORO1B,-0.16982946788839426,-3.69126446574766,0.00024884094790245115,0.0003763159877758087,False
CORO1C,0.18385176670100822,4.649145452308441,4.318165573335975e-06,7.611468896596342e-06,False
CORO2A,-0.4482887516953258,-6.211842910177458,1.1395098198363485e-09,2.6527917572140055e-09,True
CORO7,-0.12148322519110089,-4.424143274386075,1.200179759286435e-05,2.032471427112679e-05,False
COTL1,-0.5363877336306411,-11.85103135698789,0.0,0.0,True
COX11,-0.07925263116114278,-1.8508720665651646,0.0648045831616526,0.07707630288477814,False
COX15,-0.34817885902261825,-11.964925195508146,0.0,0.0,True
COX16,-0.05419086670050621,-1.5190907781404974,0.12940068220477174,0.14850716930524716,False
COX17,0.05628033530440657,1.05040743509207,0.2940615135777951,0.3231226342557113,False
COX18,-0.09857113572685794,-2.560185814364166,0.01076788600034706,0.01394438210657648,False
COX19,-0.2677373032059749,-8.059776610934618,6.217248937900877e-15,2.1662580313272896e-14,False
COX4I1,-0.20026890082068416,-7.344992176765525,8.943956686380261e-13,2.628199925265669e-12,False
COX4NB,-0.27201695304531137,-7.385595126647256,6.80566714095221e-13,2.017356659717666e-12,False
COX5A,-0.4006386919326701,-7.63899192809708,1.2034817586936697e-13,3.7887145062564587e-13,True
COX5B,-0.3240172891651607,-9.303722698752736,0.0,0.0,True
COX6A1,-0.11352890389404813,-3.7161360460761528,0.00022621283283008609,0.0003435665041606388,False
COX6A2,0.4094537550324433,12.986434125310648,0.0,0.0,True
COX6B1,0.08895261748519978,3.0720123655857874,0.0022474853077703028,0.0031180035240522845,False
COX6B2,0.17146628517720108,7.503178363355615,3.064215547965432e-13,9.342694255429807e-13,False
COX6C,-0.04083517272802517,-0.5147105475752277,0.6069931767283658,0.6351125808642062,False
COX7A2,-0.07572456060704091,-1.2379010126059855,0.2163603546857682,0.24196649763353048,False
COX7A2L,0.18054622119780017,3.3710199032094668,0.0008095969367880596,0.0011734845578415115,False
COX7B,0.14931429209409686,1.2674427227401788,0.2056140422166428,0.23075406173297291,False
COX7C,0.3064310021508181,4.927564241024853,1.1496268637056772e-06,2.1144103214155667e-06,True
COX8A,-0.39625651434227294,-9.363440131335429,0.0,0.0,True
CP110,-0.2813857392539294,-6.685072294672596,6.451061906886935e-11,1.6524301113059952e-10,False
CPA3,-0.03323814544838877,-0.5469257211713993,0.5846849573507793,0.6134425743440775,False
CPA4,0.2696034146959656,9.421066179925733,0.0,0.0,False
CPAMD8,-0.020008422819818517,-0.699028117645632,0.48487439441353075,0.5147238180121151,False
CPD,-0.5605551697898647,-7.660827494297828,1.0347278589506459e-13,3.2699671350486944e-13,True
CPEB2,-0.026054944016930648,-0.5022765849444063,0.6157042440729752,0.6439347364696388,False
CPEB3,-0.6012108286415154,-9.344740763992249,0.0,0.0,True
CPEB4,-0.027137303670957458,-0.3845825652458426,0.7007177310263759,0.7247524058267777,False
CPM,-0.18925693903563756,-3.79687922516961,0.00016538777732733045,0.0002542169478293995,False
CPNE1,-0.22768104407308343,-4.754519564997422,2.6367107059943606e-06,4.713995129962601e-06,False
CPNE2,-0.1589683122030161,-2.922357405548775,0.003638505136279502,0.004940744656849062,False
CPNE3,-0.3999546658024835,-5.861689703624727,8.54772741476495e-09,1.8591629926487436e-08,True
CPNE5,-0.21746133091428632,-2.2141887126695012,0.027286845678068827,0.03381572623622107,False
CPNE6,0.22113523128761647,8.382234443553644,6.661338147750939e-16,2.5382717209375807e-15,False
CPNE7,0.3315287967646827,11.739078962189524,0.0,0.0,True
CPNE8,-0.16208008494100934,-3.3331286762428665,0.0009254056643763775,0.0013309711384631654,False
CPNE9,0.1910024062273168,6.123841774776206,1.907735969197688e-09,4.36709273235059e-09,False
CPOX,0.4375085736076434,8.390489127437649,4.440892098500626e-16,1.713723151846858e-15,True
CPPED1,-0.6663638797014535,-8.983924277337904,0.0,0.0,True
CPSF1,0.003983560574174483,0.14871118950819925,0.8818442385612313,0.8941869528157415,False
CPSF2,-0.3548396024208156,-5.837976132895988,9.76392811047333e-09,2.1149057522478805e-08,True
CPSF3,-0.5877648416695038,-9.276388381163843,0.0,0.0,True
CPSF3L,-0.2200962705220615,-7.308511849756513,1.142197447734361e-12,3.330879088722052e-12,False
CPSF4,0.07224414174091764,3.5091439224343293,0.0004920679322752974,0.0007270562483169768,False
CPSF6,-0.3779087180264691,-6.933708176157775,1.3351542094142133e-11,3.5841625118252904e-11,True
CPSF7,-0.49512859564979017,-12.667064718551762,0.0,0.0,True
CPT1A,-0.12961071474069996,-4.607411303333135,5.236447528478294e-06,9.158615104849904e-06,False
CPT2,-0.4500777555066362,-11.018063334496993,0.0,0.0,True
CPVL,-0.5666555458812104,-3.863324906274921,0.0001272753735535037,0.00019766550194995407,True
CR1,-0.6186024354519253,-9.561604903379674,0.0,0.0,True
CR1L,0.7930594080018127,14.866469586064364,0.0,0.0,True
CRADD,-0.08936638667195673,-2.2567337082739076,0.02447547686496554,0.030469363234360537,False
CRAMP1L,-0.043597783192821815,-1.58611693112145,0.1133739725435785,0.13125173766125436,False
CRAT,0.5380864877003324,8.340412275690658,8.881784197001252e-16,3.353302922492869e-15,True
CRB3,0.3089089708963413,10.808228562802277,0.0,0.0,True
CRBN,-0.42097838917009334,-6.258497932243419,8.650189453618395e-10,2.028119933161618e-09,True
CRCP,-0.03291137073784656,-1.7270880301584417,0.08479777244647635,0.09972287297712722,False
CREB1,-0.28164663172135906,-6.4220252285846,3.2496805246751137e-10,7.888950466540071e-10,False
CREB3,-0.20543211125240113,-5.9634511821444285,4.8057888779595714e-09,1.0680664110595466e-08,False
CREB3L2,-0.2539314997700908,-7.4521350280000584,4.3365311341858614e-13,1.3056064332118907e-12,False
CREB3L4,0.22085796723297113,7.732902603356136,6.261657858885883e-14,2.00578523015869e-13,False
CREB5,-0.6579906088732432,-9.325228992099186,0.0,0.0,True
CREBBP,-0.34716465403107044,-7.493616530755492,3.270717030545711e-13,9.940736009196846e-13,True
CREBL2,0.3837518286530175,8.203206025800442,2.220446049250313e-15,8.040653266681659e-15,True
CREBZF,-0.12310201632361206,-3.720013448386622,0.00022286480464250857,0.0003388568749573728,False
CREG1,1.0066329519836046,16.468238206567996,0.0,0.0,True
CRELD1,0.18721925768186187,5.9846119336895836,4.259137043050032e-09,9.517167720444873e-09,False
CRELD2,-0.15504759084090924,-2.579128594065158,0.010202724743333391,0.0132482455550059,False
CREM,-0.11482495123397829,-1.7545741267069719,0.07997279475375607,0.09427001870328655,False
CRH,0.21198356892057513,7.910681087232177,1.7985612998927536e-14,6.02782298907903e-14,False
CRIP1,-0.45587899802602294,-3.923401337410383,0.00010010841272323212,0.0001568696512255354,True
CRIP2,0.30501555869859587,10.433014091295412,0.0,0.0,True
CRIP3,0.4033212376775106,12.721259659560815,0.0,0.0,True
CRIPAK,-0.4380327345754953,-5.930209106743621,5.805563141336734e-09,1.2806258488138229e-08,True
CRIPT,-0.0723608633762769,-1.605302234950582,0.10908763822704004,0.1265693497922315,False
CRISP2,0.2955007491737187,4.786825074062364,2.262445691680881e-06,4.072685094932344e-06,False
CRISP3,0.4315549195522017,2.8235522609190893,0.004947724053017133,0.006630157441450017,True
CRISPLD2,-0.23034228215791153,-5.438426163345767,8.592074340896261e-08,1.7360481377439752e-07,False
CRK,-0.4116849843327506,-11.536997120979587,0.0,0.0,True
CRKL,0.12145785568145939,2.664974272976975,0.007959827066075231,0.010469199357629662,False
CRLF1,0.25692760258615044,8.278429544718007,1.3322676295501878e-15,4.939295405467851e-15,False
CRLF3,-0.2144504897233741,-3.51503975155394,0.0004815425336537338,0.0007121438496799794,False
CRLS1,-0.11983648930824753,-1.513666772756189,0.13077118338655858,0.15000530386673655,False
CRNKL1,-0.4952832155223428,-10.720181877259838,0.0,0.0,True
CROCC,0.1751168543854571,6.05357759311593,2.866540116386318e-09,6.488440872598546e-09,False
CRTAM,-0.1551144547286034,-3.0711461415752197,0.0022538878990920885,0.0031265094785214074,False
CRTAP,-0.19779739327853996,-3.986190972526136,7.763357613121968e-05,0.0001227032331854445,False
CRTC1,0.31600614816404704,10.673406929660148,0.0,0.0,True
CRTC2,-0.07834343041343539,-2.319601958038686,0.020782830404977304,0.026089518682970093,False
CRTC3,-0.4327072296554215,-6.123974078516102,1.906267144136109e-09,4.364597740668622e-09,True
CRX,0.6448659186717323,14.40798769676233,0.0,0.0,True
CRY1,0.010287329614051544,0.2285447243198076,0.8193205177726193,0.836606067212375,False
CRY2,-0.0062896259791287434,-0.22764061855788637,0.8200229619217707,0.8371749090115108,False
CRYAB,0.45417706358724175,12.188827797744374,0.0,0.0,True
CRYBB1,0.26782910423873485,9.053219108533101,0.0,0.0,False
CRYBB2,0.2937339066911844,9.142347115957705,0.0,0.0,False
CRYBB3,0.17027295573945578,6.347690670166179,5.083993226406847e-10,1.217262897006453e-09,False
CRYBG3,-0.16168210907534242,-3.7420099349184386,0.00020473775278229134,0.0003122847158764849,False
CRYGS,0.06450846057468818,2.0507571203309536,0.04083521390016842,0.04961299745976585,False
CRYL1,0.029118173411286197,0.7720673656460838,0.44045601523393274,0.4709563575122688,False
CRYM,0.3829541737723572,5.8940597992485975,7.123259759822531e-09,1.558754353597943e-08,True
CRYZ,-0.04205918278259535,-1.015770863125445,0.3102523040851668,0.33955309175838827,False
CRYZL1,-0.32115417882826813,-6.014157957813135,3.596210440548475e-09,8.078148998572132e-09,True
CS,-0.5023279879668587,-10.638785016886814,0.0,0.0,True
CSAD,-0.24176445597267238,-8.312191590643431,8.881784197001252e-16,3.353302922492869e-15,False
CSAG1,0.2003699598262818,7.173794138447807,2.7959856652159942e-12,7.915202476682979e-12,False
CSDA,1.1227190345570026,14.77135675460922,0.0,0.0,True
CSDC2,0.20068609189910358,8.43842884004889,4.440892098500626e-16,1.713723151846858e-15,False
CSDE1,0.4556853331392965,16.603405106144617,0.0,0.0,True
CSE1L,-0.2282605826182058,-4.15456615560508,3.8611319306047776e-05,6.265161108414767e-05,False
CSF1R,-0.16349150579179783,-3.7448098531174683,0.00020253269055192646,0.0003091200351535557,False
CSF2RA,-0.5847211340108602,-9.687617232304778,0.0,0.0,True
CSF2RB,-0.2291916395531679,-4.538197489248339,7.186456377095141e-06,1.2423951824667406e-05,False
CSF3,0.3264313827167933,10.380249912183862,0.0,0.0,True
CSF3R,-0.6824920760640634,-11.981770654619796,0.0,0.0,True
CSGALNACT1,-0.13840705099246708,-1.222235040136073,0.222221019354226,0.2482074975217036,False
CSGALNACT2,-0.17824940980281312,-1.3878323673938637,0.16583456743492886,0.18833169498993843,False
CSK,-0.6948163817485424,-14.776852130167722,0.0,0.0,True
CSNK1A1,-0.29999694107434216,-8.260480426062161,1.3322676295501878e-15,4.939295405467851e-15,False
CSNK1D,-0.49499472507073694,-12.767664845323948,0.0,0.0,True
CSNK1E,-0.21841958597250555,-6.093520230662229,2.275272192875377e-09,5.180657203969363e-09,False
CSNK1G1,-0.278294123909288,-9.738674061988565,0.0,0.0,False
CSNK1G2,-0.6967737592714718,-13.7557475483337,0.0,0.0,True
CSNK1G3,-0.4361350861575848,-6.322111096207596,5.924745138941034e-10,1.4077380209459937e-09,True
CSNK2A1,0.032398967317039506,0.9724209429436445,0.33133292409659587,0.36118330204113636,False
CSNK2A2,-0.3227163566482938,-9.223149130702982,0.0,0.0,True
CSNK2B,-0.2805046447771655,-8.615866826288416,0.0,0.0,False
CSRNP1,-0.17317661449630073,-3.0042729185831347,0.002801895555144096,0.0038477628635795,False
CSRNP2,-0.3829220268249278,-8.317305389449166,8.881784197001252e-16,3.353302922492869e-15,True
CSRP1,-0.24307566450434814,-5.408518000418309,1.00594962582079e-07,2.0208464841000491e-07,False
CSRP2BP,-0.02429668885662739,-0.8537312746744937,0.3936814646236433,0.42413176122332086,False
CST2,0.17914202581682792,5.204871799051432,2.8875157043195543e-07,5.584501913710032e-07,False
CST3,-0.4686692263030299,-5.295752939804402,1.811149294983494e-07,3.559090873899119e-07,True
CST4,0.5140708167919392,12.795915058136051,0.0,0.0,True
CST7,-0.609473162393634,-7.909906908237887,1.7985612998927536e-14,6.02782298907903e-14,True
CSTA,-0.18673777987904927,-2.8091372591041,0.005170949633055644,0.006909996383198139,False
CSTB,-0.40709777823448334,-8.59530268836605,2.220446049250313e-16,8.732440437457957e-16,True
CSTF1,-0.18036060559547185,-7.264468297615832,1.5327739077974911e-12,4.423959570012353e-12,False
CSTF2T,-0.29160180351131926,-6.52493384958959,1.736957244702353e-10,4.300023748490523e-10,False
CSTF3,-0.21401666220429405,-6.668039161168963,7.174261185127762e-11,1.8287301303714688e-10,False
CTAGE4,0.14316064303560827,4.1929937459709405,3.281053935078049e-05,5.354081354039389e-05,False
CTAGE5,-0.4603760724873154,-13.586772327028134,0.0,0.0,True
CTBP1,-0.3781544119339939,-10.669180410835002,0.0,0.0,True
CTBP2,-0.5434163665922194,-11.392940492714683,0.0,0.0,True
CTBS,-0.5512251828052195,-8.712304317776828,0.0,0.0,True
CTCF,-0.5125487361367993,-9.14434118795833,0.0,0.0,True
CTCFL,0.0812823546995034,1.876246738074687,0.061230409984418976,0.07315008220395378,False
CTDP1,-0.5728009812985331,-8.286113276747258,1.1102230246251565e-15,4.157561450148628e-15,True
CTDSP1,-0.3954777009612034,-11.005956977850968,0.0,0.0,True
CTDSP2,0.3303169310361067,7.63090495571303,1.2745360322696797e-13,4.009115389326718e-13,True
CTDSPL,0.2626064461821742,3.221691401972599,0.0013612903126043463,0.0019282714105865058,False
CTDSPL2,-0.2410275421511101,-4.925095936156738,1.1635223522432625e-06,2.1389705431061673e-06,False
CTLA4,0.004053492081259602,0.11232111089159924,0.9106159494331569,0.9202829550377728,False
CTNNA1,-0.38357660031520524,-7.624389891905041,1.3322676295501878e-13,4.183857912973995e-13,True
CTNNAL1,1.8829281821520318,24.924763207829287,0.0,0.0,True
CTNNB1,-0.33573283891840067,-7.237306223675764,1.836308882730009e-12,5.268354176878449e-12,True
CTNNBIP1,-0.08101185748336315,-2.606335917298121,0.009437323816335219,0.012297345366557171,False
CTNNBL1,-0.22519951386367953,-5.4067141273525685,1.0155386043209091e-07,2.0390429114820556e-07,False
CTNND1,-0.002914383382783825,-0.1053633787961705,0.9161316664191235,0.925288966723532,False
CTNS,-0.09049632515967998,-2.1157341392438247,0.034883875848472856,0.04271578249160825,False
CTPS,-0.023557822808946582,-0.608001882027106,0.5434749492554616,0.572761934169594,False
CTR9,-0.6282941540616971,-9.898296178188117,0.0,0.0,True
CTRL,-0.566533982606038,-11.205932315081716,0.0,0.0,True
CTSA,-0.259317997519922,-4.201748830225501,3.161032211274062e-05,5.1670115001654485e-05,False
CTSB,0.3647205860673708,8.056162369718429,6.439293542825908e-15,2.240236252486005e-14,True
CTSC,-0.5469919150072622,-7.780044627343779,4.5075054799781356e-14,1.4617667686899815e-13,True
CTSD,-0.40386436946017046,-6.132735268327806,1.811414351848839e-09,4.156510342419676e-09,True
CTSE,0.43788533922452233,9.553655834361996,0.0,0.0,True
CTSG,0.4412923011330667,2.1956279515464026,0.028598379741722635,0.03538016714046859,True
CTSH,-0.29664394902231095,-4.2385217906264305,2.7011093209905468e-05,4.443598724434463e-05,False
CTSK,-0.09925033771131275,-2.4196387106364656,0.015907995299357713,0.02021893389090825,False
CTSL1,-0.1821138850527677,-1.921619809266374,0.05524777514189205,0.06629848128549376,False
CTSO,-0.7795172650124007,-9.582529290561846,0.0,0.0,True
CTSS,-0.40932319639412107,-7.990035172312016,1.021405182655144e-14,3.501656636608513e-14,True
CTSW,0.1622068097615279,2.7189010826665374,0.006788130515197777,0.00897732209007614,False
CTSZ,-0.5982308724309,-10.59128900287942,0.0,0.0,True
CTTN,0.36102379934801565,4.746819376258848,2.7343480017982813e-06,4.884763435594665e-06,True
CTU2,-0.5144322428268486,-9.37461830106485,0.0,0.0,True
CTXN1,0.36010410895424005,10.666666775396639,0.0,0.0,True
CUEDC1,-0.09739513463666905,-3.232566328259281,0.001311595682827127,0.0018597083543187684,False
CUEDC2,-0.5189497721306884,-11.386237021175507,0.0,0.0,True
CUL1,-0.620656640738297,-10.890690058190271,0.0,0.0,True
CUL2,-0.5387848275696872,-9.652572707067844,0.0,0.0,True
CUL3,-0.4141018762781403,-8.497557166693571,2.220446049250313e-16,8.732440437457957e-16,True
CUL4A,0.8777122331460578,15.814188961107133,0.0,0.0,True
CUL4B,-0.28577855352181647,-6.719315472158537,5.2069237810314917e-11,1.341202035637338e-10,False
CUL5,-0.3705471786319192,-5.05457050514042,6.153708258516133e-07,1.1567324645862816e-06,True
CUL7,0.2154225905371363,7.6919924739070895,8.348877145181177e-14,2.656649608711104e-13,False
CUL9,-0.2684195559357696,-6.954280440475309,1.1696643653635874e-11,3.152401456392879e-11,False
CUTA,-0.36157611995533046,-5.460942429507375,7.626738640631459e-08,1.5477872163748023e-07,True
CUTC,-0.4745503982213233,-7.81007319022115,3.6415315207705135e-14,1.1889682989726628e-13,True
CUX1,-0.33255523014954136,-10.47201702652119,0.0,0.0,True
CWC15,-0.16538494175973728,-4.098090976449915,4.8936076911587634e-05,7.864043944539314e-05,False
CWC22,-0.4002526555497985,-7.592351734581671,1.6631140908884845e-13,5.173483989452998e-13,True
CWC25,-0.25669531128169965,-8.39034279126056,4.440892098500626e-16,1.713723151846858e-15,False
CWC27,-0.22597911037084062,-5.294476769494886,1.8231352472142248e-07,3.5812917654605484e-07,False
CWF19L1,-0.3176871448551539,-7.572636652079491,1.9029222642075183e-13,5.887660908247758e-13,True
CWF19L2,-0.1494783981207526,-3.8472604294839265,0.00013564349572958712,0.00021020818341303834,False
CX3CL1,0.2793955542938389,10.984038637260712,0.0,0.0,False
CX3CR1,-0.5782932605333801,-4.133859397467069,4.212943475168096e-05,6.812985524422476e-05,True
CXADR,-0.49951451966007276,-4.948895608136888,1.0360316076152287e-06,1.9109764752793946e-06,True
CXCL1,-0.030046544838092437,-0.6813091512524392,0.49600578123582917,0.525668469413517,False
CXCL16,-0.46744163758664037,-7.388581907996046,6.67021993194794e-13,1.9787345711076057e-12,True
CXCL5,0.11179991005367951,1.650464228006132,0.09950479377993116,0.11599997161734914,False
CXCR1,-0.7375874094501249,-10.516475249218756,0.0,0.0,True
CXCR2,-0.7554035243350938,-8.166387081857092,2.886579864025407e-15,1.0368105224106224e-14,True
CXCR3,0.03406475801626563,0.8999985223725078,0.3685741555623314,0.39868585763193687,False
CXCR4,-0.24284733327913877,-3.021201373127743,0.002652682050670707,0.0036506863251703553,False
CXCR5,-0.12287301968649,-2.0898402388006545,0.03716003412552804,0.04534390181058872,False
CXCR6,0.02378123642066221,0.4231114850298415,0.6724041895596391,0.6981633188694323,False
CXXC1,-0.1604731980127272,-4.3441582044434925,1.7084598831429432e-05,2.8562771253880353e-05,False
CXXC5,-0.19070343775342025,-2.6265457490458197,0.008902470264221085,0.011641225448241874,False
CXorf21,-0.6039369340303891,-8.380245696705122,6.661338147750939e-16,2.5382717209375807e-15,True
CXorf23,-0.30774563630709073,-5.664422971261995,2.5504751643978807e-08,5.366993682626815e-08,True
CXorf26,-0.4638467654092975,-7.9479739730054,1.3766765505351941e-14,4.664099172239677e-14,True
CXorf38,-0.6900184255423971,-14.146209643830758,0.0,0.0,True
CXorf40A,0.06337246803928753,2.945139098633903,0.0033854830710584594,0.00461179984573349,False
CXorf49,0.24023971244450282,7.145556623041901,3.36775052289795e-12,9.452514199137788e-12,False
CXorf56,-0.11731981473825348,-4.167506787982727,3.6556676693999535e-05,5.946009020589956e-05,False
CXorf65,-0.28860657064773765,-4.769459530984149,2.4567616423443184e-06,4.405953192926078e-06,False
CYB561,-0.06367412820119434,-1.5144765832034364,0.13056585164052903,0.1497846872868493,False
CYB561D1,0.06089531633984713,3.3511914291615095,0.0008684023788163575,0.0012528966685352732,False
CYB561D2,-0.4629647667750847,-9.523842488251026,0.0,0.0,True
CYB5A,1.0944930115478075,20.45228146620164,0.0,0.0,True
CYB5B,-0.37931860004524687,-7.496161097693766,3.212985433265203e-13,9.773007448054363e-13,True
CYB5D1,-0.04669987117151342,-1.2157724478117662,0.2246716186590032,0.25079875717928657,False
CYB5D2,-0.18388926948148576,-3.7576868041933706,0.00019267658083998995,0.0002945900630071469,False
CYB5R1,0.08329385273378787,1.4040454876034685,0.1609545899035434,0.183060418749893,False
CYB5R2,0.006026226034560267,0.10507331405379314,0.9163617040454204,0.9253590312000699,False
CYB5R3,0.40557588932389166,9.41228484864029,0.0,0.0,True
CYB5R4,-0.34606465259754415,-5.44297336232269,8.388018768457073e-08,1.69690179476391e-07,True
CYBA,-0.4776906005075716,-16.43336439534885,0.0,0.0,True
CYBASC3,-0.12290180727913436,-3.0124845265310833,0.002728580677173742,0.0037506588091126888,False
CYBB,-0.3894057873048542,-5.408327543373138,1.0069578859628336e-07,2.0225192481963174e-07,True
CYBRD1,0.5947477344535028,8.291351006862628,1.1102230246251565e-15,4.157561450148628e-15,True
CYC1,-0.32491826456837014,-8.417373651940883,4.440892098500626e-16,1.713723151846858e-15,True
CYCS,-0.055023404037616075,-0.7910397373128777,0.4293130626884809,0.4599383527816789,False
CYFIP1,-0.20156330458006355,-5.612318839728697,3.3868608806386646e-08,7.057389740245437e-08,False
CYFIP2,-0.49123111678627573,-7.935615718841495,1.509903313490213e-14,5.090013540560071e-14,True
CYGB,0.21504166328063823,9.363210779773814,0.0,0.0,False
CYHR1,-0.021858163086083682,-0.8948508510174108,0.3713171264827113,0.4015021101994135,False
CYLD,-0.18368125678356062,-4.55834169494196,6.556660326673125e-06,1.1391579231213835e-05,False
CYP19A1,-0.2239215695145984,-2.432291263918301,0.015369635607823229,0.019562743930001743,False
CYP1A2,0.5185052919711604,10.26735431427735,0.0,0.0,True
CYP1B1,-0.9460483278612957,-8.473435684584413,2.220446049250313e-16,8.732440437457957e-16,True
CYP20A1,-0.11596022727225419,-4.411075211080483,1.2719280533479704e-05,2.1486052568580833e-05,False
CYP27A1,-0.3118400656029383,-2.5187263857928635,0.012103270721128379,0.01557042388169285,True
CYP27B1,0.1311811979649815,4.582359012603502,5.874879284828438e-06,1.0241031247266763e-05,False
CYP2B7P1,0.20420589451929994,7.65162417255356,1.1035616864774056e-13,3.478907243167278e-13,False
CYP2D6,0.03718439842402388,1.2555680278249504,0.2098859510017712,0.23522828075397964,False
CYP2F1,0.10141844863255445,4.392889261361803,1.3786377363267377e-05,2.324093090113814e-05,False
CYP2R1,-0.09667689402333801,-2.796909730375634,0.005367414562972961,0.0071600750840631775,False
CYP3A7,0.11675155407896698,4.245233803953638,2.6243648551638188e-05,4.325376844560313e-05,False
CYP4A11,0.48913338817092367,13.301544970449632,0.0,0.0,True
CYP4F12,0.2390211122318906,8.26787385498823,1.3322676295501878e-15,4.939295405467851e-15,False
CYP4F2,-0.12368625683923984,-2.775470443821754,0.0057282735271062535,0.007622037976058327,False
CYP4F3,-0.44331374871354967,-4.827858688071238,1.8603266096484106e-06,3.3714761196570232e-06,True
CYP4F8,0.15937076560010066,5.160316036665213,3.6205406650502425e-07,6.949478000799493e-07,False
CYP4V2,-0.042650225713518175,-1.7799722487506213,0.07571558664727451,0.0894439383232443,False
CYP51A1,-0.20024945973469555,-3.1873985757511214,0.0015296333244132487,0.0021563879897094863,False
CYSLTR1,-0.508167910911022,-7.490577757355212,3.339550858072471e-13,1.013924257620896e-12,True
CYTH1,-0.39003941888265103,-9.952466784202704,0.0,0.0,True
CYTH2,-0.08571030222840825,-2.1551039265634575,0.03165232224685832,0.038936683037330305,False
CYTH3,-0.18210638516946043,-5.418122792169247,9.563545688706654e-08,1.9245716769429063e-07,False
CYTH4,-0.4515057729020171,-9.589729618004512,0.0,0.0,True
CYTIP,-0.4454261278450131,-7.933768200555954,1.509903313490213e-14,5.090013540560071e-14,True
CYTSA,-0.22053446131981902,-4.409978805841298,1.278130898985097e-05,2.1584503482494258e-05,False
CYTSB,0.5933637587476968,15.07546202443597,0.0,0.0,True
CYYR1,-0.08582872355765891,-1.7568867071427747,0.07957725748832911,0.09382297123931044,False
CYorf15A,0.04321284586918939,1.9588542722681257,0.050710759707895736,0.06105751448471318,False
CYorf15B,-0.012458323043991193,-0.2887464186989385,0.7729005964416356,0.792790914551309,False
D2HGDH,0.2214907805096935,6.280863612699724,7.575162719319906e-10,1.7847882872539579e-09,False
D4S234E,0.21392195880512643,9.152221866539666,0.0,0.0,False
DAAM1,-0.13462232633809235,-2.5021824693601684,0.012675975271514428,0.016269031660454004,False
DAAM2,-0.2918788317996892,-1.7161989696710958,0.08677344888238481,0.10190063795251204,False
DAB2,0.030896757151199328,0.5965286915183672,0.5511044551304938,0.5800595960022074,False
DACH1,-0.45848165572297095,-4.213783278049303,3.00286709080666e-05,4.9203450951638576e-05,True
DAD1,-0.16007810714855175,-4.878916937272999,1.4554305747260798e-06,2.659017413206933e-06,False
DAG1,0.08568542977551141,3.9999624332360573,7.338968872905305e-05,0.00011623481705898007,False
DAGLB,-0.20949590507691385,-6.603246875815972,1.0726530774718412e-10,2.697203841824523e-10,False
DALRD3,-0.274274107031133,-7.625132040025385,1.325606291402437e-13,4.164073867102446e-13,False
DAND5,0.3110822880790982,10.426578893219425,0.0,0.0,True
DAP,0.7613374419483581,14.78757780524231,0.0,0.0,True
DAP3,-0.23308361172795777,-7.43085784126314,5.011546733157957e-13,1.5021599484581447e-12,False
DAPK1,-0.1673754693182481,-1.8664446521329092,0.06259118746037085,0.07465188324249449,False
DAPK2,-0.16069439948941167,-2.691944719198544,0.007352848230083975,0.009695221927923226,False
DAPK3,0.07001289425168178,2.1027102484128206,0.036013337314598104,0.04402394487178771,False
DAPP1,-0.5446361092387768,-7.204768259967364,2.2786217357406713e-12,6.487889645526675e-12,True
DARC,1.2819585451327606,18.159075921783163,0.0,0.0,True
DARS,-0.18630249290667322,-3.1109651186670595,0.00197627231227826,0.0027531654981187226,False
DARS2,0.0832049851225003,2.273390258650723,0.023445420723874344,0.029237609756231304,False
DAXX,-0.24875286914290395,-6.499264853016633,2.032218837655364e-10,5.005159031633983e-10,False
DAZAP1,-0.2419611249876752,-5.606321079201498,3.4987774011341344e-08,7.27611787031307e-08,False
DAZAP2,-0.34925701756490213,-8.81726854047903,0.0,0.0,True
DBF4,-0.031018694788821577,-0.7473820241848328,0.455200433816225,0.4858198644611411,False
DBF4B,0.03343111083879213,1.4307934929174142,0.15314271662949897,0.17450301244981684,False
DBI,-0.38867455052723177,-5.201416610352769,2.9387889877163786e-07,5.678897894565503e-07,True
DBN1,-0.09299112926800035,-2.2510957544418284,0.024832934755300462,0.03089432718936235,False
DBNDD2,-0.3493930634635185,-4.5829892903572,5.857938032649557e-06,1.0214591007885293e-05,True
DBNL,-0.42451239337546287,-8.762877050621489,0.0,0.0,True
DBP,-0.008981536245022514,-0.3125646397810478,0.7547477400313283,0.7757597231570332,False
DBR1,-0.08715176356337828,-2.6644331269323898,0.007972453445421301,0.0104834122417589,False
DCAF10,0.5322286205734867,11.63464174678479,0.0,0.0,True
DCAF11,0.4197326546054647,11.107036598892075,0.0,0.0,True
DCAF12,1.7123966501689054,18.71765816117149,0.0,0.0,True
DCAF13,-0.10001188463269628,-3.142215177464061,0.0017808416760229928,0.0024919236231910656,False
DCAF16,-0.15017955659525883,-5.391190601946049,1.1018097123560722e-07,2.202663324649357e-07,False
DCAF4,0.003497603318181497,0.12667930866426594,0.899247484383104,0.9099114346986098,False
DCAF5,-0.39104588125884643,-13.376124777175153,0.0,0.0,True
DCAF6,0.8016331891742796,18.342271293919328,0.0,0.0,True
DCAF7,-0.3776602006707206,-12.489673058273302,0.0,0.0,True
DCAF8,0.19995042710983046,6.655636464924498,7.75031150368477e-11,1.9698993426951647e-10,False
DCAKD,-0.02641871640448379,-0.638718784518457,0.5233117641551013,0.5527765439067044,False
DCI,-0.29264220378318395,-4.077164305191782,5.339045563457212e-05,8.557181834626914e-05,False
DCK,0.8851636301505552,12.102730695089022,0.0,0.0,True
DCLK1,0.2529579477246098,9.160343342469712,0.0,0.0,False
DCLRE1B,-0.01739517600299134,-0.4806612954668048,0.6309771276084439,0.6582941339481628,False
DCLRE1C,-0.5656185914572891,-12.993703400778859,0.0,0.0,True
DCP1A,-0.6063287886874402,-16.05712305220012,0.0,0.0,True
DCP1B,0.14509376274891927,5.399585671222247,1.0543076256475103e-07,2.1128339491707847e-07,False
DCP2,-0.2477227116413694,-4.048271903780863,6.0177309791686895e-05,9.599535126581378e-05,False
DCPS,-0.19145439923126695,-4.4146004821012275,1.2521787092767411e-05,2.1171064952530135e-05,False
DCTD,-0.2297999184167061,-5.855403362816411,8.854923461143471e-09,1.923436985647966e-08,False
DCTN1,-0.12217138210859213,-3.364799197348363,0.0008276342716242446,0.0011976782882964414,False
DCTN2,-0.25406559022952013,-6.11135325218377,2.051491421184437e-09,4.687786090185188e-09,False
DCTN3,-0.3812926804133916,-8.313203127951041,8.881784197001252e-16,3.353302922492869e-15,True
DCTN4,0.04816039982714937,1.6488874158056077,0.09982763200742029,0.11632923551780217,False
DCTN5,-0.0849965270604418,-2.8041803687010094,0.005249794760861848,0.007008853251085724,False
DCTN6,-0.12023186428521448,-2.4325249561197873,0.015359845304871778,0.019554604118790675,False
DCTPP1,-0.011748659336935141,-0.21378905937983905,0.8308027042982844,0.8470540229077658,False
DCUN1D1,1.3881793268209393,23.281184018352057,0.0,0.0,True
DCUN1D2,0.01527384809219745,0.5093390398548182,0.6107496124888985,0.6388689417235399,False
DCUN1D4,-0.11419550292684066,-4.157512067042549,3.813413620878947e-05,6.192966516129225e-05,False
DCUN1D5,-0.1640620148143821,-2.0703071553862986,0.0389599149645643,0.04741961754826882,False
DCXR,-0.018391683687210225,-0.34204022723757493,0.7324709293713549,0.7546809155124005,False
DDA1,-0.5215986171167581,-9.821927373330478,0.0,0.0,True
DDAH2,-0.4762778303999644,-5.704553201680173,2.046989910908792e-08,4.34080942263593e-08,True
DDB1,0.9551932777946046,16.39086479852438,0.0,0.0,True
DDB2,-0.23921799905125063,-5.620329027680954,3.242811752457442e-08,6.77069939759965e-08,False
DDC,0.2336427066870148,6.465634630706697,2.4944468712817525e-10,6.107020937363339e-10,False
DDHD1,-0.0815057417461027,-2.514552779267471,0.012245537004224483,0.01574640999683655,False
DDHD2,0.18893975659197926,4.878339360765616,1.45949487784236e-06,2.665597193256088e-06,False
DDI2,0.7218775789559864,15.04693196376117,0.0,0.0,True
DDIT3,-0.017686682337426873,-0.6326238624575714,0.5272817584095044,0.556561768085685,False
DDIT4,-0.13866727979724391,-1.4979292615294815,0.13481159389815378,0.15445541576614613,False
DDN,0.28637530318419824,10.537605086300195,0.0,0.0,False
DDOST,-0.3887886936656546,-7.906391839903542,1.84297022087776e-14,6.169478051232465e-14,True
DDR1,0.19422343360670835,7.85032414257496,2.7533531010703882e-14,9.092853890834232e-14,False
DDRGK1,-0.44137655697397626,-10.343723323130837,0.0,0.0,True
DDT,-0.1904567804836459,-4.446550007385009,1.0860867760920101e-05,1.8468459836122254e-05,False
DDX1,-0.27365954538778237,-4.64395049724171,4.423409637244191e-06,7.789826572605998e-06,False
DDX11,0.3789318676377773,12.001273325356635,0.0,0.0,True
DDX17,-0.3670301999429819,-9.772972749734137,0.0,0.0,True
DDX18,-0.2542928605078263,-5.247766410031328,2.3188700359888514e-07,4.520403442977759e-07,False
DDX19A,-0.319542851471454,-8.709330950491859,0.0,0.0,True
DDX20,-0.2501808169116231,-5.349147762019628,1.3727335002045038e-07,2.7244171586588006e-07,False
DDX21,-0.22732390455362772,-3.5901435084150184,0.0003646451120158378,0.0005438046407703827,False
DDX23,-0.2279039124779061,-5.79583328804846,1.235453606085457e-08,2.66152797615455e-08,False
DDX24,-0.29849461289613055,-5.765867985072633,1.4592449915085126e-08,3.123776817912388e-08,False
DDX26B,0.020203784632827126,0.8720404342477156,0.3836240601032799,0.4139158437925891,False
DDX27,-0.349467537752008,-6.2962903934739884,6.911031746881235e-10,1.633993733422105e-09,True
DDX28,-0.02973156948484812,-1.2399590949120525,0.2155987950183178,0.24116163525111697,False
DDX39,-0.2711336596319862,-4.836835542078386,1.782032045039017e-06,3.2336526664783298e-06,False
DDX3X,-0.09986200387368083,-2.5516150891225418,0.011032646490012121,0.014266395927082356,False
DDX3Y,-0.2565196108579264,-2.089366469870669,0.03720283456156426,0.04538651253067768,False
DDX41,-0.4356021218970163,-8.840917541242096,0.0,0.0,True
DDX42,-0.2503880900264095,-5.968113934039141,4.679741483215594e-09,1.0410572063569028e-08,False
DDX46,-0.2954939065503108,-8.139352409514366,3.552713678800501e-15,1.2658122136128355e-14,False
DDX47,-0.38729803588922307,-5.769028901122409,1.4338900511390307e-08,3.0717834292487436e-08,True
DDX49,-0.0008273606768831598,-0.022871844920541416,0.981762042170564,0.983811828078532,False
DDX5,-0.3097850537173361,-6.693591280517569,6.116707140790822e-11,1.5674827487156725e-10,True
DDX50,-0.20674479108285215,-3.836893453868417,0.00014131695727437332,0.00021867679081723622,False
DDX52,-0.09164051228114367,-2.7381386479292806,0.006409351544232278,0.008492389440872612,False
DDX54,0.1624777204339476,6.480442513313602,2.2794477416709924e-10,5.590155106729435e-10,False
DDX55,-0.016880737622630537,-0.579243864274928,0.5626974684168367,0.5914510574590328,False
DDX56,-0.23590431248115884,-5.250408348513808,2.2876457039799902e-07,4.4610446697385316e-07,False
DDX58,-0.7406195061001135,-5.667796334450133,2.5038837225821453e-08,5.277627923224836e-08,True
DDX59,-0.36760674941782945,-7.183745290195491,2.618349981275969e-12,7.425104242815826e-12,True
DDX6,-0.1829250622930232,-6.602480482774484,1.0777490011548707e-10,2.708834986756045e-10,False
DDX60,-0.7417377432174477,-4.099075666380846,4.873543815220316e-05,7.832893987375864e-05,True
DDX60L,-0.41994838097504417,-4.906506847043779,1.273505116694551e-06,2.334421616677997e-06,True
DECR1,-0.4608433335481603,-14.235097231215224,0.0,0.0,True
DECR2,0.18024460550751087,6.108589644035861,2.084705519322938e-09,4.7608491033070824e-09,False
DEDD,-0.24170133659625748,-8.234551194224313,1.7763568394002505e-15,6.487588596401866e-15,False
DEDD2,-0.19581199010280592,-3.878979644858644,0.00011959208152778622,0.00018638630592863881,False
DEF6,-0.6147733532318362,-12.279372239927772,0.0,0.0,True
DEF8,-0.31525745390854354,-6.519450113272816,1.7962742404620258e-10,4.4363814270759165e-10,True
DEFA1,0.3902962291471619,3.7080680705578923,0.00023333167867201077,0.00035383723099300843,True
DEFA4,0.9207469359149627,3.9100661775370327,0.00010561667337438685,0.00016518648480645786,True
DEFB113,0.19455360397384602,7.115283417388438,4.108491324927854e-12,1.145346359434752e-11,False
DEFB119,0.2810025140107637,8.800991705967276,0.0,0.0,False
DEFB124,0.31412623465110023,9.902425573980693,0.0,0.0,True
DEFB134,0.19244327311236997,6.727074756220033,4.959566091145007e-11,1.2800636747456717e-10,False
DEFB4A,0.10726572312446558,3.6250900063871723,0.0003198559181361027,0.00047912712085560453,False
DEFT1P,0.2866645196921884,4.665598123398822,4.000498655898355e-06,7.073176364895341e-06,False
DEGS1,-0.23237663426225819,-3.9334785406543262,9.612755203569634e-05,0.0001507957608469544,False
DEK,-0.2706431076309972,-3.8941017942249,0.00011258838782568503,0.00017578010834427566,False
DENND1A,0.18841658187100574,4.194175733261135,3.2646003921721345e-05,5.327986953447268e-05,False
DENND1B,-0.4802895163912648,-8.426013667538141,4.440892098500626e-16,1.713723151846858e-15,True
DENND1C,-0.4494386094984275,-10.370832767060142,0.0,0.0,True
DENND2A,-0.2885862710576803,-5.781251663532083,1.3398246290208249e-08,2.87883601971477e-08,False
DENND2D,-0.3046576258155822,-4.619957079256538,4.942319070444512e-06,8.669190402383179e-06,True
DENND3,-0.488933271873794,-10.171221800259925,0.0,0.0,True
DENND4A,0.23399508712487194,7.940226220227425,1.4432899320127035e-14,4.8768720231312206e-14,False
DENND4B,-0.2796531424049631,-8.190856357438822,2.4424906541753444e-15,8.833610626513593e-15,False
DENND4C,-0.1533955740465247,-3.2874117237035336,0.0010855887373337758,0.001551476013070442,False
DENND5A,-0.5547729383497071,-10.317677549217585,0.0,0.0,True
DENR,-0.14688798909926337,-2.8679067888858705,0.004314612094172832,0.005820355628618907,False
DEPDC1,0.02194160589073002,0.30694310662580454,0.759020327850255,0.7797338050929357,False
DERA,-0.31212236746930433,-6.641817938921849,8.445644184007506e-11,2.1404923070535196e-10,True
DERL1,-0.03814334975727629,-0.9604931715462377,0.3372925924124812,0.3672281069942695,False
DERL2,-0.6546107224362068,-12.868947850023936,0.0,0.0,True
DERL3,0.16815529066910662,5.401384948794266,1.0443885867239544e-07,2.0936846728982302e-07,False
DES,0.5052455411356656,14.290943245099951,0.0,0.0,True
DEXI,0.37813341023804403,10.498835872996029,0.0,0.0,True
DFFA,-0.09344593494234665,-3.4103317592201075,0.000703810427510998,0.0010260969895581806,False
DFFB,0.05332192451240081,2.641774712768427,0.008517553108648324,0.011161967492436864,False
DGAT1,-0.5779387764969863,-11.120078870551053,0.0,0.0,True
DGAT2,-0.7417177306116907,-9.084300966687318,0.0,0.0,True
DGCR14,-0.14037088476403792,-5.160288743916108,3.621040625123584e-07,6.949478000799493e-07,False
DGCR2,-0.180032510792965,-7.2325559857146695,1.8951507030351422e-12,5.42770784392387e-12,False
DGCR6,-0.11404579457454611,-2.645207573952362,0.00843287561079964,0.011056031659549402,False
DGCR6L,-0.018638774038598704,-0.5341626675204422,0.593477294703955,0.6221007332509653,False
DGCR8,0.2708302393491402,7.645690574561541,1.1501910535116622e-13,3.622928833853114e-13,False
DGKA,-0.06167561413966727,-2.2808957266153853,0.022993747787136698,0.028705427631952704,False
DGKD,-0.313257599369706,-6.705562193524826,5.675415692962815e-11,1.4569893774735605e-10,True
DGKG,-0.03233976715175446,-1.1384791682380369,0.25549064169520386,0.283252810556983,False
DGKQ,-0.3017480006645705,-5.02761156851756,7.034459521548797e-07,1.3154210913753344e-06,True
DGKZ,-0.25017008252738204,-6.254907544209494,8.836134046674715e-10,2.0708734096367457e-09,False
DGUOK,-0.23577379841812807,-7.2617801770101105,1.56052948341312e-12,4.501812952525853e-12,False
DHCR24,-0.211697820101584,-2.88286009539518,0.004118381434913498,0.00556541949187806,False
DHCR7,-0.3072329996629555,-3.3500297752576227,0.000871967792263062,0.001257725644763112,True
DHDDS,0.16581881846984992,5.486137131957149,6.671348717901537e-08,1.3591663580033217e-07,False
DHFR,-0.21122069614224914,-3.369258620743253,0.0008146663992101288,0.0011802467931708556,False
DHODH,0.34425944426672395,9.986260167696084,0.0,0.0,True
DHPS,0.19725123723256122,5.950572358462494,5.171406414206103e-09,1.146889304683098e-08,False
DHRS1,-0.49234123197705415,-7.613494364892904,1.4366285938649526e-13,4.495660084957997e-13,True
DHRS11,0.2902437343913413,11.851947779453427,0.0,0.0,False
DHRS12,-0.8236225487682285,-9.659740614033298,0.0,0.0,True
DHRS13,-0.6060205964652638,-7.234955224157079,1.865174681370263e-12,5.34584402953572e-12,True
DHRS3,-0.10725603437889664,-1.5966070029811992,0.11101410417776858,0.12868788024793362,False
DHRS4,-0.15316395545612238,-3.1271734789705343,0.0018725700851258686,0.002614244917048222,False
DHRS4L2,-0.1125559084436949,-1.8220874061193748,0.06906636070335548,0.08189987738747702,False
DHRS7,-0.4831831917149154,-10.266759123918712,0.0,0.0,True
DHRS7B,-0.15997239079274816,-4.013714649894483,6.937200233769758e-05,0.00011011383421909033,False
DHRS9,-0.24998539832165179,-1.6176277804672246,0.10640241157048447,0.123553364806493,False
DHRSX,-0.5921376755847509,-10.611786215851952,0.0,0.0,True
DHTKD1,-0.7609584795030351,-15.12220014573771,0.0,0.0,True
DHX15,-0.27297457205220166,-4.215447769763247,2.981594429263268e-05,4.888270172314771e-05,False
DHX16,-0.9676301060152603,-18.50774395324479,0.0,0.0,True
DHX29,0.40475659669520114,6.5986549459613935,1.1035394820169131e-10,2.7700307895735067e-10,True
DHX30,-0.11248280563782576,-3.8181486224553765,0.00015214879347058563,0.00023477588104322517,False
DHX32,0.09536939376364506,2.042396311689375,0.0416603319835227,0.0505781370276347,False
DHX33,-0.4215652131140626,-11.251203377465274,0.0,0.0,True
DHX34,-0.5036954330620249,-7.9392897284548924,1.4654943925052066e-14,4.947546866139354e-14,True
DHX35,-0.05463544010001309,-1.9795725453292277,0.04832472209543748,0.05830653334213306,False
DHX36,-0.5781589480968288,-13.16865182456467,0.0,0.0,True
DHX38,-0.1507585293971987,-6.683185999638633,6.52748965990213e-11,1.6705210707045688e-10,False
DHX40,0.36847869002539646,7.80554773228493,3.774758283725532e-14,1.2314200133173154e-13,True
DHX57,-0.16193011194009266,-4.556452051678392,6.613410058919911e-06,1.148151777975862e-05,False
DHX58,-0.4376766858879906,-4.775604897300566,2.3862273057506656e-06,4.284793816826488e-06,True
DHX8,-0.44662753730502347,-15.002634614565665,0.0,0.0,True
DHX9,-0.2595574395934528,-8.81115639091495,0.0,0.0,False
DIABLO,-0.2878749179541087,-7.550723825628485,2.2137847111025621e-13,6.818338525986742e-13,False
DIAPH1,-0.19361437668045411,-4.448449329189264,1.0769084678674545e-05,1.8320644869834897e-05,False
DIAPH2,-0.42390687853210407,-8.65833565545495,0.0,0.0,True
DICER1,-0.8457006003671941,-13.572972532583035,0.0,0.0,True
DIDO1,-0.33248591062407273,-9.2566332544307,0.0,0.0,True
DIMT1L,-0.07444373163500284,-2.470717308608881,0.013831960123226628,0.0176817610320106,False
DIO3OS,0.2777979592770392,10.648465053555551,0.0,0.0,False
DIP2A,-0.02763539347721844,-1.0162685279071713,0.31001556884438886,0.33935848498702986,False
DIP2B,-0.4602912076291368,-8.110039732849227,4.218847493575595e-15,1.4897886044910262e-14,True
DIP2C,-0.04022256233381327,-1.299134324056028,0.19452402357597798,0.218948820360728,False
DIRAS1,0.2195148270978966,7.456262360658566,4.2166270475263445e-13,1.2708353469507055e-12,False
DIRC2,-0.5098133135187748,-8.555839791923864,2.220446049250313e-16,8.732440437457957e-16,True
DIS3,-0.2560164735335775,-6.4884253692557525,2.1711898945397934e-10,5.336415182868115e-10,False
DIS3L,-0.20532913188974744,-5.5575375318363305,4.552956922587725e-08,9.38034533916795e-08,False
DISC1,-0.7798748683543568,-10.274460909541578,0.0,0.0,True
DKC1,-0.3227736996556949,-5.781994338254768,1.3343071092464243e-08,2.8675155954122317e-08,True
DKFZP586I1420,-0.5793773350075524,-10.459305411334965,0.0,0.0,True
DKFZp761E198,-0.5974569395454754,-12.860115792266633,0.0,0.0,True
DKK3,0.11676269847448895,5.383781159864116,1.1454558301871032e-07,2.287932323205348e-07,False
DLAT,-0.1140508445451629,-3.176427460461961,0.0015874251438936504,0.002234031793831516,False
DLC1,-0.25770364597072337,-3.600050345215046,0.0003513841251254757,0.000524367630174939,False
DLD,-0.2220230218300996,-3.540114523161934,0.00043908776343437594,0.0006511137933831844,False
DLEU1,0.5911751758992008,12.60343644227599,0.0,0.0,True
DLEU2,-0.090971750812876,-1.600459330127189,0.11015730610919605,0.12775896184774763,False
DLEU7,-0.07799746519469863,-2.9382519876651108,0.0034602252879605278,0.004705824686188586,False
DLG1,-0.09048648620403199,-2.974658629078902,0.0030815399646919595,0.0042142062036432,False
DLG4,0.036080713280205234,0.9611947962834662,0.3369401263548564,0.36687903539858124,False
DLGAP3,0.12376835289882981,3.5460575097311096,0.00042955271245515014,0.0006376311462333601,False
DLGAP4,-0.921740421478844,-18.55601960482528,0.0,0.0,True
DLGAP5,0.057803891714708566,0.8376331911688683,0.4026553026019202,0.4331515157519162,False
DLK1,0.18766884563112463,7.978167640817945,1.1102230246251565e-14,3.790355370674919e-14,False
DLL1,0.11911692739588275,3.997602971220125,7.410081654501965e-05,0.00011732883928276033,False
DLST,-0.07274851715042852,-3.385212356583554,0.0007698059014040748,0.0011180676053806,False
DLX2,0.2678123312459828,9.540670574902439,0.0,0.0,False
DLX4,0.4160959670444293,12.744352447161802,0.0,0.0,True
DMAP1,-0.36020753063428934,-9.193010994162432,0.0,0.0,True
DMBT1,0.2171958433199066,7.611724285624457,1.454392162258955e-13,4.546307548727518e-13,False
DMKN,0.23434625890835958,9.908732606455423,0.0,0.0,False
DMTF1,-0.20898675898083807,-6.038148038937235,3.1330671390605858e-09,7.070885653377525e-09,False
DMWD,0.321161364001485,9.595875651990545,0.0,0.0,True
DMXL1,-0.1773987493731224,-4.36275389805005,1.5745628082486363e-05,2.642393500614225e-05,False
DMXL2,-0.44009731274856945,-5.438642280346734,8.58226789635097e-08,1.7343709455801198e-07,True
DNAH1,-0.1250526010926336,-3.187658425599298,0.001528288401122957,0.002154755702880703,False
DNAH10,0.18908984424893083,4.5145049090714044,8.001547068703374e-06,1.3758743198148107e-05,False
DNAJA1,0.03142123269128927,0.49181456512927113,0.6230761792618014,0.6508174201048866,False
DNAJA2,-0.03832249576947433,-0.9091937460138916,0.36370599168965323,0.39386380730216375,False
DNAJA3,-0.027700730549558905,-0.9266127656410216,0.3545951633940889,0.3846846569162281,False
DNAJA4,1.223242244690507,15.307953221824796,0.0,0.0,True
DNAJB1,0.014987357239580668,0.19842178997802415,0.8427994203397122,0.8586014436095467,False
DNAJB11,-0.33631008242747207,-4.127605431516066,4.325062833654414e-05,6.986453341868629e-05,True
DNAJB12,-0.1830958086593233,-5.898910340806587,6.9308194738937345e-09,1.5180853683168268e-08,False
DNAJB13,0.3242093462774003,11.7383134916877,0.0,0.0,True
DNAJB14,-0.3543541610169276,-5.371670593479115,1.220431893322882e-07,2.434312550508446e-07,True
DNAJB2,1.0930472486628382,17.936653438053106,0.0,0.0,True
DNAJB4,0.48244981072165105,11.1362181777265,0.0,0.0,True
DNAJB6,-0.2053922647688573,-4.139030453800946,4.122332854961108e-05,6.673011826348652e-05,False
DNAJB9,-0.06276475311722773,-0.9745579425039267,0.3302724389632534,0.3600984882650253,False
DNAJC1,-0.5215270381592436,-8.125554246273703,3.774758283725532e-15,1.3407783123723221e-14,True
DNAJC10,-0.0818484218190414,-2.3487841251674553,0.019241091390652,0.02422274663704048,False
DNAJC11,0.08975887473978306,3.2111852365130447,0.001410949195072897,0.001996403854323142,False
DNAJC13,-0.41596425576510754,-6.456322232207996,2.63970179048556e-10,6.452891962903132e-10,True
DNAJC14,-0.5081996797358528,-11.513461507681484,0.0,0.0,True
DNAJC15,-0.2998214863886344,-5.688183704288721,2.2394427645622272e-08,4.73584380484529e-08,False
DNAJC16,-0.4801997968497509,-12.377962178600784,0.0,0.0,True
DNAJC17,-0.22906943411645253,-8.079780353983619,5.329070518200751e-15,1.867525503472907e-14,False
DNAJC19,-0.0016814865583461014,-0.059089458217146694,0.9529055463118166,0.9578950159669966,False
DNAJC2,-0.259444709318728,-4.799185792891142,2.133243463209311e-06,3.84671750981654e-06,False
DNAJC21,-0.14719917580820407,-3.1820084784908618,0.0015577790182121909,0.0021944547524503154,False
DNAJC25,-0.15386023172991425,-4.1203895802883626,4.4579544022482764e-05,7.190027549635662e-05,False
DNAJC25-GNG10,-0.18880535287669176,-2.6768532107335457,0.0076871473075812435,0.010125586030420622,False
DNAJC27,-0.2626009364575652,-7.822545297027118,3.352873534367973e-14,1.0965857536168279e-13,False
DNAJC3,-0.6049797084162449,-10.769105542223171,0.0,0.0,True
DNAJC30,-0.08087410579854737,-2.6690064258580777,0.00786631040631569,0.010353294055113166,False
DNAJC4,-0.17615352833687759,-3.6010140318391994,0.0003501186005481216,0.0005226822394652427,False
DNAJC5,-0.37495054251527726,-9.908283381342756,0.0,0.0,True
DNAJC6,1.2472194500644926,16.557206337125294,0.0,0.0,True
DNAJC7,-0.507109571016156,-11.650032239561268,0.0,0.0,True
DNAJC8,-0.15602405285464016,-4.297032128393811,2.0982703509142553e-05,3.483317239088489e-05,False
DNAJC9,0.08248253447852871,1.4842664422595635,0.1383972596573515,0.15843749095537984,False
DNAL4,-0.049798222883655985,-1.722048804770113,0.08570748887923507,0.10074128208162335,False
DNALI1,-0.018624194917037595,-0.6137167397163643,0.5396944262384458,0.5688817803660924,False
DNASE1,0.06922146223251202,2.7994357543208044,0.005326282234061619,0.0071060279191748656,False
DNASE1L1,-0.45522732326698545,-7.978894630121026,1.1102230246251565e-14,3.790355370674919e-14,True
DNASE2,-0.0036793134527908222,-0.05018310031414219,0.9599974380347707,0.9641826217388196,False
DND1,-0.2058512426363528,-5.234273794171275,2.484887939857572e-07,4.826884347254531e-07,False
DNHD1,0.18912751470234035,6.830571026769542,2.5803803538337888e-11,6.789264800322389e-11,False
DNLZ,-0.04912956552855707,-0.8754693071977999,0.3817582411669873,0.4120956967484329,False
DNM1,0.31858881264538086,9.335047515987535,0.0,0.0,True
DNM1L,-0.1581065296527444,-3.520318144413107,0.0004722984726981405,0.0006991012730673196,False
DNM1P35,0.16861134964972546,5.656042262355606,2.6699089605841664e-08,5.6070521999943506e-08,False
DNM2,-0.13444317215682045,-5.628619853719241,3.099998857614139e-08,6.480741713404222e-08,False
DNM3,0.35897504859296214,4.284959320631593,2.2110360911042903e-05,3.6667038199582955e-05,True
DNMBP,-0.3549847690683352,-6.607696769158862,1.0435319275359234e-10,2.628568614320206e-10,True
DNMT1,-0.016196873063574202,-0.2673295799443666,0.7893306999995802,0.8085638357754703,False
DNMT3A,-0.31578519122184145,-12.023672735687045,0.0,0.0,True
DNPEP,-0.01581790953308637,-0.46917594863081125,0.6391577676567881,0.6662858213247549,False
DNTTIP1,-0.5583719044900013,-11.55111364770766,0.0,0.0,True
DNTTIP2,-0.4285187484038291,-6.48759127756864,2.1822610385413554e-10,5.357515963972267e-10,True
DOC2A,0.19044753210627974,7.805239810409701,3.774758283725532e-14,1.2314200133173154e-13,False
DOCK10,-0.22166500570161274,-3.2831554756122014,0.0011017423739589915,0.0015737810522859156,False
DOCK11,-0.367574976404593,-5.187565384417545,3.1533320266063924e-07,6.080219553813029e-07,True
DOCK2,-0.34554557749995496,-10.516270102329983,0.0,0.0,True
DOCK4,-0.3001169885586843,-2.588599826875307,0.009930206942385889,0.01291038981595294,True
DOCK5,-0.5140090101852159,-9.764473704103393,0.0,0.0,True
DOCK6,0.3013328957753041,10.2452211473916,0.0,0.0,True
DOCK8,-0.51156660829347,-11.819860613395122,0.0,0.0,True
DOCK9,0.043548508374714245,1.7517647593108367,0.08045545562493595,0.09478077248349737,False
DOHH,0.6183895534909838,13.317727528098931,0.0,0.0,True
DOK1,-0.18218855465750217,-7.365073240976479,7.813749647311852e-13,2.3060871685212713e-12,False
DOK2,-0.0751891122336259,-1.1283327716000935,0.25974532662854743,0.2876099603416551,False
DOK3,-0.4413604634139707,-8.999756974004999,0.0,0.0,True
DOK4,0.0435197949479309,0.9347550788405097,0.35038643668415226,0.3804054066130773,False
DOLK,0.021940293517072273,0.7918689479602632,0.4288298242313051,0.4594633750646827,False
DOM3Z,0.38806544450523983,8.869288329258598,0.0,0.0,True
DONSON,-0.04135375855093448,-0.9041983258480957,0.36634565704053235,0.39646144526962535,False
DOPEY1,0.000207703690223493,0.007385815890537113,0.9941101060796447,0.9943690788408672,False
DOPEY2,-0.1901240553019603,-4.276605220149438,2.2924299637461232e-05,3.797311008396835e-05,False
DPAGT1,-0.15392890053984365,-5.18494635613344,3.1955694757002107e-07,6.157538439376167e-07,False
DPCD,1.9395154733915172,22.83898523989381,0.0,0.0,True
DPEP2,-0.8220006785198652,-6.421939468775228,3.251368063672544e-10,7.889969513813762e-10,True
DPEP3,-0.010947613865884165,-0.24499094392751716,0.8065685677166852,0.8247548452311138,False
DPF1,0.3985259672390189,12.161479167530866,0.0,0.0,True
DPF2,-0.15030433779097319,-6.025954990136616,3.3606690763576808e-09,7.571200291524373e-09,False
DPH1,-0.2962315780487348,-8.388616047745659,6.661338147750939e-16,2.5382717209375807e-15,False
DPH2,-0.08997221735913863,-2.6801138448079604,0.007613783542077757,0.0100335399406468,False
DPH3,-0.2997710688954376,-5.018360608411317,7.36386798205757e-07,1.3734519962001482e-06,False
DPH3B,0.26270382429803085,12.227060152092381,0.0,0.0,False
DPH5,-0.09347201112463166,-3.348436197977162,0.0008768810419907958,0.0012643375544738986,False
DPM1,-0.2707498276215814,-4.170250857005722,3.613457776197038e-05,5.8798446283392676e-05,False
DPM2,1.5798252788671956,17.709288185538338,0.0,0.0,True
DPM3,-0.2656619364813766,-4.68061693742779,3.7302281614692845e-06,6.6105381833791825e-06,False
DPP3,-0.23170820981680684,-4.305470092531494,2.0227397151240112e-05,3.3646120979802866e-05,False
DPP4,-0.06444592484678147,-1.1471900150505867,0.25187688980125067,0.27948847833740553,False
DPP6,0.13982832936147505,5.029635233582156,6.96432324032159e-07,1.3029403833890597e-06,False
DPP7,-0.08117603823038344,-2.5068988324672326,0.012510304607671552,0.01606893385100007,False
DPP8,-0.6522743037308736,-17.198765975480672,0.0,0.0,True
DPP9,-0.02606182268074786,-0.6899115760677242,0.49058455788573685,0.5204018346335577,False
DPPA4,0.23205422273235898,7.750683411707004,5.5289106626332796e-14,1.782965339386135e-13,False
DPY19L1,0.004938195665248113,0.13442747210387154,0.8931211332996121,0.9044892353353848,False
DPY19L2P2,0.05055558304883867,1.8516694083132392,0.06468970076937519,0.07694761081809509,False
DPY19L3,-0.06781077771395516,-1.5309892672947925,0.1264334655506134,0.14542057810060066,False
DPY30,-0.32612384787343895,-6.1205864383426265,1.9442301102401416e-09,4.44798145776687e-09,True
DPYD,-0.3807928510602725,-5.667844999747904,2.5032176775852122e-08,5.27718968303515e-08,True
DPYSL2,-0.33373570980722045,-5.180931545914717,3.261382544028635e-07,6.279101708953008e-07,True
DPYSL4,0.22780810455168776,8.864391024496665,0.0,0.0,False
DR1,-0.11101725898318904,-1.3702538478308297,0.17125077754113094,0.19411904216653095,False
DRAM1,-0.6028945958074732,-7.314683870310331,1.0960121699099545e-12,3.1994333971598497e-12,True
DRAM2,-0.12728865974738035,-2.094686451899674,0.036724635626702584,0.04485537883405653,False
DRAP1,-0.36354537742133886,-6.527035150832214,1.7147394615335543e-10,4.246846668975492e-10,True
DRG1,-0.2853768952219884,-6.365735697339268,4.562348276948569e-10,1.09669636481992e-09,False
DRG2,-0.04445777141287843,-1.747725821932232,0.08115351822105032,0.09556403357066844,False
DSC2,-0.4385706075349751,-4.672749318923979,3.869541559176071e-06,6.8489934265748555e-06,True
DSCR10,0.21125020790003024,7.73576330006632,6.150635556423367e-14,1.971866712341797e-13,False
DSCR3,-0.4370055795202017,-9.346701208835325,0.0,0.0,True
DSE,-0.37407254163837855,-4.921473858643263,1.1842069489453877e-06,2.1762731086314488e-06,True
DSN1,-0.0675449705978739,-1.6981437585984522,0.09013134248418253,0.10563928918145081,False
DSTN,-0.14087562877494175,-2.359239367537286,0.018713642639232253,0.023592256710223962,False
DSTYK,-0.2365198550220624,-7.834592832139788,3.064215547965432e-14,1.0050312897782975e-13,False
DTD1,-0.08767047260998995,-2.5333260885805773,0.011617100367654842,0.014985148839307516,False
DTNB,0.0788542280424962,3.3690479921585372,0.0008152746210285944,0.001180830926647602,False
DTNBP1,-0.4275691362943732,-10.37902586272059,0.0,0.0,True
DTWD1,-0.1771674605852982,-5.355002893876804,1.3314541935649515e-07,2.644313940633565e-07,False
DTX1,0.05950952772615947,1.9802114907850725,0.048252667257162374,0.058231794042457145,False
DTX2,-0.4987291035858106,-12.57611395314226,0.0,0.0,True
DTX3L,-0.4825689460970306,-7.425233657150305,5.204725539442734e-13,1.5584412136428607e-12,True
DTX4,-0.30954115862996634,-5.882847633665261,7.58825779989536e-09,1.6551626888277723e-08,True
DTYMK,-0.07423926873890885,-1.8092657115302506,0.07103771460372554,0.08415090852738734,False
DULLARD,-0.007809780225445095,-0.21340771410780263,0.8310999419911673,0.8472820808740823,False
DUOXA1,0.23883603394015918,7.822165612902541,3.352873534367973e-14,1.0965857536168279e-13,False
DUS1L,0.11647963020244934,3.3136583118127265,0.0009907337865671106,0.0014201421711630845,False
DUS2L,-0.28836599792140394,-5.417708598765653,9.584434157439148e-08,1.928101590281899e-07,False
DUS3L,0.19229791546784192,8.231416732620414,1.7763568394002505e-15,6.487588596401866e-15,False
DUSP1,-0.46740858645406913,-6.042513581558666,3.0552957941409886e-09,6.902128310003931e-09,True
DUSP10,0.017131144584807245,0.763498819985635,0.4455425787340199,0.476218332043906,False
DUSP11,-0.47210956481333444,-7.068321177088146,5.5853099922842375e-12,1.5402725832205443e-11,True
DUSP12,-0.2725865113453847,-5.2194795911396055,2.680158153189893e-07,5.197431273837438e-07,False
DUSP13,0.05833434074212995,0.7038083665215276,0.48189477296939676,0.5118909894720105,False
DUSP14,0.046393463063640894,1.7500214690718725,0.08075615164070937,0.09511555324635289,False
DUSP16,-0.17522367873457556,-4.421347033070823,1.2151984606356692e-05,2.0563935754461984e-05,False
DUSP18,-0.6172363368569327,-10.553958997502997,0.0,0.0,True
DUSP2,0.11882951192539926,1.636400577897526,0.1024138876997236,0.11918625706335786,False
DUSP22,-0.20904187035765354,-5.935929242487412,5.620138798789753e-09,1.2413878968985459e-08,False
DUSP23,-0.38558929021546184,-8.930175243404605,0.0,0.0,True
DUSP26,0.20332176082121656,6.331437054135139,5.603539854348583e-10,1.3349984608529746e-09,False
DUSP28,-0.2310132260308908,-5.609612935955991,3.436914219889786e-08,7.155216862264675e-08,False
DUSP3,-0.2760919418886867,-6.238321762950334,9.747103124624346e-10,2.2783457973325456e-09,False
DUSP5,-0.16937600010985898,-2.406121583761741,0.01650145523671087,0.02095010061409374,False
DUSP6,-0.40869906344412055,-4.900304096884576,1.3123870694631279e-06,2.403400103838755e-06,True
DUSP8,-0.1363809964697622,-4.736752043433807,2.8672611767088796e-06,5.115858347972364e-06,False
DUT,-0.03306084887458738,-0.4737379047081097,0.6359030871180611,0.663133049113973,False
DUX4,0.5481977207265913,13.806450477918396,0.0,0.0,True
DVL1,-0.19059849159446696,-5.088421704785354,5.197863419681426e-07,9.84287172962524e-07,False
DVL2,0.10574228313269618,2.784994578736132,0.0055653402620048364,0.007412945707450706,False
DVL3,-0.12825299469774976,-6.5775196953075525,1.257320914049842e-10,3.1403034711492044e-10,False
DYM,-0.24813818365887252,-8.440787623995218,4.440892098500626e-16,1.713723151846858e-15,False
DYNC1H1,-0.46298434482475237,-10.149016234622566,0.0,0.0,True
DYNC1I2,-0.2818646590787921,-7.424984791960532,5.213607323639735e-13,1.5606949781966245e-12,False
DYNC1LI1,-0.4811928649178663,-8.953628715865161,0.0,0.0,True
DYNC1LI2,-0.42799586226542363,-12.075531428875001,0.0,0.0,True
DYNC2LI1,-0.049816942164614186,-1.2400541226667972,0.2155636783934609,0.24114577172130486,False
DYNLL1,0.7340496416698326,13.872627969376131,0.0,0.0,True
DYNLL2,0.28642779154078246,7.931139958369201,1.554312234475219e-14,5.235123575707617e-14,False
DYNLRB1,-0.019228257977184526,-0.45796931634024113,0.6471825698037261,0.6738584490255014,False
DYNLT1,-0.4807992855679242,-9.201702242423764,0.0,0.0,True
DYNLT3,-0.006861252076435065,-0.09064523735521378,0.9278124513333565,0.9352823686802253,False
DYRK1A,0.20798525715016147,3.158144615050329,0.0016882306582348683,0.0023672220270489893,False
DYRK1B,0.2982487053710816,8.877406649642529,0.0,0.0,False
DYRK2,-0.15432164230556245,-2.8746047845317957,0.004225686758081437,0.0057057420895956015,False
DYRK3,1.0192544210422674,17.908374824982282,0.0,0.0,True
DYRK4,-0.1722797938523266,-2.117875600496931,0.03470109853971115,0.042510045100386334,False
DYSF,-0.5888368174608827,-9.034013578542456,0.0,0.0,True
DZIP3,0.08174348852080637,2.4958094267315065,0.012902933447605403,0.016541890971949542,False
E2F1,0.3843420106211246,9.469644163282535,0.0,0.0,True
E2F2,1.0634188424660298,13.787379750024476,0.0,0.0,True
E2F3,-0.4789884345965483,-8.411383574279682,4.440892098500626e-16,1.713723151846858e-15,True
E2F4,0.2452492128471091,8.504970517248816,2.220446049250313e-16,8.732440437457957e-16,False
E2F5,-0.027240849653392463,-0.4645267590712117,0.6424818703240724,0.6695086542665994,False
E4F1,-0.19109411336959603,-7.266243962382123,1.5147882947985636e-12,4.376435005714736e-12,False
EAF1,-0.3433717681271933,-5.547516490593785,4.8049285217288684e-08,9.885331602392363e-08,True
EAF2,-0.23559968566751666,-2.7276245043439515,0.00661393771152019,0.00875097042258225,False
EAPP,-0.3347178927255472,-7.532554396520687,2.5068835896036035e-13,7.690224252634863e-13,True
EBAG9,-0.12824582896668435,-2.4060202148108654,0.016505978489681716,0.020953533857465692,False
EBF1,-0.09204434150434393,-2.138270548120086,0.03300109651254557,0.0405093383128743,False
EBF3,0.2006870882474896,6.1715255035898,1.4440120210679197e-09,3.3373945567177703e-09,False
EBI3,0.2471542560027511,4.529822946338048,7.465014538521331e-06,1.2880392820435472e-05,False
EBNA1BP2,-0.17031209384541368,-4.596657111350623,5.501890878667481e-06,9.611204281372568e-06,False
EBP,-0.06740889386919324,-1.0186632863788871,0.3088780746884636,0.3381776012105705,False
EBPL,-0.45155547638581783,-7.491241294689787,3.3240077357277187e-13,1.0094712656959555e-12,True
ECD,-0.31856882484481686,-9.817797963212433,0.0,0.0,True
ECE1,-0.5370653359517332,-11.222857379463502,0.0,0.0,True
ECE2,0.3085080656482799,13.438091557524572,0.0,0.0,True
ECH1,0.08985577319531135,1.8481889097562338,0.06519241795092445,0.077489574076638,False
ECHDC1,-0.26590437598026284,-4.460027427139711,1.0225447871325954e-05,1.743441889132677e-05,False
ECHDC2,0.1184935397288629,4.452846388262035,1.055944280903276e-05,1.7971959473588706e-05,False
ECHDC3,-0.5009598529729491,-3.850382083400398,0.00013397774716827904,0.0002076546918233862,True
ECHS1,-0.09038894995690328,-2.062859066422673,0.03966552159289294,0.04823770307632598,False
ECSIT,1.049035026784125,15.57200822431744,0.0,0.0,True
ECT2,-0.08342342888221532,-2.0211852325680963,0.043817383798285814,0.053085027763194605,False
EDARADD,-0.4024875588921484,-6.478244731174326,2.3101698332084197e-10,5.664292530593398e-10,True
EDC3,-0.26597703376266235,-7.0021381042615545,8.58690896166081e-12,2.338359440410659e-11,False
EDC4,0.24378129876660015,9.200456999536474,0.0,0.0,False
EDEM1,-0.19140186042365803,-4.952416252547133,1.0183567809018967e-06,1.8792777570023948e-06,False
EDEM2,-0.38029201032038706,-10.01509203462232,0.0,0.0,True
EDEM3,-0.39727440798942126,-8.934752750298923,0.0,0.0,True
EDF1,0.13983419956426868,5.355034941816434,1.3312316005098523e-07,2.644313940633565e-07,False
EDNRB,0.06849427146531939,2.0028297509227846,0.04575968784320139,0.05536244556935582,False
EEA1,-0.20480503551067564,-7.062025342449837,5.8193450058752205e-12,1.603277568109942e-11,False
EED,-0.3607334440706409,-6.4513161553012885,2.721178837816751e-10,6.642351988304971e-10,True
EEF1A1,0.006017781511578946,0.17819034807276757,0.858648970816988,0.8724334034436698,False
EEF1B2,0.016415135880294862,0.18910464435721436,0.8500910562030284,0.8653410106400392,False
EEF1D,-0.009256754198228911,-0.33389643542701525,0.7386041207495724,0.7603200059798323,False
EEF1E1,-0.044662147615851744,-1.015905025763617,0.31018847218404444,0.33951548946104215,False
EEF1G,-0.06203882023524088,-1.248843970560612,0.2123333216676373,0.23776295638082184,False
EEF2,0.24934830974120992,4.831911177896322,1.8245794579652141e-06,3.3082529161500553e-06,False
EEF2K,-0.08645962240712546,-2.4170516562900457,0.016020099390095632,0.020354679558185703,False
EEPD1,-0.19253151441540028,-5.688315508633569,2.2378249919796644e-08,4.733291605327535e-08,False
EFCAB1,0.26612547485599514,9.395178645398437,0.0,0.0,False
EFCAB2,-0.19397851356257778,-4.0008935003288135,7.311085624728264e-05,0.00011580912446540824,False
EFCAB4A,0.539533197463387,13.550418394137521,0.0,0.0,True
EFEMP2,0.08637707678405926,2.568186009664741,0.010525878402113609,0.01364632451479422,False
EFHA1,-0.39817821486381,-4.522538567916895,7.71570750912609e-06,1.3293035416934406e-05,True
EFHC2,-0.009276098618919093,-0.12036512729141745,0.9042444831221663,0.9144054254309748,False
EFHD2,-0.7571864617585664,-15.633474930147049,0.0,0.0,True
EFNA1,-0.05736293637450851,-1.7655444379944853,0.07811060742480169,0.09218812366048061,False
EFNA3,0.2872649576726558,12.432591845299726,0.0,0.0,False
EFNA4,-0.23529728202401534,-7.728620200180317,6.461498003318411e-14,2.0680743401007162e-13,False
EFNB3,0.14758574841909056,4.911297655429157,1.2442371386534035e-06,2.283314895674455e-06,False
EFR3A,-0.20616966521945734,-2.814481167443818,0.00508715224341616,0.006805912507771283,False
EFS,0.370783464028535,11.250190457626848,0.0,0.0,True
EFTUD1,-0.14738245036042752,-5.14158807727059,3.9797939654917514e-07,7.610100711902305e-07,False
EFTUD2,-0.459848978464108,-9.32473334493692,0.0,0.0,True
EGF,0.20667361145992702,3.865692709281421,0.00012608404020730823,0.00019592095766194303,False
EGFL7,0.2036926295422563,6.487785818451527,2.1796742188939788e-10,5.353447191351757e-10,False
EGFR,0.14599295286337455,5.330935276221538,1.5092283689455144e-07,2.986566153905408e-07,False
EGLN1,-0.4944995864484465,-6.364592380635849,4.593785352113855e-10,1.1040228139161172e-09,True
EGLN2,-0.3950435620210673,-9.052457202859465,0.0,0.0,True
EGR1,0.1645766844420793,4.842207397834059,1.7367091518227795e-06,3.1558846379313138e-06,False
EGR3,0.160827523776363,4.968049071482536,9.433300263150812e-07,1.7455772808230395e-06,False
EHBP1,-0.09362912009413993,-2.914445824383825,0.0037303328298019522,0.005059425864416424,False
EHBP1L1,-0.6013677755416129,-11.735709017065082,0.0,0.0,True
EHD1,-0.16448120089205798,-3.8277433366472806,0.00014651005448529375,0.0002264085481105579,False
EHD3,0.3274979182804345,7.079766189529713,5.183187212765006e-12,1.4314345121994751e-11,True
EHD4,-0.42383203752956167,-7.068457989470487,5.580202966370962e-12,1.5392327100006492e-11,True
EHMT1,-0.7123157976141163,-15.832016582541652,0.0,0.0,True
EHMT2,-0.019562365801284454,-0.5482224301839845,0.5837950785457118,0.612564721239575,False
EI24,0.028267473466656146,0.9055952083661638,0.36560631590585846,0.39577287406442846,False
EID1,0.222210270515677,5.703592450413977,2.0578259096737384e-08,4.361379329076687e-08,False
EID2,-0.2319589827074484,-6.1058567091981,2.118067721212924e-09,4.833205641967446e-09,False
EIF1,0.18371057895621234,5.312112331005055,1.664107871501841e-07,3.2845885147069407e-07,False
EIF1AD,-0.4420067616887824,-9.038638696761398,0.0,0.0,True
EIF1AX,-0.015839148343091747,-0.25750430449941347,0.7969002928952169,0.8154476746788668,False
EIF1AY,1.2357865041954854,5.4252753797510485,9.209725226888565e-08,1.8560955405215968e-07,True
EIF1B,0.7897412100178478,18.231407872165224,0.0,0.0,True
EIF2A,-0.1931747350630273,-2.74184445301232,0.006338616088301885,0.00840461144590156,False
EIF2AK1,1.236253785724303,22.895544251837883,0.0,0.0,True
EIF2AK2,-0.49150780486688816,-5.3943342510148735,1.0837834718557815e-07,2.167755133236108e-07,True
EIF2AK3,-0.07306460572108309,-2.0821234179619195,0.03786243400791345,0.046147220118204955,False
EIF2AK4,-0.1297345289847387,-3.143368747633399,0.0017739808196215456,0.0024826248403864155,False
EIF2B1,-0.35023005274592434,-8.146914214062704,3.3306690738754696e-15,1.1896426995960166e-14,True
EIF2B2,-0.3129090856544172,-7.90111499223052,1.9095836023552692e-14,6.385048915973976e-14,True
EIF2B3,-0.24167303676812013,-4.9157616646183815,1.2175505910150264e-06,2.2357668193690563e-06,False
EIF2B4,-0.3876841311762398,-8.400607855850186,4.440892098500626e-16,1.713723151846858e-15,True
EIF2B5,-0.005928346252313865,-0.15522048411776856,0.8767130137010875,0.8896103950689593,False
EIF2C1,-0.49754099118751594,-12.377999583781076,0.0,0.0,True
EIF2C2,0.4001344794174102,6.891341406158364,1.751798706095542e-11,4.6678161682892777e-11,True
EIF2C3,-0.5292383180466329,-15.847749190932308,0.0,0.0,True
EIF2C4,-0.486342686914254,-8.164871323437064,2.886579864025407e-15,1.0368105224106224e-14,True
EIF2S1,-0.047711994305879024,-1.2639779439805041,0.20685389155291256,0.2320333018597721,False
EIF2S2,-0.12526515305242913,-4.255611158307789,2.5097917037975037e-05,4.145438863785983e-05,False
EIF2S3,-0.3592953597821147,-8.526424920214295,2.220446049250313e-16,8.732440437457957e-16,True
EIF3A,-0.3477827768557864,-6.7722427022161185,3.732703035552731e-11,9.719033966214266e-11,True
EIF3B,0.7423032214825165,14.607755460831362,0.0,0.0,True
EIF3C,-0.03210128204733742,-0.6488185843040144,0.5167671904059885,0.5462642255929689,False
EIF3D,-0.27392359753384987,-7.409549997583808,5.788702850395566e-13,1.7247818968884254e-12,False
EIF3E,-0.10215442688664744,-1.8011655114817275,0.07230681786608151,0.08557507808480355,False
EIF3F,-0.282935966049898,-5.640084720582512,2.912553820344499e-08,6.09883793065775e-08,False
EIF3G,-0.17311732552137382,-4.457607429052741,1.033685662155115e-05,1.7608732834020658e-05,False
EIF3H,-0.1690583980742577,-3.486973044173103,0.0005336049960440459,0.0007863113661802948,False
EIF3I,-0.307613679631233,-5.6877589672339575,2.244663810380132e-08,4.7451426742097155e-08,True
EIF3J,0.698185713504039,13.717470491801139,0.0,0.0,True
EIF3K,-0.01982742628398171,-0.7122903844318694,0.4766324480664945,0.5070960717907038,False
EIF3L,-0.33651747419497013,-5.276400685420109,2.0013962531706397e-07,3.9167657900565066e-07,True
EIF3M,-0.49851153136334414,-8.426398321111902,4.440892098500626e-16,1.713723151846858e-15,True
EIF4A1,-0.2937767861937761,-8.579130788557022,2.220446049250313e-16,8.732440437457957e-16,False
EIF4A2,-0.05777440262092348,-1.8721965834825407,0.06178966471733882,0.07378759567479015,False
EIF4A3,-0.38331650967356445,-10.210495693943114,0.0,0.0,True
EIF4B,-0.22873624186736485,-5.042517822122817,6.533429557364911e-07,1.226109075778534e-06,False
EIF4E,0.05604040257392384,1.1090004284045503,0.2679875663488194,0.29605339759969795,False
EIF4E2,-0.293348991081551,-10.9645951930581,0.0,0.0,False
EIF4E3,-0.4918240213117091,-7.659001477684465,1.0480505352461478e-13,3.3111613043061924e-13,True
EIF4EBP1,-0.34700695120425396,-7.019664584917339,7.664757717407156e-12,2.0966597992593926e-11,True
EIF4EBP2,0.025327596535114516,0.7745887945541959,0.43896559964328485,0.46958067814738097,False
EIF4ENIF1,-0.37586073267989706,-7.834671516681233,3.064215547965432e-14,1.0050312897782975e-13,True
EIF4G1,-0.05697632977403,-1.2563992820283125,0.20958482607273488,0.23495937825127328,False
EIF4G2,-0.1693774415385647,-3.389369594994964,0.0007584999199596876,0.0011020636450574724,False
EIF4G3,-0.3979237946903149,-9.455698202414913,0.0,0.0,True
EIF4H,-0.34560633214310776,-9.745348888220084,0.0,0.0,True
EIF5,0.16676403227917813,3.7167478811033012,0.00022568140218570676,0.00034282263903167036,False
EIF5A,0.5963775602566441,14.689582999187715,0.0,0.0,True
EIF5B,-0.2329223799086102,-4.884308417819033,1.4180145575526382e-06,2.591481784618251e-06,False
EIF6,-0.3891819806269856,-10.587068319304802,0.0,0.0,True
ELAC2,-0.0003025368137490325,-0.009083568066723518,0.992756250185292,0.9932807596513129,False
ELANE,0.540628220193696,2.7830325152271054,0.005598558904224005,0.007456330213638145,True
ELAVL1,-0.06516493275694124,-2.076161751861831,0.038412804490776775,0.04678831499727796,False
ELAVL3,0.09211951810125818,3.363149490774517,0.0008324800555357115,0.0012042368152349442,False
ELF1,-0.4135997272367975,-8.177274705851344,2.6645352591003757e-15,9.591494265492883e-15,True
ELF2,-0.4616457162117751,-8.70541475667283,0.0,0.0,True
ELF4,-0.5050744993947456,-12.779095570142665,0.0,0.0,True
ELK1,0.1981818823502648,7.710160147379303,7.349676423018536e-14,2.3464779023489614e-13,False
ELK3,0.1100037485607599,1.2197741498120132,0.22315190950359676,0.24922307984990605,False
ELL,-0.34105111868024585,-8.07660324951811,5.551115123125783e-15,1.942384419905404e-14,True
ELL2,0.453215396825422,9.765674080472463,0.0,0.0,True
ELMO1,-0.026742705667746502,-0.9450041238145673,0.3451341295447419,0.37500705623793884,False
ELMO2,-0.416781522293598,-8.415985074911717,4.440892098500626e-16,1.713723151846858e-15,True
ELMOD2,-0.3277770675622427,-4.700998677304593,3.3913946881902746e-06,6.022117375252624e-06,True
ELMOD3,-0.23097451888583986,-6.437242620990842,2.9636626486251316e-10,7.217427071778624e-10,False
ELOF1,1.0915306638308238,19.69390525034381,0.0,0.0,True
ELOVL1,-0.39076857777100216,-11.47945741319611,0.0,0.0,True
ELOVL5,-0.2921564134606136,-3.3106839331642544,0.0010010827531814481,0.0014342627156588433,False
ELOVL6,0.4645931260566978,13.48734577056025,0.0,0.0,True
ELOVL7,0.42905137340510713,5.088128701842586,5.205484661097159e-07,9.852444595987213e-07,True
ELP2,-0.11600662314387344,-2.19351875047158,0.028750810707064645,0.03555347166233791,False
ELP3,-0.11490802772721409,-3.7976322048111704,0.00016490108428923733,0.0002535026811594455,False
ELP4,0.010043278407104506,0.3459897765482571,0.7295026067754933,0.7518916005231663,False
ELSPBP1,0.09705512834186969,3.2953546210586295,0.001056029443169182,0.0015099805307678509,False
EMB,-0.33048695892587165,-3.5759061856342944,0.0003845267375082173,0.0005726391065749393,True
EMD,-0.04850316504999608,-1.110384226989404,0.2673916679658608,0.2955084546962247,False
EMG1,-0.28023331963885223,-4.634372807208187,4.623939698245039e-06,8.131780363982381e-06,False
EMID1,0.41091768569723275,10.636889680605897,0.0,0.0,True
EMILIN1,0.17419444283756924,6.314627400760554,6.19547080304983e-10,1.4696381420990733e-09,False
EMILIN2,-0.8487591582379705,-9.676886968912681,0.0,0.0,True
EMILIN3,0.5916181936852682,14.494278983107886,0.0,0.0,True
EML2,-0.21273048867198252,-6.968402310854925,1.067879118465953e-11,2.8882130935922312e-11,False
EML3,-0.5546105809205741,-12.42112611808239,0.0,0.0,True
EML4,-0.31567929284910257,-4.78618441851635,2.269343730487705e-06,4.083826032102465e-06,True
EMP1,0.17081570318011563,4.024043276911192,6.64927306741614e-05,0.00010573298793976603,False
EMP3,-0.42945265326041326,-8.752492387911017,0.0,0.0,True
EMR1,-0.7171947750212642,-5.500172980494984,6.190656853810594e-08,1.2651403019178112e-07,True
EMR2,-0.5864873551278142,-9.00552995246594,0.0,0.0,True
EMR3,-0.21838330940485484,-1.453326838695076,0.14678912197417437,0.16757818592869322,False
ENC1,-0.3399982158864727,-3.8414516615558534,0.00013879534141603145,0.0002149480421848973,True
ENDOD1,1.1444132150506725,13.045079783475,0.0,0.0,True
ENDOG,-0.05170242232150013,-1.2806480478108508,0.2009382690894257,0.22577135404224485,False
ENG,0.15364487854869324,5.746057886360983,1.628391199659518e-08,3.473599672014442e-08,False
ENGASE,0.09608737020783131,4.314617577902934,1.9437937456512344e-05,3.236565503925495e-05,False
ENKUR,0.168169517255218,5.239950165889692,2.413685986635272e-07,4.6957015504225135e-07,False
ENO1,-0.2812533346754069,-6.930003357732033,1.3673284726678503e-11,3.667114476521762e-11,False
ENO2,0.1533126036282857,4.510237032612725,8.157501735883699e-06,1.4018538340391515e-05,False
ENOPH1,-0.2004916415201281,-2.4241998389170303,0.015712033881446263,0.019976481046399507,False
ENOSF1,0.05470923373008185,2.3495733560088685,0.019200826079452726,0.024174698394274344,False
ENOX2,-0.05085413448866882,-1.720940428493684,0.08590863855566155,0.10095711156117787,False
ENPP4,-0.004969742517836995,-0.06473148779344855,0.9484148499334988,0.9537969841438774,False
ENSA,-0.0015446781579040447,-0.058600286421272005,0.953294968656097,0.9581677180816629,False
ENTPD1,-0.49787700488941944,-8.897179323233253,0.0,0.0,True
ENTPD4,-0.44162658126785814,-14.022350836085339,0.0,0.0,True
ENTPD5,0.345434604216182,9.253177585188098,0.0,0.0,True
ENTPD6,0.3555997453518911,12.448103821277352,0.0,0.0,True
ENTPD7,-0.3434696786122897,-4.1217712592877875,4.4322115081429914e-05,7.149509083083479e-05,True
ENTPD8,0.46506901256636946,11.782000873552171,0.0,0.0,True
ENY2,-0.2510894198036109,-3.361842854206432,0.0008363368415276184,0.001209444610906113,False
EOMES,-0.17345284822505969,-2.4957103102777602,0.012906491504377948,0.016542770183479424,False
EP300,-0.46442954898487,-9.481728340153108,0.0,0.0,True
EP400,-0.0782619968605145,-3.6492835464484767,0.0002919325368184733,0.0004390040328475188,False
EPAS1,0.07945271721554947,1.8045447014327454,0.07177513536372748,0.08498949262487428,False
EPB41,1.2600550099739722,22.067505042526136,0.0,0.0,True
EPB41L2,-0.09707191577028196,-2.718176278040667,0.006802788168817964,0.008995674080658262,False
EPB41L3,-0.27515066710914615,-5.293075708978695,1.8363827658518517e-07,3.606084739148905e-07,False
EPB41L4B,-0.06220751529292112,-0.8726875284181107,0.3832715161450011,0.4136129468310163,False
EPB41L5,-0.0417650767879878,-1.5942374822813785,0.11154372641654575,0.12926279523060266,False
EPB42,2.406367652490177,17.74553186901009,0.0,0.0,True
EPB49,1.5956178143313915,19.2824901913994,0.0,0.0,True
EPC1,-0.47663551581406605,-11.406191845353707,0.0,0.0,True
EPC2,-0.35814246416796625,-7.421321044337731,5.344613640545504e-13,1.5986653992584694e-12,True
EPHA4,-0.0062007447891008205,-0.20381361010968657,0.838585885403248,0.8544600454630706,False
EPHA8,0.18338996993024637,6.528536405781782,1.699036467073256e-10,4.2097657698896185e-10,False
EPHB1,-0.01162369952172293,-0.23331237317670367,0.8156187154685408,0.8332693555194787,False
EPHB3,0.4089562686810764,11.249811727789785,0.0,0.0,True
EPHB4,0.07362965678335964,2.160181733323644,0.03125488853940972,0.03846832579180046,False
EPHB6,0.027803538432080277,1.0569515587931626,0.2910674936541573,0.3200769889644141,False
EPHX2,-0.07297541846015632,-1.6914721157804242,0.09139836602738716,0.10706984422551333,False
EPM2AIP1,-0.2927078688734017,-6.741212194506065,4.538192044378775e-11,1.1742011266666467e-10,False
EPN1,0.24014887687391262,8.501606710738896,2.220446049250313e-16,8.732440437457957e-16,False
EPN2,0.2057072881404136,8.3357155723201,8.881784197001252e-16,3.353302922492869e-15,False
EPPK1,-0.02241839674925661,-0.40265934421640875,0.6873788362949731,0.712042879072104,False
EPRS,-0.29399053126471486,-5.026377092148714,7.077578794145722e-07,1.3226254076859925e-06,False
EPS15,-0.24494821702386194,-4.964904869456302,9.579777791035582e-07,1.770975130395424e-06,False
EPS15L1,-0.2245948247340186,-7.2611796911962,1.566746732351021e-12,4.5174857596874615e-12,False
EPS8L2,0.3610219910174437,9.474585508991208,0.0,0.0,True
EPSTI1,-0.6515568630811055,-2.743965951930273,0.006298439421454027,0.008356568036826646,True
EPT1,-0.0327695080330761,-0.8021638179571388,0.4228567654195463,0.45348543719092765,False
ERAL1,0.18250736731447104,6.4739909868973005,2.3707902307990025e-10,5.810453759271003e-10,False
ERAP1,-0.19588886858417842,-6.213471672272611,1.1286303003288367e-09,2.627995235392737e-09,False
ERAP2,-0.5501079215002731,-4.77218222974123,2.4252672157221156e-06,4.352859622608764e-06,True
ERBB2,0.33864201872076727,9.948918159920597,0.0,0.0,True
ERBB2IP,-0.19019355112141234,-4.095927427045745,4.9379680585159846e-05,7.933117721903155e-05,False
ERC1,-0.06937849990366507,-3.0683262476972755,0.00227484710103254,0.00315406400539165,False
ERCC1,-0.044489591880991775,-0.8639878008414924,0.38802786591763505,0.41831473912075223,False
ERCC2,0.1917123201011921,5.9282059537427765,5.871898300924272e-09,1.2947625675410927e-08,False
ERCC3,-0.2673866574349173,-7.784025334791401,4.374278717023117e-14,1.4205615038452011e-13,False
ERCC4,-0.1057161557645836,-3.3285208889808593,0.0009404939266746126,0.0013516593314241874,False
ERCC5,-0.38761568025388593,-10.551359235856706,0.0,0.0,True
ERCC6,0.12476544256040967,4.489985935737367,8.938094175681144e-06,1.5321117084772485e-05,False
ERCC8,0.0676416409227798,2.857283892789335,0.004459141133309696,0.006007584411063672,False
ERF,0.08535262356637663,2.6001042650089126,0.009607948690992796,0.012506945527352922,False
ERG,0.07829123980010566,1.5303062797020843,0.12660233701511436,0.1455857362560749,False
ERGIC1,-0.33767448863484084,-5.858766133421553,8.689278852003213e-09,1.8888809793588414e-08,True
ERGIC2,-0.2251459966034952,-6.710599373874753,5.499223298954803e-11,1.4139632406397404e-10,False
ERGIC3,0.0910719142182419,2.15273238518369,0.03183942439299292,0.03914176409635917,False
ERH,-0.20847128504873602,-3.135325842731649,0.0018223279510933832,0.0025462634241441872,False
ERI1,-0.4407371827779345,-4.611610013756463,5.136187561705086e-06,8.990084261249184e-06,True
ERI2,0.013480786601169914,0.34366309844752874,0.7312507556877152,0.7534911400632249,False
ERICH1,-0.5316870231191801,-10.286882483040813,0.0,0.0,True
ERLEC1,-0.12878153096837686,-1.9862625687821736,0.04757475601158756,0.057431734908559746,False
ERLIN1,-0.4151616103420519,-5.024128798286621,7.156767094507188e-07,1.336556422853896e-06,True
ERLIN2,-0.2798920934196083,-7.4472220397250375,4.4853010194856324e-13,1.348986486774282e-12,False
ERMAP,0.48502970207738505,10.98461375102769,0.0,0.0,True
ERMN,-0.33633901319934933,-5.261889017960346,2.1566277830231684e-07,4.2112553708499533e-07,True
ERMP1,-0.00243273545454592,-0.08581235297470664,0.9316515128537453,0.9386344638120253,False
ERN1,0.25593715474224954,9.99887964493268,0.0,0.0,False
ERN2,0.44204510991244206,11.745094120022626,0.0,0.0,True
ERO1L,-0.23080409023327597,-3.037735044606535,0.002514015105179901,0.0034718786712105596,False
ERO1LB,-0.2508661332961859,-5.894922285893017,7.0886645442413965e-09,1.552068558926376e-08,False
ERP27,-0.4200298823592483,-5.41336275679391,9.80629077940165e-08,1.971355383733466e-07,True
ERP29,-0.4041883930268044,-7.4156289867952525,5.555556015224283e-13,1.6583169147283886e-12,True
ERP44,-0.5129798349781671,-12.25168157856266,0.0,0.0,True
ERV3,-0.18122679323772983,-3.505953125222506,0.0004978536007560486,0.0007354162127608263,False
ERVWE1,0.07833902391138414,2.6098614041111152,0.009342000148048202,0.012181401370315512,False
ESAM,0.4562184690462634,7.2940459217705245,1.2583267761101524e-12,3.655653501642584e-12,True
ESCO1,-0.18475546528646003,-2.8474547266630834,0.004596776513094758,0.006185056495075168,False
ESD,-0.45735239872150846,-11.486540944855454,0.0,0.0,True
ESF1,-0.18856901528206027,-3.6481493581751026,0.0002931886965802377,0.00044066291700257807,False
ESPN,0.3617835556873632,8.898644756507355,0.0,0.0,True
ESPNL,0.40419955325908186,12.011932710772445,0.0,0.0,True
ESR1,0.15027092768181882,5.236424453426927,2.457674705969026e-07,4.77563342409872e-07,False
ESR2,0.22145773428803173,7.6552094485587725,1.0769163338864018e-13,3.397699055063671e-13,False
ESRRA,-0.4074794827670294,-10.563100517857642,0.0,0.0,True
ESYT1,-0.42748075198445434,-4.6616276550062405,4.075037212336596e-06,7.200545121783288e-06,True
ESYT2,-0.40022864210164943,-6.463562795113334,2.5260704639151754e-10,6.181815524503698e-10,True
ESYT3,0.32846824016077214,11.447037214906073,0.0,0.0,True
ETF1,-0.13131462272799155,-2.7557207240137025,0.006079966846310292,0.008076007622537852,False
ETFA,0.11023700842500705,1.8292263965950002,0.06798841284697543,0.08067145937209622,False
ETFB,-0.2202744833110204,-4.701115937821816,3.3895337645528656e-06,6.019740893290851e-06,False
ETFDH,-0.36241923347345173,-7.155266698960894,3.1592506388733455e-12,8.886790747053009e-12,True
ETHE1,-0.34693668420463286,-5.2077411472731905,2.845595608036433e-07,5.505276420720805e-07,True
ETNK1,-0.06973687147787055,-1.3178563875510367,0.18818287042469217,0.21216389198610447,False
ETS1,-0.09128698495702281,-1.3435423355109857,0.17973378865101153,0.2031949662843264,False
ETS2,-0.4566969156313423,-5.570613475497865,4.243424589489564e-08,8.764570171477548e-08,True
ETV1,0.2557280022199593,10.44529029793174,0.0,0.0,False
ETV3,-0.08493884522024286,-2.549079721086858,0.011112071481181651,0.01436748808976669,False
ETV3L,0.24519582924801409,8.991461091279236,0.0,0.0,False
ETV4,0.2543117013869538,8.56100803291354,2.220446049250313e-16,8.732440437457957e-16,False
ETV6,-0.7216683945266427,-14.511918399495496,0.0,0.0,True
ETV7,-0.27134512534064337,-2.5014163667692646,0.012703069133367162,0.016301989009275437,False
EVI2A,-0.17190004729303077,-1.6189191046486182,0.10612415413913912,0.12325510501398905,False
EVI2B,-0.3587254408016314,-7.341452953173126,9.159339953157541e-13,2.688747118257434e-12,True
EVI5,-0.22766526450921276,-5.923751191657412,6.022081722178996e-09,1.3268622677463628e-08,False
EVI5L,0.21060405338319832,5.9316860161315486,5.757123666683128e-09,1.2704273470598267e-08,False
EVL,-0.2595329802360338,-3.7076003573556204,0.00023375076969056607,0.0003544261045235791,False
EVPLL,0.6453036619228243,13.678624661715427,0.0,0.0,True
EVX1,0.3314181588986558,10.223989711621458,0.0,0.0,True
EVX2,0.30585509641756214,9.951225311519208,0.0,0.0,True
EWSR1,-0.6163963566451915,-18.11005098129218,0.0,0.0,True
EXD3,0.06926775489757064,2.64076840836084,0.00854251949710938,0.011193411680946758,False
EXO1,0.29891100578102314,10.190596727478997,0.0,0.0,False
EXOC1,-0.4408386006065914,-6.784459870300464,3.455635777527277e-11,9.013919502114291e-11,True
EXOC2,-0.2194698367083876,-6.601409068399213,1.0849121601097522e-10,2.7256495468493423e-10,False
EXOC3,-0.36147304848888684,-8.283469903226335,1.1102230246251565e-15,4.157561450148628e-15,True
EXOC4,-0.2552462262000419,-11.145159835010993,0.0,0.0,False
EXOC5,-0.1260437761286468,-3.162303894202488,0.0016647920227088608,0.0023374865077502886,False
EXOC6,-0.1973932244054657,-2.595144481533186,0.009745715561062518,0.012679116506424119,False
EXOC7,-0.2559823248269657,-8.202967086007789,2.220446049250313e-15,8.040653266681659e-15,False
EXOC8,-0.4002759610849367,-5.021649547163588,7.245082827012084e-07,1.3521728626758293e-06,True
EXOSC1,-0.46130593253097807,-8.630461522037805,0.0,0.0,True
EXOSC10,-0.3977220553709939,-8.549070525451102,2.220446049250313e-16,8.732440437457957e-16,True
EXOSC2,-0.02664480904911093,-1.1108700054945368,0.26718269642987824,0.29533417907837706,False
EXOSC3,-0.10487137411817704,-1.9099981064950837,0.056731562251658874,0.06803652947182286,False
EXOSC4,-0.40514657005436217,-3.127910556928287,0.0018679756094353017,0.0026081467933436655,True
EXOSC5,0.09517680861370259,2.917680645095874,0.0036925346779899115,0.0050105203152038865,False
EXOSC6,-0.07648626335708641,-1.6177533429047386,0.10637532965500984,0.12353437063172279,False
EXOSC7,-0.16751292938965978,-3.732077934339532,0.00021274346768263008,0.00032406664959484474,False
EXOSC8,-0.39013869946692425,-5.002821776262595,7.951001022021842e-07,1.478649996329829e-06,True
EXOSC9,-0.03760777221316136,-0.780134558719395,0.4356977465467575,0.46643144446766727,False
EXT1,-0.6591311351411004,-8.747104508515777,0.0,0.0,True
EXT2,-0.26387456659785835,-8.992043095667947,0.0,0.0,False
EXTL3,-0.26448003351809835,-6.5876698292982,1.1810108446752565e-10,2.956762425519296e-10,False
EYA2,0.3653044025822201,13.408331845953152,0.0,0.0,True
EYA3,-0.3362857892121438,-7.848648358072352,2.7755575615628914e-14,9.158306374002562e-14,True
EZH1,-0.4030038645264593,-8.554984069943124,2.220446049250313e-16,8.732440437457957e-16,True
EZH2,-0.15313295672559146,-3.619257229976117,0.0003269534451029177,0.0004893680787604612,False
EZR,-0.4247938774515445,-8.142171856324365,3.3306690738754696e-15,1.1896426995960166e-14,True
F11R,-0.3143677363213042,-5.921461908213773,6.100711713585838e-09,1.3418769950123213e-08,True
F12,0.06838639481180708,1.6047965453209532,0.1091989447759405,0.1266857331930767,False
F13A1,0.28789170689198595,2.973438963246155,0.003093586566671691,0.004228672559806718,False
F2,0.4232080310131434,11.325245418039119,0.0,0.0,True
F2RL1,-0.20579112156437152,-3.239325632039103,0.0012815599566551317,0.0018204820743261145,False
F2RL3,0.290891039594773,6.574629308622298,1.2799206139391117e-10,3.193978672436011e-10,False
F5,-0.517513881664244,-7.043843952066627,6.550759934498274e-12,1.7996232693891157e-11,True
F8,-0.22791686778293263,-4.771900008052203,2.4285136241974925e-06,4.357328416998585e-06,False
F8A1,-0.3223468862598029,-7.845233086595516,2.842170943040401e-14,9.359338791561572e-14,True
FA2H,0.3022595792372287,9.238344110444254,0.0,0.0,True
FAAH,0.35008198318273553,12.427251949611295,0.0,0.0,True
FABP5,-0.2548007836171724,-3.4099250193156414,0.0007048356886176776,0.001027331683814631,False
FADD,-0.29907047848739143,-6.262484639035822,8.448204358302291e-10,1.982376573707152e-09,False
FADS1,-0.04062394651132317,-0.9015063372938072,0.36777310743267266,0.3978940945352641,False
FADS2,0.4428655618075279,10.736599933076635,0.0,0.0,True
FADS3,0.2886048163199497,8.332315605325848,8.881784197001252e-16,3.353302922492869e-15,False
FAF1,-0.2741690740434026,-6.609438795533293,1.032343099893751e-10,2.6026614505747687e-10,False
FAF2,-0.3741966009758424,-13.636426747641085,0.0,0.0,True
FAH,0.41183642054084757,5.104645163737974,4.792313352819377e-07,9.101839655585557e-07,True
FAHD1,0.8669068073495261,15.742822998211677,0.0,0.0,True
FAHD2A,0.07989654035283023,2.5828922109036143,0.010093643674067287,0.013109559305624206,False
FAIM2,0.2695259678910791,8.625147130776769,0.0,0.0,False
FAIM3,-0.1771647653420696,-2.6866164624580153,0.007469352685063324,0.00984658658494443,False
FAM100A,0.6270567558232036,15.345403777325421,0.0,0.0,True
FAM100B,0.2432274079921406,5.415908758907149,9.675718870560956e-08,1.9457857135124242e-07,False
FAM101B,-0.2523317504936031,-2.6969936879737273,0.007243962240047308,0.009558213177904345,False
FAM102A,0.03930660523024754,0.782450846473256,0.4343370469895147,0.465104438437503,False
FAM102B,-0.2565405598195136,-3.810875869389757,0.0001565588170522325,0.00024128994027624649,False
FAM103A1,-0.464198283732709,-10.339476517038205,0.0,0.0,True
FAM104A,1.1165175031150492,25.973144135113564,0.0,0.0,True
FAM104B,1.1878201515711941,20.209521034043117,0.0,0.0,True
FAM105A,-0.2854618550310333,-4.890058589459802,1.3791321815670443e-06,2.5228241383945982e-06,False
FAM105B,-0.23698675370064803,-7.167458650925544,2.915445662665661e-12,8.233149935828819e-12,False
FAM107A,-0.010795015333682212,-0.2415865914771074,0.8092041001346528,0.827376356244547,False
FAM107B,-0.30050396926516854,-4.610452096063501,5.163651520589951e-06,9.035409671225223e-06,True
FAM108A1,-0.25173438935921943,-6.156586669275367,1.575954922117262e-09,3.633591823032174e-09,False
FAM108B1,-0.1730363544292417,-6.199221813613508,1.2273642102655913e-09,2.8521299854850405e-09,False
FAM108C1,-0.09959864002750907,-2.034759999068452,0.04242628038938756,0.05147549229043136,False
FAM109A,0.21891142387379992,8.121480092864575,3.9968028886505635e-15,1.4152835067434934e-14,False
FAM10A4,1.2419354478763216,17.96046448512164,0.0,0.0,True
FAM110A,-0.30657272975997607,-5.54508338371913,4.86812365974032e-08,1.0008194973505041e-07,True
FAM110B,-0.3263178575671106,-5.905513874174801,6.676963648644119e-09,1.4649894146425067e-08,True
FAM111A,-0.21663524074430907,-4.229501444637581,2.807624281375709e-05,4.612239603132743e-05,False
FAM113A,-0.07234783969723191,-1.8546175282950617,0.06426639357715591,0.07647568053876641,False
FAM113B,-0.2244324385636176,-2.5489936006162166,0.011114778285527427,0.014368878201842007,False
FAM114A1,-0.12445415299155105,-3.3770061484834493,0.000792585519674871,0.001149703135768145,False
FAM114A2,-0.365340759802637,-7.295046707789933,1.2498890811230012e-12,3.632056590680083e-12,True
FAM115C,0.05083188876041467,2.0531524034862034,0.040601402117287355,0.04935495472657588,False
FAM116A,-0.42350028347216373,-5.848037651585056,9.228577901865265e-09,2.003845218691536e-08,True
FAM116B,0.3150838422529696,9.326679815586818,0.0,0.0,True
FAM117A,1.1990164827298164,21.57721582174008,0.0,0.0,True
FAM117B,-0.474188213161689,-4.545506388963053,6.951517909303817e-06,1.2035853719716019e-05,True
FAM118A,-0.01529019027768852,-0.35109659475331534,0.7256705533440588,0.748209730036718,False
FAM118B,-0.28437683746685893,-4.175448800761738,3.534771091895372e-05,5.757498332514536e-05,False
FAM119A,-0.1287541459832111,-2.910733550377734,0.0037741444672976243,0.005118244657264108,False
FAM120A,-0.3132213201678393,-8.626508523124661,0.0,0.0,True
FAM120AOS,0.18143793479840253,7.003765558427456,8.496758852061248e-12,2.3143571817662216e-11,False
FAM120B,-0.3172901362585909,-12.83909179887134,0.0,0.0,True
FAM122A,0.2674889292187146,9.322614998868227,0.0,0.0,False
FAM122B,0.09294514162116885,2.8436380060333177,0.004651253342930595,0.006253973066092858,False
FAM124A,-0.012724969804078334,-0.3661110112338028,0.7144441979009923,0.7376250529373066,False
FAM125B,0.02393996541867649,0.734942673014642,0.462734767652651,0.49312996471374654,False
FAM126A,-0.22650771457185037,-3.159751524200266,0.0016791394374398028,0.0023556213834939822,False
FAM126B,-0.47375699204354493,-5.444313399338999,8.328787970413032e-08,1.6858075668808243e-07,True
FAM127A,-0.43517169715203785,-9.297060263593346,0.0,0.0,True
FAM127B,-0.23593266618967768,-6.340278295311755,5.314801931888269e-10,1.2688443642922246e-09,False
FAM128A,-0.03636550544143535,-0.45940053927453345,0.6461553847199142,0.6729714174130824,False
FAM128B,0.30083054312880986,4.76714902529671,2.4837966752233598e-06,4.45166545851842e-06,True
FAM129A,-0.7394868815447051,-11.447354670505868,0.0,0.0,True
FAM129B,-0.031026063562002548,-0.6717032419733431,0.5020970890459735,0.5317815712321229,False
FAM129C,0.08849951993503868,3.292915978241468,0.001065024359537814,0.0015224640850727326,False
FAM131A,-0.08171129422939005,-2.5563900288154344,0.010884435502263257,0.014087394668603422,False
FAM132A,0.273435504466248,8.632352314330449,0.0,0.0,False
FAM133B,-0.37945151898049234,-7.055511468148408,6.071587677070056e-12,1.670375410847145e-11,True
FAM134A,0.3246982411882051,8.464100457193338,2.220446049250313e-16,8.732440437457957e-16,True
FAM134B,-0.4661007937711039,-6.9155181205369844,1.5005330311623766e-11,4.0159479521281167e-11,True
FAM134C,-0.24114470968598756,-6.4952046435664235,2.0832202629605945e-10,5.12748166859895e-10,False
FAM136A,-0.2524247891487641,-5.050512045513159,6.279123414554277e-07,1.1793448982920386e-06,False
FAM136B,0.13327080266332691,4.9701081759898695,9.338548325743545e-07,1.7291550902465826e-06,False
FAM138A,0.16496087218243005,6.141278636604128,1.7233690030593607e-09,3.9584222425205936e-09,False
FAM13A,-0.2808998900883002,-5.894263079446189,7.115091182896549e-09,1.5572626892605993e-08,False
FAM13B,-0.311827304172299,-8.07872668716335,5.329070518200751e-15,1.867525503472907e-14,True
FAM149B1,-0.0401829567041081,-0.8933998414117729,0.37209259618625934,0.4022273475478155,False
FAM151A,0.4100251138806219,11.918094893680163,0.0,0.0,True
FAM151B,-0.19371750824399614,-4.568148902091977,6.269557969451611e-06,1.09026325860678e-05,False
FAM153A,-0.043718511329927434,-1.381939962186019,0.1676355151157498,0.19017072076209593,False
FAM153B,-0.07579419895737205,-2.0724337965164366,0.038760417851274154,0.04719176125450026,False
FAM153C,0.33753468484269966,10.161213413616867,0.0,0.0,True
FAM156A,-0.20147670488520575,-7.457562349379059,4.1810999107383395e-13,1.2607876929789249e-12,False
FAM157B,-0.5301492725678756,-8.489252637122716,2.220446049250313e-16,8.732440437457957e-16,True
FAM158A,0.19280981972113764,5.160191854126053,3.622816038273413e-07,6.950569277959934e-07,False
FAM159A,-0.09783302878851163,-3.006070169765876,0.002785696767874546,0.0038265986954117382,False
FAM160A2,-0.5080302268083345,-9.421894287785392,0.0,0.0,True
FAM160B1,-0.2380092980795352,-4.84533567569246,1.710829715451112e-06,3.1093479792176334e-06,False
FAM160B2,0.020896194999301176,0.7388153956230853,0.4603816659496802,0.49089478941723286,False
FAM162A,-0.4692875193376782,-7.009556478500621,8.183898003721879e-12,2.2323069169991078e-11,True
FAM163A,0.29183290754676516,11.311308825826817,0.0,0.0,False
FAM163B,0.3746507970677011,9.632711103525308,0.0,0.0,True
FAM164A,-0.214698427852829,-4.543568812334437,7.013071636530199e-06,1.2140602972827076e-05,False
FAM165B,-0.15487982091797603,-5.09607929247425,5.002467273751421e-07,9.482214995284287e-07,False
FAM168A,-0.10697566026449667,-2.905882048151152,0.003832108172285853,0.005190740126594631,False
FAM168B,-0.35789160381724905,-9.217157336892233,0.0,0.0,True
FAM169A,0.02776286145945761,1.1104621610924974,0.2673581347901779,0.29549974617617153,False
FAM172A,-0.27319266847618096,-4.658023762757682,4.143848453708188e-06,7.315400818124845e-06,False
FAM173A,-0.2475398078781752,-5.435440786741988,8.72865635326292e-08,1.7624082827911581e-07,False
FAM173B,0.15580402970251583,5.078602378037482,5.459245822070358e-07,1.0305646120030884e-06,False
FAM174A,-0.36670454803380625,-6.900606706433896,1.6509682509990853e-11,4.408322504232375e-11,True
FAM175A,-0.20946259485769714,-5.02721578506433,7.04825619202154e-07,1.3177870974824886e-06,False
FAM175B,-0.3731456366791006,-9.355694551746454,0.0,0.0,True
FAM176B,0.12266945613741154,2.622295212543927,0.009012650640070952,0.011782626571669196,False
FAM177A1,-0.3141602069978493,-4.828202916105438,1.8572641167224901e-06,3.3664556035446675e-06,True
FAM177B,-0.06697188382075758,-2.1392324319911,0.03292271705897942,0.04042174139867661,False
FAM178A,-0.34810324149638694,-8.814629281907695,0.0,0.0,True
FAM179A,0.10672720860066942,3.510106817163115,0.0004903343689353079,0.0007245877608423107,False
FAM179B,-0.0843876762540825,-2.9554391422224837,0.0032764509328748748,0.004470145480964785,False
FAM181B,0.4795331287501967,10.892845150906588,0.0,0.0,True
FAM185A,0.3482902154395253,9.520168541234561,0.0,0.0,True
FAM188A,-0.1511949454159458,-2.2905413371888863,0.02242442836741576,0.028049407141303304,False
FAM188B,0.34743537615286835,10.658843529225363,0.0,0.0,True
FAM189B,-0.19872061038887434,-5.6223705328364595,3.207063037358182e-08,6.69970241699835e-08,False
FAM18A,0.2852210815673306,9.092969007100432,0.0,0.0,False
FAM18B,-0.18849671299537185,-2.4092373596023924,0.016362955743057128,0.02078113420113286,False
FAM18B2,0.21191916031337898,8.028039282585013,7.771561172376096e-15,2.6939697004092763e-14,False
FAM190B,-0.2847522945283667,-8.99431165524746,0.0,0.0,False
FAM192A,-0.3932010824657244,-14.341501341367103,0.0,0.0,True
FAM193A,-0.19054262780467246,-8.196649176140475,2.220446049250313e-15,8.040653266681659e-15,False
FAM193B,-0.3044944551184816,-7.9798874666283695,1.0880185641326534e-14,3.7189572226243426e-14,True
FAM195A,-0.18878408537153923,-5.430193364328986,8.973855414318166e-08,1.810647057585058e-07,False
FAM195B,-0.1934912594478937,-5.404906129046383,1.0252385429510014e-07,2.0581601213406386e-07,False
FAM198B,-0.3212758371531077,-3.4100518337560533,0.0007045158807348351,0.0010269954986313042,True
FAM199X,-0.2712091410733346,-4.936866398996083,1.0986849652283581e-06,2.022654964753949e-06,False
FAM200B,-0.38295851235117606,-8.940673097748803,0.0,0.0,True
FAM20A,-0.5816155531352858,-5.738094554446197,1.7016398290436996e-08,3.625150580868203e-08,True
FAM20B,1.227854261291438,19.87334738130699,0.0,0.0,True
FAM20C,-0.10236302479233172,-1.6907993818864848,0.09152691932235846,0.10717684087366545,False
FAM21A,-0.09035654357008127,-1.5375656094923138,0.12481642839233764,0.14367547103540895,False
FAM21C,0.07582106539093836,1.0599638358175751,0.2896962739112343,0.3186603685240172,False
FAM22F,0.3508635007738521,11.761190773480598,0.0,0.0,True
FAM26F,0.07809907893306356,0.9509520602192301,0.3421092191926134,0.3721238886627526,False
FAM30A,-0.06394414890217037,-1.2173772025024256,0.22406129927704033,0.25019020030750555,False
FAM32A,-0.5553559266744399,-13.681998117540266,0.0,0.0,True
FAM35A,-0.308575677572132,-3.880178674821784,0.00011902205697333912,0.00018552301411040506,True
FAM36A,0.01845784834656916,0.7220533092668403,0.4706147266368066,0.5012029434291213,False
FAM38A,-0.11827611152622053,-2.42874616998981,0.015518831080527429,0.01974391597267456,False
FAM3A,0.2479587702789825,6.287320936433328,7.289897574480619e-10,1.720744470500866e-09,False
FAM3B,-0.26110785145389004,-3.2219455405505633,0.0013601093727682034,0.0019268355509675236,False
FAM3C,-0.09708560606968719,-2.283611182176165,0.022832211678104564,0.028522312799055035,False
FAM40A,0.16293749891088183,5.240044313462209,2.4125218711645857e-07,4.6942296341123077e-07,False
FAM43A,-0.22575399810335428,-4.889700457574784,1.381523513144245e-06,2.526797292459282e-06,False
FAM45A,-0.6346571839507451,-11.689842916055836,0.0,0.0,True
FAM46A,-0.4134047467499391,-6.263642507168196,8.390412808978454e-10,1.9704213077802817e-09,True
FAM46B,0.25111281829056464,8.609735539194507,0.0,0.0,False
FAM46C,2.4622973842634055,21.758806788483128,0.0,0.0,True
FAM48A,-0.5414028804250233,-11.220081832799282,0.0,0.0,True
FAM49A,-0.7539091850777435,-10.521055975027467,0.0,0.0,True
FAM49B,-0.37605133733769236,-6.727916847129911,4.9334314411453306e-11,1.2736036927510772e-10,True
FAM50A,-0.24164940914398247,-5.499051769979668,6.227784288270755e-08,1.272173208309821e-07,False
FAM50B,-0.02575379146921586,-0.9587587434901839,0.3381649142100507,0.36810826372950045,False
FAM53B,-0.366003909654701,-6.590589663446638,1.1599143867613293e-10,2.9045769176312503e-10,True
FAM53C,-0.5265274493354504,-9.886484010288065,0.0,0.0,True
FAM54B,-0.13841680684470958,-5.276774210678297,1.997547227627905e-07,3.9098974537036257e-07,False
FAM55C,-0.15342766327829427,-4.15389125126106,3.872143900518488e-05,6.28214444930598e-05,False
FAM57B,0.19715776200964985,6.794959109671924,3.2337466038256935e-11,8.456192310889482e-11,False
FAM58A,-0.3413108055755165,-8.08359646080772,5.10702591327572e-15,1.7929848063097536e-14,True
FAM58B,0.1247784129784737,3.7916955278885127,0.00016877526413705546,0.00025918174477999493,False
FAM60A,-0.15062505531344428,-3.7235205760279575,0.0002198767407111113,0.0003344902504293834,False
FAM63A,-0.4650318245055516,-8.82161168861198,0.0,0.0,True
FAM63B,-0.6131107295289819,-10.173748519170617,0.0,0.0,True
FAM64A,0.21131850738782676,7.334393939396952,9.603429163007604e-13,2.8140905756470258e-12,False
FAM65A,0.03190164110175964,0.8386859222581908,0.4020647275625271,0.4326175375471269,False
FAM65B,-0.6051169597600747,-11.763624373028712,0.0,0.0,True
FAM69B,0.3517058533422084,12.36563306726655,0.0,0.0,True
FAM70B,0.3488880591017596,12.463761366495753,0.0,0.0,True
FAM71D,-0.332585996351213,-12.618143602419623,0.0,0.0,True
FAM71E2,0.1660518737583616,6.071724527498104,2.581334035411942e-09,5.855531066150091e-09,False
FAM72A,0.03428021354255106,0.9806119442389718,0.3272801236665599,0.3570694965443364,False
FAM73B,0.02395176755529027,0.9308733177088006,0.3523889231528954,0.3824352747124743,False
FAM76A,-0.18521247037869992,-8.10716612117169,4.440892098500626e-15,1.5648405042101167e-14,False
FAM76B,-0.18354764673893031,-3.7634653048868683,0.00018840225130345445,0.00028828447565947023,False
FAM78A,-0.3490035451316693,-6.684665178280544,6.467493207651387e-11,1.6559025174246792e-10,True
FAM82A1,-0.012084208757990211,-0.44229111542901056,0.6584785824475929,0.684629911653924,False
FAM82A2,0.7912029395938998,13.530624146829714,0.0,0.0,True
FAM82B,-0.4878779334487269,-8.506510215074503,2.220446049250313e-16,8.732440437457957e-16,True
FAM83A,0.8123394367469223,12.643234873655693,0.0,0.0,True
FAM83C,0.39695833618103205,10.60631653936764,0.0,0.0,True
FAM83E,0.24112319838173457,7.466233008490135,3.9412917374193057e-13,1.1912815408903957e-12,False
FAM86C,0.18007435237743508,7.337562148766907,9.401368572525826e-13,2.7562831404154997e-12,False
FAM89A,-0.3454898400750146,-3.0421228983333273,0.002478348247844764,0.0034254971762567596,True
FAM89B,-0.036568821103494464,-0.9045018607459724,0.36618492277204195,0.39632473225699066,False
FAM8A1,-0.4371965918322749,-6.276752538062436,7.762437359559726e-10,1.827417043629031e-09,True
FAM91A1,-0.3536662846960632,-6.492871842008187,2.1130897032151097e-10,5.199888974863244e-10,True
FAM96A,-0.10774250164950505,-1.5013940347783519,0.13391384864167577,0.15347265172654098,False
FAM96B,-0.4412157517853892,-9.478776520623784,0.0,0.0,True
FAM98A,-0.10662187137625478,-1.856906180581679,0.06393936022335733,0.07610224120818901,False
FAM98B,-0.24262017629257304,-4.675838965787545,3.814246191335968e-06,6.7552739664820136e-06,False
FAM98C,-0.2156829782877252,-5.574771785352867,4.149351529036949e-08,8.576418493266932e-08,False
FANCA,-0.04795701765639837,-1.0608686022768878,0.28928526832791923,0.31823865971438275,False
FANCB,0.03041308506385887,1.0203878150184658,0.30806065160055507,0.3373788406338461,False
FANCD2,-0.13833961870634992,-3.667455147587731,0.0002724837899825694,0.0004106686872706027,False
FANCE,0.36369610644417527,14.990869614984932,0.0,0.0,True
FANCF,0.047222612292638466,2.0743687357687017,0.03857966114569389,0.0469766508178909,False
FANCI,-0.005971140480852899,-0.13833609450319184,0.8900330494048663,0.9018552688330976,False
FANCL,-0.026167219011418386,-0.7800171361277578,0.4357667918814021,0.4664620087056845,False
FAR1,-0.33341235988228046,-4.658619320402996,4.132400589051954e-06,7.298546823871429e-06,True
FAR2,-0.2885826673319132,-2.6137634726587957,0.00923749979245958,0.012057423241851774,False
FARP1,0.18178728322238236,7.920436455634186,1.6653345369377348e-14,5.5976038899870925e-14,False
FARS2,-0.1729575789365989,-4.729903882817003,2.961204136786577e-06,5.275303193882552e-06,False
FARSA,0.00911238253890545,0.257027468305393,0.79726815160662,0.8156791756245364,False
FARSB,0.09650027895147817,3.2127957532228435,0.001403229671054218,0.001986213145843394,False
FAS,-0.31349269315204964,-3.018890481498949,0.002672612413083586,0.0036776755926782733,True
FASLG,0.09390545628774793,2.7887106299559306,0.005502914324486241,0.00733403564777936,False
FASN,0.3654528441410143,10.9817540960656,0.0,0.0,True
FASTK,0.08133140893552238,2.8289152856288093,0.004866931004269048,0.006527206687411242,False
FASTKD1,-0.172810445414199,-3.0137580237448915,0.002717369424513061,0.003736585699052877,False
FASTKD2,-0.1407629049262944,-3.156387965761761,0.0016982209978912977,0.0023806508062200146,False
FASTKD3,-0.38690329044972005,-6.665901843802831,7.270450907981285e-11,1.8528390267485933e-10,True
FASTKD5,-0.27059052622705426,-5.870626379631267,8.128839157350853e-09,1.7700585681195554e-08,False
FAU,-0.09817612675900911,-2.9698716093591426,0.0031290688813383483,0.004275144638137402,False
FBF1,0.2863415226595496,9.675295121917124,0.0,0.0,False
FBL,-0.18211934432608512,-2.345135857037937,0.0194281838311412,0.024452933735895483,False
FBLIM1,0.23979594669591053,9.877930343088233,0.0,0.0,False
FBLN2,0.42188169900521766,11.485167569019808,0.0,0.0,True
FBN1,-0.11756063936199945,-2.117778769555009,0.0347093454763141,0.04251562638682073,False
FBN2,-0.0020048219010559976,-0.03716885446663297,0.970365887125163,0.9729843883874263,False
FBP1,-0.6373184238461906,-6.9116058184497104,1.538635885367512e-11,4.1150561327021986e-11,True
FBRS,0.03776607172695634,1.4497634289843135,0.14778019054616998,0.16865946843369978,False
FBRSL1,-0.13408922709668314,-4.469677117262632,9.792540100583835e-06,1.6726018597067793e-05,False
FBXL12,-0.537629724019518,-10.055803921061834,0.0,0.0,True
FBXL13,-0.4509854539844107,-5.260242599100999,2.174959792267117e-07,4.2463325164618513e-07,True
FBXL15,-0.25923235115746035,-7.921067131915978,1.6653345369377348e-14,5.5976038899870925e-14,False
FBXL16,-0.08059754596679314,-1.549165620235244,0.12200362134358533,0.14071890600348047,False
FBXL17,-0.22640338616009448,-6.373870003435558,4.344697934755004e-10,1.0454684668987445e-09,False
FBXL18,-0.11679113934101792,-3.7532926474145665,0.00019598793183628338,0.00029953363232349054,False
FBXL19,-0.1467943682285826,-4.838840872679767,1.7649810712949687e-06,3.2047315511107735e-06,False
FBXL20,-0.2512743948901397,-7.2292807945540725,1.936895088761048e-12,5.543129075140003e-12,False
FBXL3,-0.17897943513958392,-2.183512349775798,0.029483567481854323,0.03641269581038704,False
FBXL4,0.4363378198429837,8.080894132245211,5.329070518200751e-15,1.867525503472907e-14,True
FBXL5,-0.41215171141136153,-9.896519197825539,0.0,0.0,True
FBXL6,0.05177056754257281,1.8057146043583512,0.07159181297626094,0.08478985129277707,False
FBXL8,0.05085346437444338,1.870322384529696,0.06204989020639751,0.07405996117371183,False
FBXO11,-0.4726095678655229,-10.976064465707006,0.0,0.0,True
FBXO18,-0.020545285295823668,-0.4926501421881523,0.6224859923648998,0.6503188958871104,False
FBXO2,0.399869586572156,12.181505611556304,0.0,0.0,True
FBXO21,-0.2916302434309519,-5.81426676289009,1.1148006739958305e-08,2.4092662220934278e-08,False
FBXO22,-0.17975399613240084,-5.763615588055108,1.4775783929721342e-08,3.161847577307452e-08,False
FBXO24,0.3177002001310374,8.855598488953355,0.0,0.0,True
FBXO25,-0.07865585910635176,-2.6683981366750755,0.00788035476404425,0.01037059368525371,False
FBXO28,-0.15483023396516105,-3.6003538594031532,0.00035098508448161425,0.0005238400088291934,False
FBXO3,-0.24240505697579184,-5.035438053228189,6.766936329061224e-07,1.268071247347588e-06,False
FBXO30,-0.12358400431401151,-1.34533495498102,0.17915486029516048,0.20262001332743776,False
FBXO31,-0.02389403915452748,-0.7736395829774636,0.4395263368204536,0.47009321019821776,False
FBXO32,-0.13208006362520708,-3.1491845942171732,0.0017397608130194087,0.0024374002438786874,False
FBXO33,-0.3309744193172097,-5.678101772341354,2.3666235637875843e-08,4.99471176827944e-08,True
FBXO34,0.17426651046214392,2.450965732104356,0.01460444120348603,0.018623774850321663,False
FBXO38,-0.4794096221958677,-8.511648801141273,2.220446049250313e-16,8.732440437457957e-16,True
FBXO4,-0.09209737268349949,-2.653185709828559,0.008238991330723033,0.010814145526276051,False
FBXO41,0.028673136171841307,1.0805871074597622,0.28042563619628247,0.30893486068716314,False
FBXO42,-0.43505671852854455,-12.319603569443634,0.0,0.0,True
FBXO44,0.12379889666876265,4.053849966745886,5.8806261440391694e-05,9.389926885664984e-05,False
FBXO45,-0.25535138233963206,-5.342963634235376,1.4176802065613003e-07,2.810715714178936e-07,False
FBXO5,0.010444589400838034,0.14903060792129103,0.881592325661053,0.8941170540552914,False
FBXO6,-0.6923145328712543,-6.4346773401833435,3.010087734622857e-10,7.324292483126466e-10,True
FBXO7,1.4563409072508389,18.333321197032618,0.0,0.0,True
FBXO8,-0.22655237464404854,-3.651211027874048,0.0002898093658261214,0.0004359819883702615,False
FBXO9,0.5811532888881263,14.729259641224449,0.0,0.0,True
FBXW11,-0.3468302342803242,-6.819996611772371,2.7595037366268116e-11,7.242361253635051e-11,True
FBXW2,-0.374850937889077,-5.647183426570102,2.802073106877856e-08,5.876245776989929e-08,True
FBXW4,0.3693660581036591,7.112494147035844,4.18420853520729e-12,1.1653263567952797e-11,True
FBXW4P1,0.2545663206982578,8.678649129684716,0.0,0.0,False
FBXW5,-0.2722662716894364,-5.519027990489804,5.5975940993491236e-08,1.1471034767906522e-07,False
FBXW7,-0.2678200964427342,-6.524228369974315,1.7444778954711637e-10,4.315641046158399e-10,False
FBXW8,0.3282992924663781,12.090450827317307,0.0,0.0,True
FCAR,-0.45879974526734646,-5.197603042698744,2.9964043335439783e-07,5.783441943380209e-07,True
FCER1A,-0.16550831617823736,-1.5687857277007144,0.11735949151579761,0.13566121252087032,False
FCER1G,-0.4510344901063412,-9.585192246808425,0.0,0.0,True
FCER2,0.059307203589926694,1.8891314247216613,0.059479163391968015,0.07120562077656199,False
FCF1,-0.30185564393979325,-9.033623222277233,0.0,0.0,True
FCGR1A,-0.6335809754198491,-8.446197169516633,4.440892098500626e-16,1.713723151846858e-15,True
FCGR1B,-1.0019680981676045,-10.077387231029835,0.0,0.0,True
FCGR2A,-0.4721998811252366,-10.101709462692469,0.0,0.0,True
FCGR2B,-0.4130659640968197,-4.600047172045655,5.416850434647458e-06,9.466954962328033e-06,True
FCGR3A,-0.5546823265153797,-5.610695801649946,3.4167977558396956e-08,7.114622803600408e-08,True
FCGR3B,-0.650250706391013,-5.496658631729117,6.307755340273502e-08,1.2873677137599304e-07,True
FCGRT,-0.26365609357250364,-7.038363106620914,6.788347661768057e-12,1.8635599789300822e-11,False
FCHO1,0.03788031428488825,0.9699698244697568,0.3325520071822412,0.3623750421655696,False
FCHO2,-0.0647565789375859,-1.3225261212637633,0.186625340629748,0.21053151490687172,False
FCHSD1,-0.1313107909186746,-4.2862695862292295,2.1985232238064256e-05,3.647003026357462e-05,False
FCHSD2,-0.6761738193803817,-10.155623534983176,0.0,0.0,True
FCN1,-0.4085248168632649,-5.972241019130153,4.5708712370640114e-09,1.018017513142698e-08,True
FCN2,0.35369016584809154,11.640203267860082,0.0,0.0,True
FCN3,0.25064756874860317,9.55652661814315,0.0,0.0,False
FCRL1,-0.004128087630997701,-0.04691352079888174,0.9626017427095932,0.966292764642423,False
FCRL2,0.058034178588245666,1.6911537576729259,0.09145918319173085,0.10711930159487014,False
FCRL3,-0.12158419003824861,-1.2814358722659913,0.20066179462514588,0.22550470363776154,False
FCRL5,0.030103023010730645,0.8197932008782643,0.41274253038409103,0.44329894708571976,False
FCRL6,0.014646252367885637,0.34917649426653835,0.7271105559887112,0.7496273601032816,False
FCRLA,0.08626602284586538,2.6054584522313617,0.009461183957747865,0.012324253987255191,False
FDFT1,0.34345851115707493,8.970318231922466,0.0,0.0,True
FDPS,-0.28270584951648203,-5.737235067992919,1.7097349092054515e-08,3.641049439663079e-08,False
FDX1,-0.2781854708204956,-4.085770892569199,5.151372644385255e-05,8.266740246680656e-05,False
FECH,2.2797525714015814,23.357053949278612,0.0,0.0,True
FEM1A,0.864825090549691,16.450393059728903,0.0,0.0,True
FEM1B,0.19797346383955539,3.8422340163460675,0.00013836683800572125,0.00021434206656642052,False
FEM1C,-0.39778168947888837,-4.985704021504482,8.65014130768671e-07,1.605817529786353e-06,True
FEN1,-0.010061517927662411,-0.18250159580720265,0.8552664659477278,0.8696102410849921,False
FER,-0.06508740258695678,-2.352974477194918,0.019028150278367795,0.02397301356846972,False
FERMT1,0.040723485162256434,1.3187072449890562,0.1878983633553184,0.21188460572588472,False
FERMT3,-0.3065829847064663,-5.834219077070808,9.971498737826323e-09,2.1590543977635605e-08,True
FES,-0.5243487125719284,-10.823820435531617,0.0,0.0,True
FETUB,0.3127779208670196,8.662104866916648,0.0,0.0,True
FEZ2,-0.32590270767087937,-11.275858493533631,0.0,0.0,True
FFAR1,0.41583651174166025,12.340757494170886,0.0,0.0,True
FFAR2,-0.6717256737635342,-8.834115298222681,0.0,0.0,True
FFAR3,-0.2284624922772025,-2.833732936420796,0.004795376771233872,0.006434239374239135,False
FGD2,0.03164430478274882,1.3125179896684416,0.18997518620438747,0.21409081916938394,False
FGD3,-0.47640544728761647,-10.102931844943738,0.0,0.0,True
FGD4,-0.34334712154534053,-7.429873550765439,5.044853423896711e-13,1.5117499112868421e-12,True
FGD6,-0.22407489862819796,-6.622663393396821,9.511591514410611e-11,2.402719795054733e-10,False
FGF11,0.09725138372992603,4.353405423573094,1.6405699902133364e-05,2.7479606975814197e-05,False
FGF13,-0.24906200265262068,-2.7203037008805437,0.0067598463369711315,0.008940942697849405,False
FGF3,0.3889354503018079,13.04000162736032,0.0,0.0,True
FGFBP2,-0.25343310114106643,-2.086754051945703,0.03743959806392616,0.04565601631361057,False
FGFR1,0.1446456085428891,5.747630596138688,1.6142927217188685e-08,3.44416333792918e-08,False
FGFR1OP,-0.27720112073096104,-5.779160459073827,1.355480461207037e-08,2.911389042074186e-08,False
FGFR1OP2,1.0317643648680352,15.55249164262018,0.0,0.0,True
FGFR2,0.17096787514524925,5.989240690552412,4.147916232710713e-09,9.279442044007518e-09,False
FGFR4,0.09434260930604355,3.3682485779264737,0.000817586898445466,0.0011840311143064273,False
FGFRL1,0.22264581169983044,9.642054916203852,0.0,0.0,False
FGGY,-0.3505109385447116,-6.430406980663769,3.08895353740013e-10,7.509847150129188e-10,True
FGL2,-0.594751842553233,-5.234386023608732,2.483460657121128e-07,4.82492550335272e-07,True
FGR,-0.44098028772023135,-10.106731327339011,0.0,0.0,True
FH,-0.21127420386599383,-4.034670635135933,6.364880555898011e-05,0.00010136466075402903,False
FHAD1,0.33327148306237486,11.280780853995177,0.0,0.0,True
FHDC1,1.126117206078531,13.423615257143322,0.0,0.0,True
FHIT,-0.14374070001991024,-2.153537715230153,0.0317757817022688,0.03908020813884629,False
FHL1,0.40246388077961504,5.947774623872239,5.2543489559297996e-09,1.1646112300049134e-08,True
FHL2,0.837558667983815,16.771436898737637,0.0,0.0,True
FHL3,-0.32567133467826626,-6.846129980937096,2.3373747382038346e-11,6.171033602881038e-11,True
FHOD1,-0.5448926379613361,-11.30371967540032,0.0,0.0,True
FIBCD1,0.3485080845405579,13.349458873246924,0.0,0.0,True
FIBP,-0.25816356648576466,-6.853416824038298,2.2314594616545946e-11,5.900868121854746e-11,False
FICD,-0.4245649627167718,-9.261994076579802,0.0,0.0,True
FIG4,-0.677485026547747,-7.08462720893596,5.021316695774658e-12,1.3893957967482172e-11,True
FIGNL1,-0.03218724991443933,-0.7788433690349998,0.43645732323461117,0.46711436461390754,False
FIP1L1,-0.30236929065056106,-11.324734905979087,0.0,0.0,True
FIS1,1.3885400241345742,19.87218540489086,0.0,0.0,True
FITM1,0.35930786049862506,11.493173553736696,0.0,0.0,True
FKBP11,-0.18753351294773335,-1.7176146887764006,0.08651449600992156,0.1016483557260594,False
FKBP15,-0.6376178458169957,-12.187676346517447,0.0,0.0,True
FKBP1A,-0.3998446881044222,-6.573064101458671,1.2923262460162732e-10,3.2228417466684245e-10,True
FKBP1B,1.5443320763265662,19.126096638710894,0.0,0.0,True
FKBP2,-0.3382155161201421,-6.345130899745324,5.162568150751667e-10,1.235305827347496e-09,True
FKBP3,-0.15055421116734324,-2.3151571828391657,0.021026895216276875,0.026384401524650686,False
FKBP4,0.33775973956775696,4.237868131611212,2.7086965332712154e-05,4.4548080192391675e-05,True
FKBP5,-0.4563588577728499,-5.417735153647068,9.583093629750294e-08,1.928101590281899e-07,True
FKBP8,1.4807557939481777,16.76366690234977,0.0,0.0,True
FKBP9,0.07127201196656374,2.033823110076373,0.042521071385249964,0.051579635771555846,False
FKBPL,0.032529718873493874,1.2538041142510776,0.21052597573574094,0.2358537944466057,False
FKRP,-0.23942539120092166,-6.017610507125086,3.5256564334673612e-09,7.922753893310677e-09,False
FKSG43,-0.2513548015916949,-8.321958235779778,8.881784197001252e-16,3.353302922492869e-15,False
FLAD1,-0.02318061144443684,-0.5634032682249971,0.573424467083421,0.6022865356372687,False
FLCN,1.0087871459847069,14.515165852853949,0.0,0.0,True
FLI1,-0.3582146819383283,-5.839435938391439,9.684417934252565e-09,2.0992625175885453e-08,True
FLII,-0.41744741340346536,-8.882696922559848,0.0,0.0,True
FLJ10213,-0.6694168138767358,-9.661974234152936,0.0,0.0,True
FLJ10357,-0.480409313984957,-7.249756577874273,1.6904255772942633e-12,4.8655702710776166e-12,True
FLJ14107,-0.2642855693772379,-5.141015021561721,3.9913136284930317e-07,7.630861690723856e-07,False
FLJ14186,-0.14150001437280535,-4.891730423284832,1.3680216801592593e-06,2.502897352883499e-06,False
FLJ23867,-0.12217478244982871,-2.360409243117058,0.01865542113360874,0.023521431265109357,False
FLJ35220,-0.07716922623565603,-2.7616611830661064,0.005972183624827654,0.007935584631951752,False
FLJ36031,-0.6257983680462615,-7.881604113645271,2.19824158875781e-14,7.312025660092755e-14,True
FLJ36777,0.03809879772880098,1.2525038442544396,0.21099867651523785,0.23633739350243338,False
FLJ39632,0.13164568832940393,4.417600004605433,1.2356061710683264e-05,2.0906209583631096e-05,False
FLJ40448,0.14028657428721303,5.937235475078814,5.5786135710889084e-09,1.2333982672816341e-08,False
FLJ42393,-0.18661608320415235,-4.016592344808302,6.855812369410685e-05,0.0001088669736465973,False
FLJ44635,0.196805074085888,7.0611398223787845,5.8528737412189e-12,1.6117440264188505e-11,False
FLJ44653,0.4969307960849494,11.323849695476627,0.0,0.0,True
FLJ45340,-0.3540607697874858,-8.043094556749107,6.8833827526759706e-15,2.3896831201951327e-14,True
FLJ45445,-0.2735552332869613,-6.155610021100996,1.5849799250844399e-09,3.653668952781201e-09,False
FLNA,-0.1845522721484878,-2.9060507923513743,0.00383007854396622,0.0051886010523282235,False
FLNB,-0.12126703456919685,-2.2548472218891793,0.02459458287354277,0.03061102108269467,False
FLOT1,-0.4009473475170786,-7.28253056679384,1.3589129821411916e-12,3.938932723020731e-12,True
FLOT2,-0.49327329590560876,-9.791075719636158,0.0,0.0,True
FLT3,-0.0690241677886867,-0.8079451008833392,0.41952401947019946,0.4502334773470088,False
FLT3LG,-0.04199326209990373,-0.8376623569078295,0.4026389337966856,0.4331515157519162,False
FLT4,0.17138628096653186,5.960191278688036,4.895875482802126e-09,1.0874583433551424e-08,False
FLVCR1,-0.07930910777115541,-2.265710153240032,0.023915580369084033,0.02980778730485598,False
FLVCR2,-0.35451680204645797,-6.324249009295583,5.84955639482132e-10,1.3918826711825406e-09,True
FLYWCH1,0.20122627841185237,7.217723924495589,2.091216089183945e-12,5.972903082397685e-12,False
FLYWCH2,0.08660483120843177,2.8345070001178736,0.00478396943982462,0.0064204292179121285,False
FMN1,-0.1823104727275231,-3.220544162331859,0.001366633163023545,0.0019353635855505554,False
FMNL1,-0.046715620062798724,-2.357561085043712,0.018797444604760516,0.02369271959757483,False
FMNL2,-0.15089012572251326,-3.3543186948423225,0.0008588712750865479,0.0012400774903136057,False
FMO1,0.21450387203108967,7.1387090068528325,3.5227376571356217e-12,9.868291603245435e-12,False
FMR1,-0.19519695264666836,-4.111507632554026,4.626867102608401e-05,7.453067005306415e-05,False
FN3K,0.06619172783243821,2.1395825690074903,0.03289422573364642,0.040398070977923084,False
FN3KRP,-0.1265662287237137,-2.111003872750358,0.03529053648197933,0.04319537665879501,False
FNBP1,-0.7281025288714966,-16.215631939688368,0.0,0.0,True
FNBP4,-0.3590178194335767,-7.864785410093014,2.4868995751603507e-14,8.241253223898757e-14,True
FNDC3A,-0.28047111709970185,-3.3941777321214253,0.0007456167162793736,0.0010838918418503414,False
FNDC3B,-0.519432873926803,-9.40835384644542,0.0,0.0,True
FNDC4,0.2847724188958396,8.61971778208693,0.0,0.0,False
FNDC5,0.12966828701665767,5.403423652502704,1.0332591182660167e-07,2.0728164025263404e-07,False
FNIP1,-0.5599605383606159,-9.531796769052935,0.0,0.0,True
FNIP2,-0.336719384627608,-6.268596647292314,8.147471586283928e-10,1.9145394778132306e-09,True
FNTA,-0.21209137738574135,-4.20454355379208,3.1236092295605644e-05,5.108739843150382e-05,False
FNTB,-0.13584428732245968,-2.8364967064122792,0.004754760211889586,0.006385790468281159,False
FOLR1,0.21397209587053512,7.915068658153263,1.7319479184152442e-14,5.813026827571445e-14,False
FOLR2,0.20900981876987856,8.500494935070874,2.220446049250313e-16,8.732440437457957e-16,False
FOLR3,-0.09681960131874945,-0.6791384619183745,0.4973787925414761,0.5270266131253117,False
FOS,-0.3100909335299047,-4.297024864746524,2.0983365154991773e-05,3.483317239088489e-05,True
FOSL2,-0.5195979449106707,-9.624128989152737,0.0,0.0,True
FOXB1,0.29954916712773993,10.436872061096137,0.0,0.0,False
FOXC1,-0.0802406123493471,-1.6303909792609785,0.10367750846144053,0.12053504440526175,False
FOXD4,-0.11349347376119967,-3.409087503078768,0.0007069511852064725,0.0010302847548574591,False
FOXD4L3,0.07737643440640607,2.6609158309714815,0.008054960773321573,0.010584655846211636,False
FOXI2,0.18053591855462425,6.419136855108845,3.30694360783923e-10,8.021200972562665e-10,False
FOXJ1,0.24246501420860644,8.244527553987417,1.5543122344752192e-15,5.7274864455918265e-15,False
FOXJ2,0.284418473530172,9.186860156281673,0.0,0.0,False
FOXJ3,-0.6550950057315301,-11.056479652969179,0.0,0.0,True
FOXK1,-0.2213765249962445,-6.029904286015026,3.285236083172549e-09,7.402706268009506e-09,False
FOXK2,-0.07407245943297536,-2.325349960631921,0.020470880297360994,0.02571753409808063,False
FOXN2,-0.22675111904021428,-2.744985930736255,0.006279205167136093,0.008332008330865183,False
FOXN3,-0.264433753779052,-4.431190225703669,1.1631145254487052e-05,1.972021816108866e-05,False
FOXO1,-0.45484869559138996,-8.827674816727288,0.0,0.0,True
FOXO3,1.3202964214922082,18.266118166053374,0.0,0.0,True
FOXO4,0.6443952360245864,18.884854661906846,0.0,0.0,True
FOXP1,-0.2924230157471648,-7.18167665008528,2.6543212072738243e-12,7.523406984888578e-12,False
FOXRED1,0.11607394265787851,4.4861333741507625,9.094485910132732e-06,1.5584555667780264e-05,False
FOXRED2,-0.07342040589948473,-2.6091861984869094,0.009360189663644158,0.01220373794403136,False
FPGS,0.3483920336546227,11.439147509677221,0.0,0.0,True
FPGT,-0.2845269174312275,-3.2096031110192587,0.0014185708624001592,0.0020066950465414996,False
FPR1,-0.579752977393655,-12.54156630061826,0.0,0.0,True
FPR2,-0.4446683206165485,-5.648701870868664,2.7789760048690937e-08,5.8318499909067394e-08,True
FRAT1,-0.38515955501762633,-9.028546237497482,0.0,0.0,True
FRAT2,-0.6226755226387191,-11.761626615409453,0.0,0.0,True
FRG1,-0.3541486491721013,-7.387438302908383,6.721290191080698e-13,1.993371310789355e-12,True
FRMD1,0.1895869119878837,7.1157096601959955,4.096945005471753e-12,1.1424040067303103e-11,False
FRMD3,0.1918535429163173,2.234126492463659,0.025936324717050097,0.03220096189003019,False
FRMD4A,1.0674256628843342,19.61610408443719,0.0,0.0,True
FRMD4B,-0.32714021670754967,-3.7781080142350896,0.00017796793578117587,0.00027293471605157303,True
FRS3,0.24008244977104676,7.573767361672988,1.8895995879120164e-13,5.851155283107128e-13,False
FRY,-0.26517990494940413,-4.4686512749633405,9.837713898841471e-06,1.679819543444336e-05,False
FRYL,-0.2999859285849036,-7.433845299067072,4.909406214892442e-13,1.4723106011285094e-12,False
FSCN1,0.298005353889486,10.72523642887541,0.0,0.0,False
FSCN3,0.24356675221602941,8.364877396675247,6.661338147750939e-16,2.5382717209375807e-15,False
FSD1,0.2094242625468956,7.379776273750613,7.076561558960748e-13,2.0938842177669885e-12,False
FSHR,0.11109410853934198,4.132531507584951,4.2365156986523544e-05,6.848221208641099e-05,False
FST,0.4049100134617505,13.1057912596038,0.0,0.0,True
FSTL1,0.3173250854483891,2.884026421648076,0.004103422749469399,0.005546506295604083,True
FSTL3,0.13298261001071943,2.815523254489834,0.005070955552188838,0.006788974547380663,False
FSTL4,0.0034532226651822207,0.09259464031442048,0.9262643908391106,0.9338852969869336,False
FTCD,0.3240261887313123,12.575624415502505,0.0,0.0,True
FTH1,-0.34762371423927974,-6.144307426858158,1.6931711588341614e-09,3.893719021483471e-09,True
FTO,-0.2956741222482533,-5.952288372511206,5.121166601895766e-09,1.1361848630053415e-08,False
FTSJ1,-0.16905459354477692,-2.9825848779504573,0.003004292496304073,0.004111494031712798,False
FTSJ2,-0.1356725259748277,-3.705778213186691,0.00023539025586805096,0.0003567710996505367,False
FTSJ3,-0.4732528288724671,-10.049143353321448,0.0,0.0,True
FTSJD1,-0.22276760863921297,-4.520219367845236,7.797203796400254e-06,1.3429424421461503e-05,False
FTSJD2,-0.5896509096236562,-7.449321645783647,4.4209080840573733e-13,1.330662143199814e-12,True
FUBP1,-0.18778629397185265,-6.172559974630767,1.4352863342281807e-09,3.317893494676784e-09,False
FUBP3,-0.32256046349744505,-5.337312080561596,1.460002567732488e-07,2.8921357829252843e-07,True
FUCA1,-0.03874659801813474,-0.5296576185349259,0.5965952133862518,0.6251983499814624,False
FUCA2,-0.382544106583639,-5.147570375242648,3.8614423347738125e-07,7.389924282149783e-07,True
FUK,0.1014574833079207,4.34805750692917,1.6795113575440723e-05,2.81073533743283e-05,False
FUNDC1,-0.3253224578295564,-5.842701975367218,9.508809073466296e-09,2.062360604730903e-08,True
FUNDC2,1.4413355413733973,20.27919072361082,0.0,0.0,True
FURIN,0.6417917985005683,13.51709208630586,0.0,0.0,True
FUS,-0.4000614619922036,-8.470269460101527,2.220446049250313e-16,8.732440437457957e-16,True
FUT1,0.23081995906490738,8.120771475006698,3.9968028886505635e-15,1.4152835067434934e-14,False
FUT4,-0.10191131016371946,-2.170825293229482,0.030435748655823547,0.037516253479553924,False
FUT5,0.2645815030155445,7.8355225197169585,3.042011087472929e-14,9.988861378734511e-14,False
FUT6,0.2047469646787734,8.678525829756616,0.0,0.0,False
FUT7,-0.590536810820737,-7.6525161522401275,1.0969003483296547e-13,3.4588543970460697e-13,True
FUT8,-0.07270513499912656,-1.7238529841829395,0.0853808806389964,0.10037786936932022,False
FUZ,0.30597411244892037,12.459745553120182,0.0,0.0,True
FXC1,0.01305877281067147,0.5177106831756216,0.6048996193374192,0.6333247332437495,False
FXN,-0.0428083845381626,-1.0652051341568884,0.28732079674523714,0.31613795565081537,False
FXR1,-0.19743483024790365,-4.0055958010311965,7.171791863558319e-05,0.00011366520428773841,False
FXR2,-0.07091703972205465,-1.80313094519944,0.07199718387606313,0.08523489836262808,False
FXYD1,0.19775030828475781,6.84072971601043,2.4190649483557536e-11,6.375019249624784e-11,False
FXYD2,0.21740658769784238,7.512610927663712,2.873257187729905e-13,8.78138751537829e-13,False
FXYD5,-0.36064010025275195,-7.057316898709366,6.000533403494046e-12,1.6514662016737802e-11,True
FXYD6,0.02949367985695517,1.2369154707074108,0.21672572534729917,0.24232805574408262,False
FYB,-0.6063810220344852,-13.638701214915892,0.0,0.0,True
FYCO1,-0.3654180561582825,-8.397160447960726,4.440892098500626e-16,1.713723151846858e-15,True
FYN,-0.3190648577295203,-3.855168858421098,0.00013146097779981325,0.00020391852993213692,True
FYTTD1,-0.15324527632434526,-2.745340184580992,0.006272537243606102,0.008324119413490632,False
FZD1,-0.16022721583232924,-3.744780608406347,0.00020255560598481104,0.0003091200351535557,False
FZD2,-0.16056605134654145,-3.1219331685211618,0.0019055362360715922,0.0026586569650325427,False
FZD5,0.15538725727505254,7.123455175142932,3.893996236570274e-12,1.088448013808614e-11,False
FZD8,0.21019578395157668,7.444571309679654,4.565237077258644e-13,1.3715953545368367e-12,False
FZR1,0.6582463375390906,17.80724188858002,0.0,0.0,True
G0S2,0.00861069331579234,0.08209875209697871,0.9346025465564225,0.9410565326733769,False
G2E3,-0.11048933449377207,-4.762010766261495,2.5449498057827924e-06,4.5577233850764905e-06,False
G3BP1,-0.1651470238595092,-3.793208199423073,0.00016778004517892242,0.00025772214167435757,False
G3BP2,-0.028775055777770397,-0.5719705181628897,0.56761078820603,0.5962889803324449,False
G6PC3,0.16076842693310622,5.360387459198752,1.2945574279221717e-07,2.574586846035134e-07,False
G6PD,-0.11521020840860974,-2.465727323051226,0.014023621880011827,0.01791881313764351,False
GAA,-0.6436340929753737,-8.943385250059912,0.0,0.0,True
GAB1,-0.09203926280632668,-3.2478411362240958,0.0012446270083956712,0.001770419672722862,False
GAB2,-0.5000259994004237,-6.4526994549335015,2.6984214862579847e-10,6.589594466865746e-10,True
GAB3,-0.6175108431219538,-10.848401947344497,0.0,0.0,True
GABARAP,0.1244063165844036,3.98167739909583,7.907442946009091e-05,0.0001249291390688228,False
GABARAPL1,0.29758325973102107,8.163704714384131,2.886579864025407e-15,1.0368105224106224e-14,False
GABARAPL2,0.6963298931485955,16.544119465313724,0.0,0.0,True
GABBR1,-0.18930509585628963,-2.7391815492646505,0.006389373216567407,0.008467463193930045,False
GABBR2,0.03744286985693446,0.9921437630856963,0.3216292914753016,0.35137023980500753,False
GABPA,-0.21042654551453932,-2.7342218199964448,0.0064848887275166245,0.008588116032681534,False
GABPB1,-0.2399931080098452,-6.704075675381171,5.728484353539898e-11,1.4702854560700996e-10,False
GABRA3,0.4214705758767576,10.949841672466416,0.0,0.0,True
GADD45A,0.23396086749043654,1.9627550117223909,0.05025411054853679,0.06053933271372048,False
GADD45B,-0.2709419651975251,-5.597998110392356,3.660061187460428e-08,7.60054891262965e-08,False
GADD45G,-0.08569966055130473,-2.0980560239967363,0.036424478726432286,0.04450764510976699,False
GADD45GIP1,0.08895810988865627,1.5292237116907996,0.1268703671860243,0.14586483277930073,False
GAK,-0.4570334929482911,-13.059401491735207,0.0,0.0,True
GAL3ST2,0.2631005355465028,9.579770147388803,0.0,0.0,False
GAL3ST4,-0.11656227397159569,-3.2614305601578506,0.0011877243273117344,0.001691567325210666,False
GALC,-0.1196491641370323,-2.999999625982987,0.002840758229312401,0.003898807821214053,False
GALK1,-0.36709349042785533,-8.768875072168528,0.0,0.0,True
GALK2,-0.19146319655399813,-7.280995343889511,1.3729017922514686e-12,3.9744799560051945e-12,False
GALM,-0.2843884772156362,-3.6882223289721354,0.0002517504618737565,0.00038041631514151923,False
GALNS,-0.4980163261161694,-10.063425379667956,0.0,0.0,True
GALNT1,-0.27019938372338803,-4.088420533375274,5.094869429966842e-05,8.177205094578243e-05,False
GALNT10,0.3742008914450272,7.092151830569753,4.780176254826074e-12,1.3249001510909901e-11,True
GALNT11,-0.07641477854715673,-2.9869777850015247,0.002962247381486094,0.004056363241481017,False
GALNT14,-0.8258965114288381,-7.675297998288459,9.370282327836321e-14,2.96936126917047e-13,True
GALNT2,-0.5080091953366557,-6.28986758487566,7.180309680165919e-10,1.6955716934364745e-09,True
GALNT3,-0.3582012692282879,-4.0195663799378165,6.772652543363122e-05,0.00010757609576254798,True
GALNT4,-0.11060380282976379,-2.2277520359697296,0.026361664218041536,0.032704362964741024,False
GALNT6,0.30103447442726683,8.428952423893627,4.440892098500626e-16,1.713723151846858e-15,True
GALNT7,-0.46965309756716245,-7.565421823780303,2.000621890374532e-13,6.179984863294244e-13,True
GALNT9,0.29411959436811186,8.223499613189775,1.7763568394002505e-15,6.487588596401866e-15,False
GALNTL1,0.04808620242987516,1.5296863692562872,0.12675576485067097,0.14574761981581943,False
GALNTL4,0.26886090088461767,10.350461810219283,0.0,0.0,False
GALR3,0.3725390004311637,11.509385127876879,0.0,0.0,True
GALT,-0.20885044765085947,-4.156613695821604,3.827905732634029e-05,6.213873468744559e-05,False
GAMT,0.24357428577610074,9.54194545519142,0.0,0.0,False
GANAB,-0.43088092348424967,-11.90059354463147,0.0,0.0,True
GAP43,0.38031376214289203,9.17584827264614,0.0,0.0,True
GAPDH,-0.14739882329953602,-4.34922699893328,1.670920828522604e-05,2.797578055777889e-05,False
GAPT,-0.3321300411686101,-4.280043587414887,2.2585895141702395e-05,3.742870466656163e-05,True
GAPVD1,0.019966617818585775,0.7299265042934497,0.4657926146653224,0.49620504284933403,False
GAR1,-0.3027332871847226,-6.143419968363472,1.7019652354122172e-09,3.913161186968728e-09,True
GARS,0.05918808447674806,1.0449381200635728,0.2965796333329782,0.32557903329482285,False
GART,-0.12289911607156645,-3.3048075703789395,0.0010218245185589225,0.0014628879728163346,False
GAS2L1,0.23588961982123946,5.464726114327508,7.47521735622314e-08,1.518642481945932e-07,False
GAS6,-0.11828325784909577,-2.7650352640893585,0.005911736518082966,0.007858891281223045,False
GAS7,-0.6771366166923904,-10.12502122746511,0.0,0.0,True
GAS8,0.1151307991263284,5.464368124598996,7.48942718953316e-08,1.5212610085740162e-07,False
GATA1,1.0989549415923214,18.82163369952123,0.0,0.0,True
GATA2,-0.0053861249987412485,-0.13285939784269873,0.8943604808753225,0.9052845675925166,False
GATA3,-0.018693756824708974,-0.5330761369038608,0.5942285912772722,0.6227749197455098,False
GATAD1,-0.5114390173134886,-11.349084877676884,0.0,0.0,True
GATAD2A,-0.0601870589396194,-2.4050061756734302,0.01655128677897766,0.021008735251464867,False
GATAD2B,-0.31815848795202717,-10.235419758330918,0.0,0.0,True
GATS,0.023455159220778565,0.9626176432907398,0.3362260789643221,0.36617076709747814,False
GATSL1,0.2021563835932887,7.515305576851342,2.8199664825478976e-13,8.62309368528517e-13,False
GATSL3,0.18119704639433287,5.857406146806982,8.755902447532549e-09,1.90264554410729e-08,False
GBA,-0.39478868686361857,-5.772490462478937,1.4066159348402607e-08,3.016721086096623e-08,True
GBA2,-0.09108195328707147,-2.130763944217169,0.03361829757654555,0.04122742146111234,False
GBAS,-0.3125706363648151,-4.882560403862623,1.4300426698365953e-06,2.6130490980088424e-06,True
GBE1,-0.2924125262130599,-4.051862184787833,5.929140524507659e-05,9.463457073826205e-05,False
GBF1,-0.13195180622043878,-5.031221399850323,6.909822802825261e-07,1.2937946824730848e-06,False
GBGT1,0.15396628104824917,2.6639416756726058,0.007983935899525507,0.010496114771357489,False
GBP1,-0.8582831781884295,-4.311687022373265,1.968759314108226e-05,3.2776613006522116e-05,True
GBP2,-0.8771885921276521,-9.569181723476065,0.0,0.0,True
GBP3,-0.43900222452287974,-3.682611389056344,0.00025720092654690774,0.00038844860009097025,True
GBP4,-0.34729130184433066,-2.9070147332770886,0.0038185031890090038,0.005175354539851126,True
GBP5,-0.8231107814764433,-4.437917259945933,1.128756307622325e-05,1.9177203403394635e-05,True
GBP6,-0.2822663819048117,-3.4017769156910695,0.0007256700451603315,0.001056228613874382,False
GBP7,-0.9270062187731831,-8.592426493820774,2.220446049250313e-16,8.732440437457957e-16,True
GCA,-0.2612656565133573,-3.976800508004524,8.065975307114392e-05,0.00012736390618595022,False
GCAT,0.38511527412846114,11.38096211624628,0.0,0.0,True
GCC1,-0.49572413955126127,-9.91269787825268,0.0,0.0,True
GCC2,-0.2248968173181165,-4.387168972633347,1.4139376219635125e-05,2.380813838239687e-05,False
GCDH,0.07482306402357919,2.1361948063209306,0.033170785221920074,0.04070895748682051,False
GCET2,-0.04671549316018231,-1.3403056052166238,0.18078262510474752,0.20426042752148962,False
GCFC1,-0.18896684828278065,-3.6670419467869197,0.00027291216238234384,0.00041126049169050476,False
GCGR,0.30643531595603113,9.889954424679003,0.0,0.0,True
GCH1,-0.3714386843284103,-3.2586651176279906,0.0011991048243713553,0.0017071423151567967,True
GCHFR,-0.1310089544246349,-2.2384159908280834,0.025653467047806355,0.0318600848435236,False
GCLC,1.1380010863754197,21.798891221115145,0.0,0.0,True
GCLM,-0.014781525699982367,-0.22415216148565542,0.8227346684997701,0.8394969126095182,False
GCN1L1,-0.12945215440531355,-2.5040093714009495,0.012611572320057718,0.01618998122754317,False
GCNT1,-0.10179216370740507,-1.9550420046422234,0.05116041590802922,0.061573172170576604,False
GCNT2,0.48208782765751934,9.899662497816779,0.0,0.0,True
GCNT3,0.19378844334723988,6.8431344617487895,2.3823387707011534e-11,6.285423797459135e-11,False
GCOM1,0.011417537116191312,0.36628789551143215,0.7143123037683168,0.7375549862950198,False
GCSH,-0.18417689800962034,-3.287680577863474,0.001084575776811647,0.0015502206692013106,False
GDAP1L1,0.12891679365401476,5.108158946680933,4.7086000565244035e-07,8.948748399786273e-07,False
GDAP2,-0.46040462307035757,-10.19608415479575,0.0,0.0,True
GDE1,0.6477270282911975,15.188200710278648,0.0,0.0,True
GDEP,0.13755412722851723,4.52234166279621,7.722594860704035e-06,1.3302911649536381e-05,False
GDF1,0.3648774092550875,10.215795386127292,0.0,0.0,True
GDF11,-0.08840555292500696,-3.106147846547029,0.002008097921502028,0.002794645397823107,False
GDF15,0.36880348162548104,9.906994419737678,0.0,0.0,True
GDF5,0.27203533529916646,8.917623182969198,0.0,0.0,False
GDI1,-0.23938487385092877,-5.965970093127672,4.737289671652434e-09,1.0534525043969959e-08,False
GDI2,-0.30541719226858977,-6.6270284638720005,9.257639099757853e-11,2.3416500832259707e-10,True
GDPD3,-0.12290837726004211,-2.4682082910409537,0.013928037721870457,0.017800628705006743,False
GDPD5,0.5874624502245651,10.66512261877498,0.0,0.0,True
GEMIN4,0.011793676721247426,0.3625177787121609,0.7171253467811587,0.74006153642467,False
GEMIN5,-0.07009071335361527,-2.3902123861880735,0.017224857529717363,0.02180603735408444,False
GEMIN6,-0.0005463586005811649,-0.020161463951539838,0.9839229807154757,0.9858057593164794,False
GEMIN7,-0.2786163909787782,-6.930227209816224,1.3653522756840175e-11,3.6626671782962734e-11,False
GEMIN8,-0.058523768890359484,-2.1532888744676697,0.03179543511043237,0.039099294098583134,False
GET4,-0.21081381840303415,-6.886402808563849,1.8079981956020674e-11,4.8103669623428055e-11,False
GFER,0.018729556891079913,0.6036415669194775,0.5463682739361071,0.5754952585470023,False
GFI1,0.16158118847698955,3.2707966712789474,0.0011499198663917909,0.001639144529262101,False
GFI1B,0.29375701786599473,4.980828358187406,8.859909175207292e-07,1.6429055664715518e-06,False
GFM1,-0.19316439594289747,-5.29611590569295,1.8077542551786507e-07,3.553789492662463e-07,False
GFM2,-0.37816075848327735,-5.709117035150616,1.9962701713893694e-08,4.236373637478656e-08,True
GFOD1,-0.36926098161939924,-6.454867595851304,2.663127496305151e-10,6.504784908808107e-10,True
GFOD2,0.2088892012000585,4.1505759707680685,3.926672772980311e-05,6.366128595631273e-05,False
GFPT1,-0.14174570105507067,-5.440431730980923,8.50148700326514e-08,1.7189508300967378e-07,False
GFRA2,0.1795110043556245,6.441323587834188,2.8912494620669804e-10,7.047038204305872e-10,False
GGA1,-0.21188496262730272,-7.799913176216763,3.930189507173054e-14,1.2813997433661595e-13,False
GGA2,-0.07401466625474784,-2.2611046154363077,0.024201438430117683,0.030144503598240224,False
GGA3,-0.3429609019901818,-12.383140045904101,0.0,0.0,True
GGCT,0.07921120173297114,2.4567936588980857,0.014372637371571129,0.01833629525785002,False
GGH,-0.17109622436446603,-1.558838575160297,0.11969630772113216,0.1382514557946176,False
GGN,0.22173359462544706,9.477260825702922,0.0,0.0,False
GGNBP2,-0.21258244983370478,-7.635527256378676,1.234568003383174e-13,3.8855160740357325e-13,False
GGPS1,-0.4208547886851939,-12.24198711594047,0.0,0.0,True
GGT1,-0.9395933371382634,-8.410584121743037,4.440892098500626e-16,1.713723151846858e-15,True
GGT5,0.32752859601366735,7.979667292567653,1.0880185641326534e-14,3.7189572226243426e-14,True
GGTA1,0.2915910877566379,3.2829933170795873,0.0011023621974137754,0.0015744711905777157,False
GH1,0.16374944756248366,4.791353150759569,2.214263831179508e-06,3.987821305715566e-06,False
GH2,0.3379453701958788,9.151205315678006,0.0,0.0,True
GHITM,0.3186493337397831,10.217026291884265,0.0,0.0,True
GHRHR,0.2409905846153504,9.096087857123225,0.0,0.0,False
GHRL,-0.4524395384258941,-5.037200037961112,6.708079183237459e-07,1.2578603957628566e-06,True
GIGYF1,0.018760420386837673,0.7792349351155939,0.4362268932403248,0.46691113020212804,False
GIGYF2,-0.2941171841239276,-11.954028695834161,0.0,0.0,False
GIMAP1,-0.43595986059096337,-7.178314762092265,2.7138291613937326e-12,7.68451280975772e-12,True
GIMAP2,-0.6276406434685171,-6.230958920726043,1.0180367659984313e-09,2.3772076844792073e-09,True
GIMAP4,-0.6887881505447053,-6.342669784177163,5.239235711940182e-10,1.2526101321261719e-09,True
GIMAP5,-0.1996144122447161,-2.3885990670651474,0.017299752030280224,0.021893632568314426,False
GIMAP6,-0.724181886412496,-8.304818122525417,1.1102230246251565e-15,4.157561450148628e-15,True
GIMAP7,-0.3493127979109447,-3.7905054389527435,0.00016956216161090332,0.0002602513710321113,True
GIMAP8,-0.5589629851723732,-8.422368522676692,4.440892098500626e-16,1.713723151846858e-15,True
GIN1,-0.17949815053383977,-4.52363465310069,7.677476159484442e-06,1.3234638196120915e-05,False
GINS1,0.028690527716837444,0.5533674049493346,0.580270542527312,0.6090329275054313,False
GINS2,-0.05875649361003443,-1.1374778235776584,0.25590836115053506,0.2836067358180694,False
GIPC1,0.17777048065946266,6.4501585951370615,2.7403679325743724e-10,6.686358444254224e-10,False
GIT1,0.611483347833552,12.477248859577923,0.0,0.0,True
GIT2,-0.6558791973930242,-16.302983982457192,0.0,0.0,True
GIYD1,-0.20794780124609158,-4.482412345350141,9.248025915731262e-06,1.5832732216536464e-05,False
GJB6,0.08959230293203735,1.109403834292783,0.2678137552015194,0.2959181435171513,False
GJC2,0.36890379372006876,12.259137587350748,0.0,0.0,True
GK,-0.6631345689303707,-6.7035692403042555,5.746647602222765e-11,1.474618706393496e-10,True
GK5,-0.3686707246895029,-4.223437908328251,2.8814630450346712e-05,4.728817896531469e-05,True
GKAP1,0.21839491076874307,5.666459541855075,2.522246966840669e-08,5.3124452022376425e-08,False
GLA,-0.1594955362363466,-3.9739712607219038,8.15932170932232e-05,0.00012876726506327415,False
GLB1,-0.6286871145738369,-12.915771529711563,0.0,0.0,True
GLB1L,-0.15442508850187764,-4.738375612168996,2.8454134246569396e-06,5.0784501454328e-06,False
GLB1L2,0.3534038348318056,11.177776475157096,0.0,0.0,True
GLCCI1,-0.24534391043854242,-3.654065148208599,0.0002866921145419088,0.0004314615191283312,False
GLE1,-0.30547882702690465,-11.419710671526895,0.0,0.0,True
GLG1,-0.5277565047089992,-12.116106032751986,0.0,0.0,True
GLI3,0.21681932462145337,8.014331482778617,8.659739592076221e-15,2.990154087563729e-14,False
GLIPR1,-0.3878567584114716,-4.331828408894057,1.8031682949226635e-05,3.0080659796110298e-05,True
GLIPR2,-0.36410609981064823,-11.388705151595701,0.0,0.0,True
GLIS2,0.10019901390355646,4.336644025083667,1.765596018743487e-05,2.9475218173777145e-05,False
GLMN,-0.013239804888633966,-0.39280149627010363,0.6946411836360418,0.7191131297118329,False
GLO1,-0.017635261433575078,-0.40859010126056344,0.6830234524431531,0.7081680601883601,False
GLOD4,-0.20768905738699672,-4.761075613592202,2.5562343914931063e-06,4.57722119627065e-06,False
GLP2R,0.3463720971986728,11.323215425954215,0.0,0.0,True
GLRX,-0.35560334691091633,-4.341279602027658,1.7301360885291217e-05,2.8912574501330264e-05,True
GLRX2,-0.43274657114623105,-7.7356367797152465,6.150635556423367e-14,1.971866712341797e-13,True
GLRX3,-0.06251022839077258,-1.2728326792920703,0.2036960624985673,0.22873610293634206,False
GLRX5,2.0385643351123193,20.04522645892341,0.0,0.0,True
GLS,-0.2101764391286567,-3.3636480673000335,0.0008310127795696509,0.0012024163054720272,False
GLT1D1,-0.3243003218451763,-8.228394571781092,1.7763568394002505e-15,6.487588596401866e-15,True
GLT25D1,-0.4250917470393514,-9.130707521622803,0.0,0.0,True
GLT25D2,0.3939631012634708,8.086513989965438,5.10702591327572e-15,1.7929848063097536e-14,True
GLT8D1,-0.49851628190576136,-8.780696172371869,0.0,0.0,True
GLTP,-0.46659870760823186,-9.723469173435472,0.0,0.0,True
GLTPD1,-0.2654984711657269,-6.972076532587272,1.0428768959513945e-11,2.8219165995922278e-11,False
GLTSCR1,0.02300806943083611,0.7100659029662664,0.47800947564771734,0.5082794378275691,False
GLTSCR2,-0.20715061090159637,-2.692443454601233,0.007342027323902878,0.009683773361150175,False
GLUD1,-0.4527286490883373,-9.978868658190624,0.0,0.0,True
GLUD2,0.46673406210972956,13.561921921870884,0.0,0.0,True
GLUL,0.3763002924990122,11.83690648742889,0.0,0.0,True
GLYATL1,0.7372843210670892,15.1495390982511,0.0,0.0,True
GLYCTK,0.11823463492855213,6.042577008450204,3.0541797979566354e-09,6.900960590949879e-09,False
GLYR1,-0.2520577284890182,-9.532238402840358,0.0,0.0,False
GM2A,-0.4096676889118087,-7.6259755616311224,1.318944953254686e-13,4.1442790279707386e-13,True
GMCL1,-0.19826346246316895,-4.2092505435068786,3.061532695403102e-05,5.012193734842003e-05,False
GMDS,0.06864593544821362,1.8458956827721094,0.0655254108077361,0.07786930847975986,False
GMEB1,-0.29886652733608354,-7.811668077738302,3.6193270602780103e-14,1.1820535414613667e-13,False
GMEB2,-0.37976701675892865,-9.71533042811687,0.0,0.0,True
GMFB,-0.15936970986046006,-3.0678811072295202,0.002278171982598831,0.00315829378596172,False
GMFG,-0.37933928257555927,-7.091845861757491,4.78972417283785e-12,1.3269079544713613e-11,True
GMIP,-0.6215909050953332,-15.030864354959103,0.0,0.0,True
GMNN,-0.052205853219827514,-0.5803800331631161,0.5619318226825447,0.5908080198503316,False
GMPPA,-0.23600726365773683,-7.197197090263818,2.3956392425361628e-12,6.8086277904697894e-12,False
GMPPB,0.0007495975251075038,0.015016742132880316,0.9880250883207964,0.9893993734127838,False
GMPR,2.1294057516078277,18.482028136811408,0.0,0.0,True
GMPR2,-0.5832822897600654,-12.379626367452776,0.0,0.0,True
GMPS,-0.21952160205866278,-3.632370874578214,0.0003111992588233914,0.00046681915124191243,False
GNA11,-0.12810916708379194,-4.272652252567717,2.3319332229210232e-05,3.859416493509665e-05,False
GNA12,0.7584644832424678,13.895378087299981,0.0,0.0,True
GNA13,-0.14963667610705667,-2.8195613346515525,0.0050086342300703635,0.006707877885848218,False
GNA15,-0.3102611954943235,-5.361556600511618,1.286678221745774e-07,2.5593587353288845e-07,True
GNAI2,-0.34601230264733474,-10.44325039530659,0.0,0.0,True
GNAI3,-0.4426265005931347,-7.969064450385768,1.176836406102666e-14,4.010644544939825e-14,True
GNAO1,0.2832385584343182,9.594751637189653,0.0,0.0,False
GNAQ,-0.3038801999124683,-5.762632184795729,1.4856530228257725e-08,3.177945621156931e-08,True
GNAS,0.2982481501696874,7.966595001279968,1.199040866595169e-14,4.0839005743080286e-14,False
GNAZ,0.30846032995384665,3.1099015170632067,0.0019832588447952215,0.0027614116563756987,True
GNB1,-0.4133407473928683,-14.013875634452544,0.0,0.0,True
GNB1L,0.18407498317157867,5.962491741099511,4.832133360110902e-09,1.0737142009089019e-08,False
GNB2,-0.31056888066087307,-8.1323360548646,3.552713678800501e-15,1.2658122136128355e-14,True
GNB2L1,-0.23792172801742062,-5.981817589305611,4.3276837669026236e-09,9.662839564053366e-09,False
GNB4,-0.5084843511284229,-8.709972678284881,0.0,0.0,True
GNB5,0.1354343616945899,3.6895370525974087,0.00025048914873426753,0.0003786593837624708,False
GNE,-0.3496270936942403,-7.565854586273475,1.9939605522267811e-13,6.162713067104989e-13,True
GNG11,0.49847430602508513,4.940120602828212,1.0813837769685364e-06,1.992077359171689e-06,True
GNG2,-0.1486905056866359,-3.3899311841642663,0.0007569845411325993,0.0011000006218375691,False
GNG5,-0.3649179504494775,-12.238429387964727,0.0,0.0,True
GNG7,-0.0857515404018061,-2.0008202109846027,0.04597668254981224,0.05560745551147493,False
GNG8,0.26568904624517575,5.718930252647656,1.8913225874328532e-08,4.018101232873301e-08,False
GNL1,-0.029735268043729057,-1.0018643555602178,0.31691593081694625,0.3463951564004638,False
GNL2,-0.2340743553586364,-5.7502497932528245,1.5910766038018664e-08,3.397777419205357e-08,False
GNL3,-0.02543234654541049,-0.7020940607179159,0.4829621825057595,0.5129302397458827,False
GNL3L,-0.21390472653438408,-4.238320011965756,2.703449259500168e-05,4.446813082990495e-05,False
GNLY,-0.31101592494064345,-2.458744496410246,0.014295773931552791,0.018242275386901142,True
GNMT,0.2422440562804562,8.287878748848364,1.1102230246251565e-15,4.157561450148628e-15,False
GNPAT,-0.4561220443632914,-8.660159001936522,0.0,0.0,True
GNPDA1,-0.06672751105515928,-2.0830211169816537,0.037780145697711376,0.046051798761051574,False
GNPDA2,0.04566289376447452,1.772562683109264,0.0769379587476029,0.0908413639620375,False
GNPNAT1,-0.057572716753667486,-1.5323740792383342,0.12609160522930907,0.14505634681278448,False
GNPTAB,-0.31233144018270176,-9.02294386083623,0.0,0.0,True
GNPTG,-0.547271105132964,-11.720250361870281,0.0,0.0,True
GNS,-0.6413486736378546,-12.231129197610601,0.0,0.0,True
GOLGA1,-0.40910474023607835,-7.882658548170014,2.1760371282653068e-14,7.242349517621517e-14,True
GOLGA2,-0.2572028659455796,-9.521205711227477,0.0,0.0,False
GOLGA3,0.23520885128415792,6.488862017954212,2.1654145143656933e-10,5.324100275555694e-10,False
GOLGA4,-0.14349446531002297,-3.4897775757323575,0.0005281753236077158,0.0007784098711153119,False
GOLGA5,-0.40163072950434575,-8.780607027703578,0.0,0.0,True
GOLGA6L1,0.1458717966495504,4.6098817126797265,5.177231906516866e-06,9.057796830371778e-06,False
GOLGA6L4,-0.451330551358025,-6.102470500590907,2.160128964590058e-09,4.9272327808144306e-09,True
GOLGA6L7P,0.2790466700437517,8.797147951948375,0.0,0.0,False
GOLGA7,-0.19748544113754907,-4.473452645094923,9.627987510141267e-06,1.6452275349253412e-05,False
GOLGA8A,-0.11619327393993029,-2.5554728744515374,0.01091276487097459,0.014120887278000033,False
GOLGB1,-0.4944732544546757,-12.429195406165684,0.0,0.0,True
GOLM1,-0.06179900662374438,-1.5756249592773681,0.1157737458956507,0.13394915417557257,False
GOLPH3,-0.2963449441029269,-4.443499219584936,1.1009864577582462e-05,1.870816198099607e-05,False
GOLPH3L,0.15068831919772707,4.103567102447225,4.783015150322534e-05,7.694909429687887e-05,False
GOLT1B,-0.10979736939042439,-1.9314142195759463,0.0540226119307059,0.06489586680882274,False
GON4L,0.20301934017771384,7.127486618830212,3.79229980751461e-12,1.061051772717046e-11,False
GOPC,-0.22847812444793014,-3.305394828408235,0.0010197338725401739,0.0014600763800858003,False
GORAB,-0.09308464718740739,-2.815351446240716,0.0050736226672605245,0.006790966709757609,False
GORASP1,-0.0965636776816976,-3.9160985681846903,0.00010309029195432196,0.00016136663582305133,False
GORASP2,-0.3151180030103271,-7.632676311206779,1.2589929099249275e-13,3.9613054710257414e-13,True
GOSR1,-0.351805924385971,-13.685940493211064,0.0,0.0,True
GOSR2,-0.14764171487923328,-4.5560629140824265,6.625155019479578e-06,1.1500174904970654e-05,False
GOT1,0.06319789559975098,1.8589225095650566,0.0636523835486964,0.07579199980333201,False
GOT2,-0.08423336539230108,-2.724644411885061,0.00667298668127736,0.0088280847113396,False
GP1BA,0.308598203455964,2.651450071766076,0.008280826863765522,0.010867818690180593,True
GP1BB,0.31269261321186015,4.229936665442292,2.802394373335737e-05,4.6049615957852146e-05,True
GP2,0.23082467106979765,6.4608006443018535,2.568842916161884e-10,6.281150828119029e-10,False
GP6,0.21058905987326515,2.432244764448736,0.015371584314137099,0.019563062613473122,False
GP9,0.4839936985469624,4.218146291322265,2.9474115658345568e-05,4.834292158172898e-05,True
GPA33,0.03086786885053705,1.048078386342779,0.2951320641293391,0.3242062031952945,False
GPAA1,-0.10449085362712873,-2.5055770888595044,0.012556538131621497,0.01612652054165994,False
GPAM,-0.14008700203940672,-3.9897105680648526,7.652734325036548e-05,0.00012105444478178522,False
GPAT2,0.2199552200974586,9.231654794603452,0.0,0.0,False
GPATCH1,-0.35956639846336547,-7.992910988961264,9.992007221626409e-15,3.431661633450048e-14,True
GPATCH2,-0.5508751890099548,-9.452239033604435,0.0,0.0,True
GPATCH3,0.0381366993367287,1.6425531891668563,0.10113296152727336,0.11775503728218556,False
GPATCH4,-0.06712843720463235,-2.0682212138450975,0.03915644342453639,0.04765378466003536,False
GPATCH8,-0.489595188687189,-12.848575732335526,0.0,0.0,True
GPBAR1,-0.19610631865540107,-3.387222626741884,0.0007643193365671763,0.0011103789176336617,False
GPBP1,-0.10170931595139443,-1.9909099490192497,0.04705957228417712,0.05683959454141095,False
GPBP1L1,0.05704724688337315,1.3072828021865437,0.19174507059884083,0.21601090153819538,False
GPC1,0.15460853616625192,4.647068918285825,4.359941860432315e-06,7.681580038286912e-06,False
GPCPD1,-0.18305356802357764,-2.6496003875697838,0.008325621122669657,0.010920370363851732,False
GPD1L,-0.07308441488170248,-2.5054257100388697,0.012561842914160515,0.016131534952978258,False
GPD2,-0.2851183169206992,-5.25561309765565,2.227320055059323e-07,4.3448771742977716e-07,False
GPER,0.20925454658980414,8.26124707770228,1.3322676295501878e-15,4.939295405467851e-15,False
GPHA2,0.21308230226340585,8.050455163046962,6.661338147750939e-15,2.3146894155035618e-14,False
GPHB5,0.2800656244558777,9.860006602013945,0.0,0.0,False
GPI,-0.2341024252660029,-2.4069601563177887,0.016464078588651843,0.02090495163830253,False
GPIHBP1,0.2576022224176713,8.399018046843805,4.440892098500626e-16,1.713723151846858e-15,False
GPKOW,-0.17406488547755572,-5.38278724060276,1.1514367947995652e-07,2.2994799652039166e-07,False
GPN1,-0.05258301301412516,-1.5060458585824639,0.1327158344255741,0.15214507332286906,False
GPN2,-0.1578313130662603,-4.5507816568325214,6.786546743686728e-06,1.176436899029758e-05,False
GPN3,-0.34238810530358244,-6.103789068917231,2.143654365127645e-09,4.890622822718428e-09,True
GPR107,-0.2358833807795757,-10.841751100823311,0.0,0.0,False
GPR108,-0.3991803753103209,-10.43099297158071,0.0,0.0,True
GPR109A,-0.5872807558580888,-3.138629748004004,0.0018023225238255058,0.002521643475349485,True
GPR114,0.24219965222071593,8.768590592190042,0.0,0.0,False
GPR12,0.22984168073687883,7.591514428681224,1.6719958750854857e-13,5.198305124186156e-13,False
GPR124,-0.05810030113437614,-1.8498881831725196,0.06494657549047678,0.07722923537470858,False
GPR132,-0.11202020454704753,-3.82733508790032,0.00014674590337282467,0.00022671218628642266,False
GPR137,0.3008083227780989,12.1654303958351,0.0,0.0,True
GPR137B,-0.46806523976126524,-5.425425375692259,9.202443118638826e-08,1.8551442471753697e-07,True
GPR141,-0.5905372214487814,-7.168831632105473,2.8890223546795823e-12,8.160531756634162e-12,True
GPR142,0.35687726334700054,11.451756917833986,0.0,0.0,True
GPR144,0.3892989336425199,12.351607487703191,0.0,0.0,True
GPR146,1.908328457280609,17.929526123789255,0.0,0.0,True
GPR150,0.34667523873257844,11.327963738661406,0.0,0.0,True
GPR153,0.017135554120710328,0.5976067424830938,0.5503853234430656,0.5794085670572723,False
GPR155,-0.599162458885762,-8.37128969974322,6.661338147750939e-16,2.5382717209375807e-15,True
GPR158,0.28975891146583255,11.39127262020017,0.0,0.0,False
GPR160,-0.07129894731196007,-0.6942306187908432,0.4878748059651259,0.5176227217382597,False
GPR162,0.022362276682538873,0.7013303997826487,0.48343808906765284,0.5133410165901818,False
GPR17,0.30289079033337707,10.47358361073058,0.0,0.0,True
GPR171,-0.1824282747179513,-1.469552507440427,0.1423407451314267,0.1627740537247001,False
GPR172A,0.0886043254840847,2.8451612022134602,0.004629442523660154,0.006227554412009963,False
GPR172B,0.2937015025048906,13.060484962188537,0.0,0.0,False
GPR176,0.1531753387940582,4.037747222655468,6.284730256189697e-05,0.00010014359914379459,False
GPR18,-0.1885896357249801,-2.1065249360383596,0.03567932431893617,0.0436434253827998,False
GPR180,-0.07133792193380506,-2.0312395577248696,0.042783397112486465,0.05187599487776122,False
GPR182,0.19285533924428044,6.466610198156565,2.479692007284484e-10,6.073479105232824e-10,False
GPR183,-0.09969638748377863,-1.2917859051538885,0.1970554455775304,0.22173309344608508,False
GPR27,0.44476419474192275,10.859992045923637,0.0,0.0,True
GPR31,0.14139228322659614,4.972604786998875,9.224896519999248e-07,1.7092099567938128e-06,False
GPR32,0.22344041724899588,7.591006995767411,1.6764367671839864e-13,5.210705645221894e-13,False
GPR34,-0.12598562880176356,-1.968204563162611,0.04962193908825685,0.05980905266899975,False
GPR35,0.1005250661772048,4.3046423802697165,2.0300323372968165e-05,3.3762550524577e-05,False
GPR37L1,0.31431308724502216,9.689929454099506,0.0,0.0,True
GPR44,0.04534846895679445,1.1725736007351233,0.24155079104171318,0.26870338599801974,False
GPR56,0.012352644848954597,0.19403632350610378,0.8462298602931582,0.8617913323947386,False
GPR6,0.37641911571053877,12.315512449131722,0.0,0.0,True
GPR61,0.2595927828309752,9.003530072215359,0.0,0.0,False
GPR65,-0.13083195799969527,-1.5411234845551678,0.12394836149046928,0.1427903966405356,False
GPR68,0.03754319495552805,0.9452443750594837,0.3450116156577845,0.3749234717700019,False
GPR77,-0.3518545575536418,-8.918063460523896,0.0,0.0,True
GPR84,-0.3021374049346761,-1.569075204184884,0.11729202858590249,0.1355968363389212,False
GPR89A,-0.15092214875425736,-4.960807993403121,9.773935749635143e-07,1.8059988113578314e-06,False
GPR97,-0.628809324191435,-8.944189703318452,0.0,0.0,True
GPRASP1,-0.05220290329003996,-1.4117590945429461,0.15867143141875562,0.18058850098929416,False
GPRC5A,0.2671465307505021,10.009781916025892,0.0,0.0,False
GPS1,0.10297223181730875,2.748057076148356,0.0062216108866615105,0.008259391011116047,False
GPS2,0.42096008277181074,11.79309784230552,0.0,0.0,True
GPSM1,0.24625567196001485,9.933163858346486,0.0,0.0,False
GPSM2,-0.16659792753058644,-2.9529959084176305,0.003302019711589388,0.004503962706666449,False
GPSM3,-0.6744409332932708,-14.008872382302263,0.0,0.0,True
GPT,0.3264461060396693,11.076406977472592,0.0,0.0,True
GPX1,0.6553992756536555,11.427291379192354,0.0,0.0,True
GPX3,0.054339701935159024,1.7032322729615865,0.08917453682216081,0.10458170328390046,False
GPX4,0.4556261473898786,6.5062486838599005,1.9473378465306723e-10,4.800210711360329e-10,True
GPX6,0.16661414964068655,4.969809804256142,9.352221057579158e-07,1.7314084596955048e-06,False
GPX7,-0.23641521888603556,-3.0368327309223195,0.0025214077389548173,0.0034812532356491123,False
GRAMD1A,-0.679871885600285,-10.596296343696444,0.0,0.0,True
GRAMD1B,-0.1686587124506591,-3.0991272756104253,0.0020553252640711506,0.0028593347484100946,False
GRAMD4,-0.2535719623203434,-5.603516029213462,3.5523459063213636e-08,7.384853364900882e-08,False
GRAP2,0.5227230243822918,6.259074179393368,8.6207041505304e-10,2.0220299554054097e-09,True
GRASP,0.3387424384211206,8.740026295369034,0.0,0.0,True
GRB10,-0.3792520499706722,-3.6451680256849177,0.0002965149088074437,0.0004454297384654335,True
GRB2,-0.4523306551179349,-15.67706831945319,0.0,0.0,True
GRHPR,-0.1032256549301902,-1.9950169306668142,0.04660822038242296,0.05633373888183324,False
GRIK5,0.27422443237811045,9.081075967561913,0.0,0.0,False
GRIN1,0.4141655047236492,11.474696508020145,0.0,0.0,True
GRIN2C,0.28665888464195266,9.550339348132988,0.0,0.0,False
GRINA,-0.04400319310806111,-0.7963869775597792,0.42620243566570015,0.45681826150862564,False
GRIPAP1,-0.2523472846019117,-9.14978208074794,0.0,0.0,False
GRK5,-0.07200640660213065,-1.5275470478022382,0.127286362225421,0.14628470582406708,False
GRK6,-0.13548689991323837,-2.81164591310132,0.005131457038561882,0.006860405481336388,False
GRLF1,0.15989430002675542,5.598599168833646,3.648175450621238e-08,7.577232783214217e-08,False
GRM4,0.14615504866398155,3.8713081101135387,0.00012330072979871431,0.00019180298535467793,False
GRN,-0.46453080392448776,-8.762596220098562,0.0,0.0,True
GRPEL1,-0.43989407742291053,-5.366342892588417,1.254904404834889e-07,2.5000421721364727e-07,True
GRPEL2,-0.107892846156187,-2.0479926073003463,0.04110648944852646,0.049921523664478266,False
GRSF1,-0.17030003152012174,-3.3383998784903324,0.0009084210817393856,0.001307522484137946,False
GRWD1,0.18867462919046396,8.460939205254977,2.220446049250313e-16,8.732440437457957e-16,False
GSDMB,0.016460072197494124,0.28048373300344487,0.7792277383302322,0.7987829774696044,False
GSDMD,-0.40315755258060326,-8.351002265929974,6.661338147750939e-16,2.5382717209375807e-15,True
GSG1L,0.3696249097254718,12.35810776017292,0.0,0.0,True
GSK3A,0.37613179127440866,10.941265769888373,0.0,0.0,True
GSK3B,-0.5520574513089898,-13.231490606786394,0.0,0.0,True
GSN,-0.3031647244989504,-4.89814200104058,1.3262074625153275e-06,2.4283235989054295e-06,True
GSPT1,1.7098907848781346,23.748858183372132,0.0,0.0,True
GSPT2,0.02022064277574076,0.8292237106456719,0.4073916637338104,0.43779686300492227,False
GSR,-0.21321558178713573,-3.7124237762679484,0.00022946260214506964,0.0003481532816265881,False
GSS,0.1004767814898262,3.868145169088664,0.00012486123325516907,0.00019412559668866141,False
GSTA3,0.27382697461841765,11.091163110890582,0.0,0.0,False
GSTK1,-0.29139571850983614,-9.373716840299984,0.0,0.0,False
GSTM1,0.10666863026165885,2.1042830189460604,0.035875303324966135,0.043869173991537676,False
GSTM2P1,0.19708841050006587,4.822458768800384,1.9090098462015703e-06,3.4558988556334887e-06,False
GSTM3,0.16422614810160718,2.3423558299989637,0.01957181921409612,0.02462077952271617,False
GSTO1,-0.2164531403754708,-3.786011236844774,0.00017256509998087033,0.0002647193217045739,False
GSTP1,-0.1351713896222586,-2.88208806052382,0.00412831043286821,0.005578182742077291,False
GSTT1,0.184234556522902,4.741478401700892,2.804105257769862e-06,5.007051381840187e-06,False
GSTTP1,0.16527626035916132,4.577741182686135,6.000444778386793e-06,1.045200716803833e-05,False
GSTZ1,0.004086676146406454,0.14631199349844473,0.8837367728309433,0.896027100276352,False
GSX2,0.1897836054863986,6.449433822460583,2.7524493795283433e-10,6.714414316558023e-10,False
GTDC1,-0.2111039006516462,-3.8083398246305227,0.00015812479140620006,0.00024357307732121133,False
GTF2A2,-0.21191175216948377,-4.263268670541826,2.4283248391432366e-05,4.014909404634842e-05,False
GTF2B,-0.3891496109354202,-9.036313078044905,0.0,0.0,True
GTF2E1,-0.2927971848241855,-4.014956459541154,6.901967145145349e-05,0.0001095847822810879,False
GTF2E2,-0.25354789541952627,-5.647176958980339,2.802171894522587e-08,5.876245776989929e-08,False
GTF2F1,-0.3668258751997806,-11.889104595396022,0.0,0.0,True
GTF2F2,-0.3877472411002749,-6.772802139743655,3.7195579949411695e-11,9.686997183750244e-11,True
GTF2H1,-0.34551640232318714,-9.993970161225175,0.0,0.0,True
GTF2H2,-0.2594265360032635,-3.3988951759149963,0.0007331748988401721,0.001066747715010729,False
GTF2H5,-0.2245917487590372,-3.6398951222965636,0.0003024847470853853,0.00045410162930751376,False
GTF2I,-0.03931334067052994,-0.9523378902779344,0.341406885768061,0.371426701658698,False
GTF2IRD2,-0.23095346895148072,-7.520415101058585,2.722266856380884e-13,8.333189454863514e-13,False
GTF3A,0.2617430141871733,6.1258739910603985,1.88529414302252e-09,4.319153387724027e-09,False
GTF3C1,-0.024476629192526467,-0.7639574613329622,0.4452694667267074,0.47597058159103034,False
GTF3C2,-0.23206226629863025,-6.642512189060487,8.409295482181278e-11,2.131749002184114e-10,False
GTF3C3,-0.2475122017784246,-4.989257284992443,8.500298369629178e-07,1.5782549471269907e-06,False
GTF3C5,-0.2507051485832017,-4.429973851058907,1.169433110725926e-05,1.9824429731349435e-05,False
GTF3C6,-0.03511994100722493,-0.751603293541681,0.45265950583916137,0.4833319287876622,False
GTPBP1,0.13079895700359545,4.784801059119775,2.2843077449596905e-06,4.108187496360761e-06,False
GTPBP2,-0.2570654385288824,-4.55788818733749,6.57023728378725e-06,1.1413446429187956e-05,False
GTPBP3,-0.21254352511750074,-5.642116942343006,2.8804994167686004e-08,6.034227710118322e-08,False
GTPBP4,-0.17428667036060164,-4.371782395134381,1.513230899186091e-05,2.5424309696214385e-05,False
GTPBP5,-0.07709117858473036,-3.2414811250127418,0.0012721165393980716,0.001807513311622843,False
GTPBP6,-0.06274814056716682,-1.3633666375800615,0.17340868437286394,0.19641048527935298,False
GTPBP8,-0.4263044163864613,-7.827743073514397,3.219646771412954e-14,1.0545098424767078e-13,True
GTSF1,-0.01965943609400833,-0.30261482400640316,0.7623150376785808,0.7826996095034826,False
GUCA1A,0.143875162230362,6.416583115405979,3.358393563246409e-10,8.14085342067243e-10,False
GUCA1B,0.20332277965806478,7.615887106192127,1.412203687323199e-13,4.4240343416578543e-13,False
GUCY1A3,0.015597155927352002,0.2410452625266686,0.8096233793220469,0.8277315795163448,False
GUCY1B3,0.27358248995702317,3.8937194049583344,0.00011276060225262619,0.00017602512228594676,False
GUCY2D,0.30272767245227516,9.468528696994968,0.0,0.0,True
GUF1,-0.12690529579599996,-4.73705871905495,2.8631220279073943e-06,5.1092645452308715e-06,False
GUK1,1.0247441055511288,15.043817249725091,0.0,0.0,True
GUSB,-0.47922687205798464,-8.22933277763476,1.7763568394002505e-15,6.487588596401866e-15,True
GUSBP1,-0.16829408854137107,-5.470172808378928,7.262223400417156e-08,1.477455869823476e-07,False
GXYLT1,-0.15371281998932362,-5.488024881280359,6.60464753998724e-08,1.3460533441810512e-07,False
GYG1,-0.3606308722244105,-3.516538451298475,0.0004789007932508582,0.0007085099200432361,True
GYG2,0.34281643956121766,9.924268569000443,0.0,0.0,True
GYPA,2.0300822097388007,24.074420800901713,0.0,0.0,True
GYPB,2.0511871202229814,21.28124554660558,0.0,0.0,True
GYPC,0.9120103736424756,13.613114348036902,0.0,0.0,True
GYPE,0.549854324906176,13.331778028641452,0.0,0.0,True
GYS1,-0.31419029186134306,-4.533417737929421,7.344197000991315e-06,1.2683329123601044e-05,True
GZF1,-0.33537020134289586,-7.234049153203521,1.8764989562214396e-12,5.376963053909145e-12,True
GZMA,-0.09676776983693447,-0.7014084930718146,0.48338941032110627,0.5133366476895753,False
GZMB,-0.5401620289389566,-3.5609595680144586,0.00040648947092702947,0.0006043304356748132,True
GZMH,-0.44557425312040433,-2.314410866537843,0.02106812053199847,0.02643325132426646,True
GZMK,-0.06733795794090103,-0.4489011208009904,0.6537063999138966,0.6800364870051634,False
GZMM,-0.08363222000746617,-0.9376971260090211,0.3488735537680605,0.3789064146631552,False
H1F0,0.20846474948272364,5.093803471305143,5.059784129457512e-07,9.587704126866437e-07,False
H1FX,-0.37720129884540565,-5.348304105472408,1.3787827968236854e-07,2.735480371445407e-07,True
H2AFV,-0.12840138785591293,-3.069548166573151,0.00226574314718464,0.003142197846426664,False
H2AFX,0.12593896633462265,1.4331322178963604,0.15247367866484085,0.17375917523643644,False
H2AFY,-0.4447660696288249,-10.717186951707038,0.0,0.0,True
H2AFZ,-0.2983235596087912,-6.955239728148344,1.1624479157035239e-11,3.1336853594638175e-11,False
H3F3B,-0.425131649162358,-12.272287748537078,0.0,0.0,True
H6PD,-0.38291974758412906,-7.586490894213997,1.729727472365994e-13,5.373444108463831e-13,True
HAAO,0.25510865768675206,9.321445878424118,0.0,0.0,False
HABP4,-0.046368629907475256,-1.6317515935856277,0.10339033298469835,0.12024972189526861,False
HACL1,-0.04895803150159317,-1.132080467314543,0.2581681108863183,0.28597350411573236,False
HADH,-0.1008779031452165,-2.0062872699150205,0.045388362782366354,0.05493050545178378,False
HADHA,-0.3148837627581038,-10.345949571135204,0.0,0.0,True
HADHB,-0.32866864460662715,-8.923338555099678,0.0,0.0,True
HAGH,1.3943466946918477,18.446669160922823,0.0,0.0,True
HAGHL,0.2495145783871604,9.244509854169808,0.0,0.0,False
HAL,-0.6258487848492837,-4.722425117089703,3.0671806225957e-06,5.458188412124187e-06,True
HAMP,0.40386800438892934,9.734066794460198,0.0,0.0,True
HAP1,0.32191627767400277,8.029708687536157,7.549516567451064e-15,2.617786915727538e-14,True
HAPLN3,0.11575741220477154,4.52995951835313,7.4603898461145235e-06,1.2874341668523325e-05,False
HARBI1,0.09425880267839037,3.1746961908870706,0.0015967269209724577,0.002246573519321087,False
HARS,-0.3329215842028419,-11.114957827794925,0.0,0.0,True
HARS2,-0.35028229273889755,-11.537898688634382,0.0,0.0,True
HAT1,-0.4119491705691196,-4.400272888494132,1.3343186512138061e-05,2.2503684543677647e-05,True
HAUS1,-0.1782153701330449,-3.191400360799983,0.001509041766277086,0.002128661781257134,False
HAUS2,-0.0707355722898435,-2.7756947946858586,0.005724386358241684,0.0076177456631915386,False
HAUS3,-0.05749677589511837,-2.300138087564402,0.021870231892260117,0.02738593338047008,False
HAUS4,-0.38084414086662743,-6.28567473327815,7.361606879641158e-10,1.7358925209127226e-09,True
HAUS5,-0.07903074301085056,-3.1728850183195836,0.0016065118515722343,0.002259512822742438,False
HAUS6,-0.13016911776967088,-4.820529000834626,1.9267037578707402e-06,3.4873822418153765e-06,False
HAUS7,-0.1940680048337371,-7.4928405005864365,3.2884805989397137e-13,9.992088636029166e-13,False
HAUS8,-0.15435695966199425,-4.529700217304692,7.469172816243486e-06,1.2885637512402084e-05,False
HAVCR2,-0.3894886768746506,-7.6761632028430204,9.303668946358812e-14,2.9498751057832965e-13,True
HAX1,-0.22935333813651582,-5.3631233456182255,1.276192376220564e-07,2.539378127774171e-07,False
HBCBP,0.22305699521862765,8.440786319666305,4.440892098500626e-16,1.713723151846858e-15,False
HBD,2.2953834613040804,17.000979601679013,0.0,0.0,True
HBE1,0.669481052361192,8.573223776556913,2.220446049250313e-16,8.732440437457957e-16,True
HBEGF,0.1401131958268489,1.9527656751599183,0.05143050187212861,0.061885297301269133,False
HBG1,1.6665948412033806,9.697490301929347,0.0,0.0,True
HBM,1.2962976634683887,12.693881296520543,0.0,0.0,True
HBP1,-0.13665825123548903,-3.729664525231642,0.00021473285895101668,0.0003269673234972586,False
HBQ1,1.3218534336048187,12.402163049431655,0.0,0.0,True
HBS1L,0.43408642227525984,8.017607575948668,8.43769498715119e-15,2.9169810491294885e-14,True
HBXIP,-0.049649969008273676,-1.5711227368635485,0.11681571957695325,0.13508686615871143,False
HBZ,0.5633442043254959,6.188339056892289,1.308409602884808e-09,3.0325090977122947e-09,True
HCCS,-0.19563042585331036,-5.27817633412137,1.9831628539357382e-07,3.8843424970374705e-07,False
HCFC1,0.010899201590560459,0.425050783460006,0.6709909024153018,0.6968215114426489,False
HCFC1R1,0.049668777365566186,0.8398832724466959,0.4013936560987543,0.4319556730756307,False
HCK,-0.6412022777529476,-13.474944110582012,0.0,0.0,True
HCLS1,-0.5563166647582296,-12.033286731331087,0.0,0.0,True
HCN3,0.16046867398882236,6.129440751951141,1.8465282636270786e-09,4.234552870539582e-09,False
HCP5,-0.30693705726244325,-4.997936966059073,8.14474010013555e-07,1.513946445271283e-06,True
HCRT,0.22663986214474763,8.326122330600194,8.881784197001252e-16,3.353302922492869e-15,False
HCST,-0.3199586847388005,-6.575946661260852,1.269571114903556e-10,3.1702123721166406e-10,True
HDAC1,-0.2159157496244859,-7.21164908770791,2.176925306685007e-12,6.213082905774181e-12,False
HDAC10,0.3651903684485194,9.981743515814864,0.0,0.0,True
HDAC2,-0.054997081189546826,-0.9109357242232095,0.3627883139773993,0.39298087161046297,False
HDAC3,-0.09375359424757645,-3.4304408919914415,0.0006548209786267911,0.0009575831982737092,False
HDAC4,-0.11743313250667997,-5.137494131603597,4.0628027297984204e-07,7.759811746733213e-07,False
HDAC5,-0.05438057003043317,-1.170423951363442,0.24241351163557212,0.26953293827511154,False
HDAC6,0.17679023052340392,7.6891831877318415,8.504308368628699e-14,2.703867736633563e-13,False
HDAC7,-0.045354536859618655,-1.6861796319458071,0.09241365379223576,0.10818220305211014,False
HDAC9,-0.05925965924388654,-1.254642018892226,0.21022177100004114,0.2355817278090742,False
HDC,-0.08296411714232343,-2.1862942943792882,0.029278249139105927,0.03617075845488644,False
HDDC2,-0.3229330594496549,-5.589354844278703,3.835202400104265e-08,7.951349252483987e-08,True
HDDC3,0.05371459885972829,1.515349783469592,0.13034472829861565,0.14954590889160893,False
HDGF,0.9940515855719685,19.86789876766768,0.0,0.0,True
HDGFL1,0.12880340963153936,4.669991910095332,3.9195411067893815e-06,6.933230038253514e-06,False
HDGFRP2,-0.12875980338720439,-5.1474144550897645,3.8644833022516423e-07,7.394515474856589e-07,False
HDHD1A,-0.3416041729882644,-6.775814575332173,3.649502922087322e-11,9.511000941068748e-11,True
HDHD2,-0.04415291778539032,-1.1276493491798842,0.26003366453143917,0.2879015553381053,False
HDHD3,0.32622720254335924,9.383040260059547,0.0,0.0,True
HDLBP,0.24581190740776915,6.328151556046816,5.7147064858043e-10,1.3603575947505626e-09,False
HEATR1,-0.05152566976702877,-2.8145018813921134,0.005086829839397566,0.006805912507771283,False
HEATR2,-0.2971455248489647,-7.012330399022105,8.038236742891058e-12,2.1946539237108817e-11,False
HEATR3,-0.2258851320869355,-6.6768144975600405,6.79227785127523e-11,1.7344324666113806e-10,False
HEATR5A,-0.20711153496397694,-4.435565448861477,1.1406561419624595e-05,1.9362242999212452e-05,False
HEATR5B,-0.30440754820346516,-5.086362016342905,5.251667161143558e-07,9.931694964572756e-07,True
HEATR7A,0.04454901415889445,2.1673863052378817,0.03069837026303701,0.037815691055493886,False
HEBP1,1.1224409132658932,10.9233738839722,0.0,0.0,True
HEBP2,-0.32348557212858964,-6.333643813198284,5.53006529457889e-10,1.318311716230427e-09,True
HECA,0.19445912341085947,3.200142563297323,0.0014649459413358379,0.002069501140329595,False
HECTD1,-0.3124880563822363,-4.808852862557941,2.037180505842784e-06,3.678100665643108e-06,True
HECTD3,0.35670638574705205,8.835522658338588,0.0,0.0,True
HECW2,-0.19541415479145963,-3.3146479412386882,0.000987312588125011,0.001415414275371749,False
HEG1,-0.05587325081674077,-1.587978427582342,0.1129523374275696,0.1308293589570814,False
HELB,-0.2101272951509472,-4.225165458308163,2.86023927127399e-05,4.6954879010297e-05,False
HELQ,-0.1649780837322501,-4.558557223859002,6.550217337641939e-06,1.1382101902594282e-05,False
HELZ,-0.4601884185246812,-12.86744021849049,0.0,0.0,True
HEMGN,2.579915187066458,19.231124338703864,0.0,0.0,True
HEMK1,-0.06515360949836246,-2.10663524573599,0.03566970519878354,0.04363629292531729,False
HEPACAM2,1.6397999005234705,22.3659954450817,0.0,0.0,True
HEPN1,-0.03738123876781474,-0.9580572233644,0.33851815263460616,0.36845796089936955,False
HERC1,-0.06810416936634356,-2.511070363041352,0.012365377996832239,0.015889869382587074,False
HERC2,-0.18827028554999536,-4.055352883383116,5.8441961265032205e-05,9.334344867053604e-05,False
HERC2P2,0.17368059469810504,5.800243220227444,1.205480248955837e-08,2.5984144812354577e-08,False
HERC2P4,-0.18710509896533,-4.142500977654903,4.0625636173796664e-05,6.580884588468061e-05,False
HERC3,-0.23541642200591628,-8.17093880489208,2.6645352591003757e-15,9.591494265492883e-15,False
HERC4,-0.26626775294390903,-4.733354204610101,2.913508358348693e-06,5.193547319687186e-06,False
HERC5,-0.634535338877936,-3.602069363394304,0.00034873763319631657,0.0005206881136472288,True
HERC6,-0.38625668013241166,-4.612099485202001,5.1246203214283526e-06,8.972564444829487e-06,True
HERPUD1,-0.08399163168237056,-2.157192163313791,0.03148835523759286,0.03874325613990943,False
HERPUD2,-0.646069975376963,-13.610951477491797,0.0,0.0,True
HES1,0.24857202280145874,9.871694231007858,0.0,0.0,False
HES4,0.09914334436841798,2.2295251579879567,0.026242748810743288,0.0325673587105098,False
HES6,1.6609386427363115,12.615438215537269,0.0,0.0,True
HES7,0.26400660088188843,8.061522974874904,5.995204332975845e-15,2.092055701652492e-14,False
HEXA,-0.21063821530641702,-8.093955729921763,4.884981308350689e-15,1.719220888814286e-14,False
HEXB,-0.41291348857654153,-6.861336278557942,2.1216584045191667e-11,5.615667086777638e-11,True
HEXDC,-0.02186628323161699,-0.776402142738233,0.43789552929570075,0.4685665213151117,False
HEXIM1,0.45746962888817144,8.352917982847266,6.661338147750939e-16,2.5382717209375807e-15,True
HEXIM2,-0.09353448460881131,-2.021996840468458,0.043733139863345594,0.052988538769946136,False
HEYL,0.2669209545395379,8.861619227059789,0.0,0.0,False
HFE,-0.14449785652574,-5.097243558847514,4.97338844107631e-07,9.430199416091854e-07,False
HGD,0.0054796454082830515,0.10980695703948445,0.9126085514351412,0.9219731541818446,False
HGF,-0.23857872080920872,-2.3309080572800736,0.02017314019049965,0.02534737767848804,False
HGS,-0.0016105871964233742,-0.048462656120574,0.9613677647376,0.9653905746676328,False
HGSNAT,-0.014542736997205541,-0.4921895824081381,0.6228112660392635,0.6505997074005874,False
HHAT,0.36668937289335,11.085039927149396,0.0,0.0,True
HHEX,-0.4927346910389492,-5.893877167617935,7.130606327621081e-09,1.5600656085065002e-08,True
HHIPL1,0.3336559077475547,10.825509822876816,0.0,0.0,True
HHIPL2,0.1589329857325339,5.249642744984358,2.2966519774847427e-07,4.477849378579342e-07,False
HIAT1,-0.36558011011152836,-4.874523258318348,1.4866245248157384e-06,2.7134254320000776e-06,True
HIATL1,-0.08905690732800586,-1.449099955223111,0.1479652834335754,0.16885398255115464,False
HIBADH,-0.055978382122216175,-1.8762513104279515,0.061229781007602346,0.07315008220395378,False
HIBCH,-0.37656155738302344,-7.1044170698790445,4.411582210650522e-12,1.2256877830314365e-11,True
HIC1,0.3782185759945311,13.449335722201457,0.0,0.0,True
HIC2,-0.017802719067821382,-0.6312097706219648,0.5282050405760792,0.5574341605493226,False
HIF1A,-0.4533730697276077,-4.896458985160577,1.3370626041897538e-06,2.447810574962138e-06,True
HIF1AN,-0.14930807051727601,-6.2483792694548494,9.184297766751115e-10,2.1507201865258406e-09,False
HIF3A,0.17822923911418176,6.207779738790741,1.1670997501767033e-09,2.7159236408657466e-09,False
HIGD1A,-0.17424503086872356,-3.473210929474133,0.0005610133378313176,0.0008248005920202867,False
HIGD2A,-0.2361002142834261,-4.983951900818634,8.724965301354359e-07,1.6189251821246919e-06,False
HINFP,-0.09414387889483455,-3.061396347958985,0.002327117607728635,0.0032234328671748615,False
HINT1,-0.04867502529061518,-0.6059208160057606,0.5448549038688211,0.5740586881610674,False
HINT2,0.01120978532861816,0.2186362976392173,0.827026678135323,0.8435027718647766,False
HINT3,-0.31512898703564085,-8.35328682296378,6.661338147750939e-16,2.5382717209375807e-15,True
HIP1,-0.2675503418433318,-6.331712727820204,5.594309460121849e-10,1.3330989170553462e-09,False
HIP1R,-0.10029212827613243,-2.243941336599886,0.025293062637377295,0.031436209378501195,False
HIPK1,0.1767378781220863,4.241395514191809,2.6679929810979885e-05,4.393511243640848e-05,False
HIPK2,-0.3020383388896848,-5.44056912033491,8.495315495515854e-08,1.7180045504362206e-07,True
HIPK3,-0.01671126294924008,-0.712099583672792,0.476750474525766,0.5071747983064553,False
HIRA,-0.2286813029613577,-4.352643373397956,1.6460657083383623e-05,2.756765178009537e-05,False
HIRIP3,0.06391127795908647,1.7701883868516854,0.07733304818246989,0.0912891352750431,False
HIST1H1C,0.7505096932506996,7.540703286181606,2.369215934550084e-13,7.275659384186196e-13,True
HIST1H1D,0.20281950195664145,7.966336483686327,1.199040866595169e-14,4.0839005743080286e-14,False
HIST1H1T,-0.08649567710972761,-2.25597466347151,0.02452333982250754,0.030525648521230207,False
HIST1H2AC,-0.0036784021870133188,-0.0466943030625286,0.9627763699384042,0.9663270772425674,False
HIST1H2AD,-0.27009096755915385,-5.21699186467781,2.714421960536839e-07,5.262104773379982e-07,False
HIST1H2AE,-0.1128517348137601,-1.5190169840359722,0.12941925262812126,0.14851368509895685,False
HIST1H2AG,-0.04037620299113609,-0.6156156189008334,0.5384411992896148,0.5677685989213724,False
HIST1H2BC,-0.42235570024374525,-7.605000452266246,1.5232259897857148e-13,4.755024438032967e-13,True
HIST1H2BD,-0.22268945203534596,-2.3994941292830196,0.016799492193185106,0.021300313767011473,False
HIST1H2BF,0.1339753593647499,3.8669398503150165,0.00012546080226760736,0.0001950051249926554,False
HIST1H2BG,0.09536909452508535,1.6227177373160973,0.10530897103459314,0.12232820407329034,False
HIST1H2BH,-0.06895666215361018,-1.869505678307733,0.06216357103556969,0.0741678023662342,False
HIST1H2BJ,-0.0381969999890619,-0.744062383597667,0.4572042862410932,0.48773255910457053,False
HIST1H2BK,-0.25759754376755417,-4.49268803715568,8.829946088750873e-06,1.5140242482334222e-05,False
HIST1H2BN,0.0683234526617329,2.1979772359871386,0.028429420495764468,0.035178697463821136,False
HIST1H3D,-0.5411716519607452,-6.270883795264116,8.037650545134056e-10,1.8906615607392117e-09,True
HIST1H3H,0.40929129184428215,6.178565742015842,1.3856371605669437e-09,3.20569480871071e-09,True
HIST1H4C,0.2613699645340901,3.180361785999173,0.0015664725508250932,0.0022056224560511243,False
HIST1H4D,-0.1794782495339704,-3.5256335131130534,0.00046315766639537514,0.0006858353463437879,False
HIST1H4H,-0.0022218011417769468,-0.03937455819414355,0.9686082010356818,0.9715602462321508,False
HIST1H4J,-0.2655877698852276,-3.242362091350877,0.0012682755268231816,0.0018023926100300864,False
HIST1H4K,-0.16624233939691857,-3.044639298837733,0.0024581037201996114,0.0033987392573495766,False
HIST2H2AA3,-0.435952936075779,-7.092005597498073,4.7848391915295e-12,1.3258735301233656e-11,True
HIST2H2AC,-0.29616424273907294,-8.296798121417563,1.1102230246251565e-15,4.157561450148628e-15,False
HIST2H2BE,-0.3634078893734394,-4.273849244402273,2.319903226677411e-05,3.841162177389262e-05,True
HIST2H2BF,0.3828977422864601,11.792562109561626,0.0,0.0,True
HIST2H4A,-0.12705479156388044,-2.530940904986142,0.011695319533250093,0.015079290989871035,False
HIST3H2A,0.39970737857248295,8.441532066982765,4.440892098500626e-16,1.713723151846858e-15,True
HIST3H2BB,0.3451448856628687,12.19936435367829,0.0,0.0,True
HIVEP1,-0.21533988146195737,-4.4052236228850585,1.3053697317078061e-05,2.2025126614240837e-05,False
HIVEP2,-0.28438803376526733,-5.19853716213643,2.982191311673432e-07,5.757938605291028e-07,False
HIVEP3,-0.15533357861691144,-6.120773467691075,1.9421151353782307e-09,4.444025475649948e-09,False
HJURP,0.15465221758569214,4.133391217711864,4.2212401510255404e-05,6.824486357847467e-05,False
HK1,1.2423408635240323,19.867709886179814,0.0,0.0,True
HK2,-0.06870744319309452,-1.8584634157963187,0.06371763065441605,0.07586184883805876,False
HK3,-0.5662706877079522,-6.80783453437452,2.980660163132143e-11,7.805006687683371e-11,True
HKDC1,0.2576448491951253,9.017671983419651,0.0,0.0,False
HKR1,-0.20888991401851342,-4.519621432094931,7.818348638055639e-06,1.34638298642193e-05,False
HLA-A,-0.08526231879619317,-2.4651643429931522,0.014045392472888274,0.01794265009373406,False
HLA-B,-0.32702484614553207,-9.142314632191647,0.0,0.0,True
HLA-C,-0.352992043218352,-3.0226515301014074,0.0026402448087707864,0.0036357417755207037,True
HLA-DMA,-0.6168605353384855,-5.634383028575021,3.00435170075275e-08,6.287632129536869e-08,True
HLA-DMB,-0.17193840177091158,-2.1532008750804024,0.03180238779155209,0.03910040612348047,False
HLA-DOA,0.08752722330880847,2.0422850434818143,0.04167140768615307,0.05058625199038858,False
HLA-DOB,-0.016839039051534943,-0.4544552206522371,0.6497074856133769,0.6762429318496872,False
HLA-DPA1,-0.2313246818852459,-2.228844505612873,0.02628834203077912,0.03261691209096776,False
HLA-DPB1,-0.25924717647294937,-3.0964346727087464,0.002073708014830311,0.0028842118597959855,False
HLA-DQA1,-0.23733148791495307,-3.026930764944021,0.0026038550708604724,0.003589063846026299,False
HLA-DQB1,-0.062069516934120994,-0.7758077174449323,0.438246138179087,0.4688981298239739,False
HLA-DRA,-0.18213987647565588,-1.8916778524612758,0.059138041486192616,0.07084142053654875,False
HLA-DRB1,-0.5911301657593979,-5.445277123765676,8.2864418882167e-08,1.6775311794440802e-07,True
HLA-DRB3,-0.4313546373732864,-3.70899478048407,0.0002325033952479405,0.00035262759840171517,True
HLA-DRB4,-0.14505367805084557,-0.6305518926332158,0.5286348605989173,0.5578366580468055,False
HLA-DRB5,-0.27506940622080966,-1.7386345400534708,0.08274284456336267,0.0973460143525048,False
HLA-E,-0.48334632471250316,-10.529980367235995,0.0,0.0,True
HLA-F,-0.5004699640289445,-8.409692591842518,4.440892098500626e-16,1.713723151846858e-15,True
HLA-H,0.32048014492742993,10.10711943738088,0.0,0.0,True
HLCS,-0.08401300583599625,-2.5715230537222897,0.010426374892782864,0.013523410921063597,False
HLTF,0.06971462595899958,1.8637985277716138,0.0629628071744972,0.07506402151138826,False
HLX,-0.3866348435353242,-5.282942513522878,1.9350136826190578e-07,3.794590161744795e-07,True
HM13,-0.46581569117580335,-11.681925983996678,0.0,0.0,True
HMBOX1,-0.6609314655890968,-8.346166259480913,6.661338147750939e-16,2.5382717209375807e-15,True
HMBS,1.792088211282815,21.641686534468537,0.0,0.0,True
HMG20A,-0.22192779505222227,-5.127831492883824,4.2654216736437434e-07,8.130629200513367e-07,False
HMG20B,0.13559027134805657,3.8306769449012434,0.0001448257837151079,0.00022392593323682255,False
HMGA1,0.1598334235898613,4.502225691853194,8.458153513135613e-06,1.4511389680936718e-05,False
HMGA2,0.29770557093300765,11.04042755590638,0.0,0.0,False
HMGB1,0.01782692292906951,0.30586820515419916,0.7598381412237991,0.7805043292988177,False
HMGB2,-0.2427591855467961,-3.7485138847775894,0.00019964997129773288,0.0003048472984330044,False
HMGB3,-0.09582409757807131,-1.2908195541230554,0.19739013105420922,0.22208799761803438,False
HMGCL,-0.30566529689924327,-7.568522493674136,1.9584334154387761e-13,6.056159600654836e-13,True
HMGCR,-0.2586021802672116,-4.546173500704308,6.930445046515743e-06,1.2002976468322786e-05,False
HMGCS1,-0.21488564128648147,-4.733117610703357,2.916755179382946e-06,5.198530544841738e-06,False
HMGN1,-0.10527122295257207,-1.6753526494190378,0.09451895729412296,0.11047832258457661,False
HMGN2,-0.11260691626165897,-2.9394131727747568,0.003447518886846801,0.004689651636465317,False
HMGN3,-0.12183852339115608,-2.439733247362598,0.015060553357249207,0.019190543597583362,False
HMGN4,-0.24478905905414372,-3.725404267442311,0.0002182874556464487,0.00033224804460774875,False
HMGXB3,0.11765578456492909,3.768363785357273,0.0001848490450953033,0.00028299789346794243,False
HMGXB4,-0.4612154540275153,-13.373159198682435,0.0,0.0,True
HMHA1,-0.7301303812087339,-15.691843183492416,0.0,0.0,True
HMMR,0.04976031147474069,0.5401354073861232,0.5893551742244356,0.6180610207475667,False
HMOX1,-0.3289258402973312,-4.2491839112422305,2.5801768294808625e-05,4.255592339460202e-05,True
HMOX2,-0.15753097598075527,-4.595078669339032,5.54192252200103e-06,9.679667252604984e-06,False
HMP19,0.30960332715295635,10.09942449868961,0.0,0.0,True
HMX1,0.22197179051807714,7.07361918734483,5.395461855073336e-12,1.488987185160272e-11,False
HN1,-0.3949257378182027,-8.492276514238247,2.220446049250313e-16,8.732440437457957e-16,True
HN1L,0.07783059548023097,2.3311987010110022,0.020157675607987535,0.0253323440244827,False
HNF1A,0.1840652118940702,6.811374646197842,2.9145352797854684e-11,7.637063668755418e-11,False
HNMT,-0.1300687006344745,-2.8680539961179328,0.0043126395563273245,0.005818376089170117,False
HNRNPA0,-0.3194146690743809,-5.703958626057947,2.053689351910748e-08,4.354214548989491e-08,True
HNRNPA1,-0.16449882555723327,-2.612512237801492,0.009270894263520235,0.012096899753227185,False
HNRNPA1L2,-0.16523444239765084,-6.303791528947321,6.609037761506897e-10,1.563555267504579e-09,False
HNRNPA2B1,-0.2820375513917446,-5.012257541540087,7.5892953432799e-07,1.4141231488068777e-06,False
HNRNPA3,-0.2470213824360723,-7.235650683469762,1.856736986383112e-12,5.322984904466666e-12,False
HNRNPAB,-0.2122680173285305,-3.7052742366806757,0.00023584561931122572,0.0003574142466578094,False
HNRNPC,-0.2747905301031288,-9.29871676407838,0.0,0.0,False
HNRNPD,-0.26463903967298297,-6.351709527261859,4.962985578060852e-10,1.1890314241614591e-09,False
HNRNPF,-0.4508913979853846,-8.606157292786236,0.0,0.0,True
HNRNPH1,-0.2585251776521247,-3.6311292686791288,0.0003126597448808166,0.0004688268161002508,False
HNRNPH2,-0.5132843926174777,-7.686065183379032,8.681944052568724e-14,2.759583706996113e-13,True
HNRNPH3,-0.23167359631992746,-3.525347555346179,0.0004636451816004694,0.0006864690034519032,False
HNRNPK,-0.16233649820762341,-4.156895234584759,3.8233584459757e-05,6.207366587624255e-05,False
HNRNPL,-0.5001297506315376,-11.189216717088385,0.0,0.0,True
HNRNPM,-0.2771626870371673,-6.925248336749663,1.4097167877480388e-11,3.777280222858725e-11,False
HNRNPR,-0.45616530286903867,-7.8112351519349055,3.6193270602780103e-14,1.1820535414613667e-13,True
HNRNPU,-0.2883697017159914,-8.87647595256789,0.0,0.0,False
HNRNPUL1,-0.15441937271506845,-4.840317990741618,1.752522099218723e-06,3.1826110769195125e-06,False
HNRNPUL2,-0.3455155188093384,-7.9092834627987685,1.8207657603852567e-14,6.100465617765495e-14,True
HNRPDL,-0.32300545552061344,-5.611456957660717,3.4027263451363865e-08,7.087885130131291e-08,True
HNRPLL,-0.15882145702577377,-3.6366447325827824,0.00030622081015452274,0.00045959055533158926,False
HOMER3,-0.1715070996536867,-3.255651218816652,0.001211622810078028,0.0017243245798478878,False
HOOK2,0.013501147254214807,0.4138855752958574,0.6791435226206601,0.7044981952125483,False
HOOK3,-0.4846602253140624,-8.895895457330866,0.0,0.0,True
HOPX,-0.14181903141077168,-1.4135059779105867,0.15815780153071923,0.1800572954963782,False
HOXA9,-0.0020119376720812987,-0.04808787063825455,0.9616662951563368,0.9656061762470227,False
HOXB2,0.11188267574347233,2.3663606689657937,0.018361689845922236,0.02316033728345659,False
HOXB4,-0.025696293020128547,-0.9179778058853973,0.35909337133173924,0.38930791005838156,False
HOXB9,0.40856550470447983,10.729307613758138,0.0,0.0,True
HOXC10,0.2005002820628765,7.618575643457995,1.3877787807814457e-13,4.353437847445935e-13,False
HOXC5,0.3303563810234267,9.656521014249748,0.0,0.0,True
HP,-0.2042096189310758,-1.2808755067291735,0.2008584173860848,0.22570364938740714,False
HP1BP3,-0.07911399292027266,-2.399737693714367,0.01678845574354959,0.021288663772561396,False
HPCAL1,-0.08738069692442352,-1.6738137949392207,0.0948212926612384,0.11082046166444857,False
HPD,-0.045698988399660134,-1.2877617270511914,0.19845192666204814,0.2232172388653581,False
HPGD,-0.6309492300162098,-3.3520415761577524,0.0008658016581706285,0.0012494574418024894,True
HPRT1,-0.24745281907986083,-2.771708919456791,0.005793803434752665,0.007706561404724705,False
HPS1,1.062089845616879,22.184574557693033,0.0,0.0,True
HPS3,-0.602772686126233,-10.108214635779605,0.0,0.0,True
HPS4,-0.031995604258056254,-1.1192071036089064,0.26361380703545656,0.29164112977731693,False
HPS5,-0.3622219781444085,-6.912146867695466,1.5333068148493112e-11,4.10175596847404e-11,True
HPS6,-0.4611086192837961,-11.014386600238625,0.0,0.0,True
HPSE,-0.2543137145403458,-2.5875398211294494,0.009960380038884997,0.01294669574226092,False
HR,0.4800179100213522,13.623837374315913,0.0,0.0,True
HRAS,-0.011305119623024051,-0.40776300755245687,0.6836302164478512,0.7086695881266017,False
HRASLS,0.186380922489783,5.149523709897976,3.8235414834275616e-07,7.323341070345021e-07,False
HRH2,-0.03294201262342389,-0.9462031606329043,0.3445229689817355,0.37446311376680613,False
HRH3,0.39665754084453386,14.083532765586533,0.0,0.0,True
HRH4,0.01688457319404435,0.17506090687451625,0.86110589281554,0.8746211779686276,False
HRNBP3,0.429292723591324,10.602507333255248,0.0,0.0,True
HRSP12,0.30028897837167134,8.291018631197,1.1102230246251565e-15,4.157561450148628e-15,True
HS1BP3,-0.2788470118378079,-7.213926221249814,2.1445067943659524e-12,6.122075282354748e-12,False
HS2ST1,-0.20597904310814297,-4.368225712376962,1.5371141396602894e-05,2.5810521537531886e-05,False
HS3ST3B1,-0.5419528479279547,-4.624565706902479,4.838311942201301e-06,8.493220856784028e-06,True
HS3ST6,0.24487004533182688,8.592006906725528,2.220446049250313e-16,8.732440437457957e-16,False
HS6ST1,0.016200708964315247,0.5927747594244513,0.55361218899123,0.582486189714101,False
HSBP1,-0.17743309305850907,-3.7269122509009076,0.00021702296244718866,0.00033036705490011443,False
HSBP1L1,0.03993065576096022,0.6423432165749521,0.5209582677262103,0.5504924581174403,False
HSCB,-0.2530515637436901,-6.5253033488490955,1.733029275641229e-10,4.2912218886739716e-10,False
HSD11B1L,0.2637640824038727,9.869730009503737,0.0,0.0,False
HSD17B10,-0.010127756544449085,-0.18624103019649485,0.8523347491923894,0.8669261980893391,False
HSD17B11,-0.4054762460608803,-7.5421357748171385,2.347011474057581e-13,7.209393378578474e-13,True
HSD17B12,-0.13235674002583764,-2.0157221825150553,0.04438802603257175,0.05376505487583533,False
HSD17B4,-0.19792631180524278,-3.9120596522300732,0.00010477538707132084,0.00016398202223838923,False
HSD17B7,-0.1818197446980827,-7.059168082013047,5.928590951498336e-12,1.632204569080051e-11,False
HSD17B8,0.0576340633461494,1.2819781809908748,0.20047164190385902,0.2253129908372087,False
HSD3B7,-0.038844718000239364,-0.7342247945290972,0.4631716952443672,0.4935499313154362,False
HSDL1,-0.18605259973243538,-5.174502872492573,3.3695074574957573e-07,6.479692220850355e-07,False
HSDL2,-0.4239795350631459,-6.132347014997354,1.8155181802370635e-09,4.16509737465659e-09,True
HSF1,0.19447151707619525,5.324196195459141,1.562999998316883e-07,3.089788395505779e-07,False
HSF2,-0.0881713075823729,-3.025600423958245,0.0026151184436091768,0.0036032953770256107,False
HSF4,0.3796730024462276,12.383806589135746,0.0,0.0,True
HSH2D,-0.4778287620434569,-6.893548579079445,1.7272405727908335e-11,4.606641388742212e-11,True
HSN2,-0.22060991449155098,-6.669053276003206,7.129052903565025e-11,1.817608685174093e-10,False
HSP90AA1,0.15773744913499765,1.9230712475721938,0.05506476443265074,0.06609263535476752,False
HSP90AA4P,0.17248233509833355,2.3249363501159808,0.020493189800569578,0.025742753905426494,False
HSP90AB1,0.41114931297666324,4.769283733280847,2.4588086360299855e-06,4.408937839107939e-06,True
HSP90B1,-0.29546183342459464,-3.3406686157196317,0.0009012004695272413,0.0012976160260605367,False
HSPA13,0.016448780128621276,0.2749216812267965,0.7834951805878787,0.80287171828056,False
HSPA14,-0.06502343525291465,-2.443378403758702,0.014911175443203861,0.019004406940724194,False
HSPA1A,-0.32456548740388946,-4.592115595504513,5.617827111059626e-06,9.807782736025436e-06,True
HSPA1B,-0.43671895180075815,-4.347013133251887,1.687218501134069e-05,2.8228133499728892e-05,True
HSPA1L,-0.3571744964700452,-7.194224597385959,2.4431567879901195e-12,6.936830919610103e-12,True
HSPA4,-0.3768402493538696,-9.478043328654728,0.0,0.0,True
HSPA5,-0.2509610207707338,-4.023985964882373,6.65083896818075e-05,0.00010574329064799732,False
HSPA6,-0.6886048967133549,-8.306224126211722,1.1102230246251565e-15,4.157561450148628e-15,True
HSPA8,-0.06678306443255089,-0.8091873835708531,0.4188099060121431,0.44956400217630005,False
HSPA9,-0.29444531891016856,-5.200682578740927,2.949794679629747e-07,5.699209143685853e-07,False
HSPB1,0.4833832200783341,4.532941376159,7.360098576381091e-06,1.2706980740607581e-05,True
HSPB11,-0.09161526253198371,-2.103311355685849,0.03596052768090785,0.043968720768111404,False
HSPB2,0.41103085648572213,11.856637511584857,0.0,0.0,True
HSPB7,0.2048508291253497,9.78534355849578,0.0,0.0,False
HSPBAP1,-0.41174271988319733,-6.908205393129349,1.5725420965395642e-11,4.203785660255103e-11,True
HSPBP1,0.055720909323497825,2.3924561276689005,0.01712117152936088,0.021679539941377154,False
HSPC159,0.08404977158431759,1.2995296497108133,0.19438852133668227,0.21881768565203197,False
HSPD1,-0.03479169954016026,-0.3821074359505359,0.702551473691098,0.7265185766628744,False
HSPE1,0.06404766058488365,1.0221312825750972,0.30723571228368973,0.33650738516647544,False
HSPG2,0.25617689050216175,8.599651250473013,2.220446049250313e-16,8.732440437457957e-16,False
HSPH1,0.2620754197824544,2.440188990423973,0.015041805042990797,0.01916877445405587,False
HTATIP2,-0.41099997662227405,-7.324748312683021,1.0245138071240945e-12,2.9945126983665173e-12,True
HTATSF1,-0.23703927360767585,-3.2782587351292727,0.0011206025628591743,0.0015991353966272085,False
HTR3D,0.19877084371463205,5.981203908318748,4.3428813878421124e-09,9.693015056491628e-09,False
HTR7,0.2138315603908394,8.22394834303569,1.7763568394002505e-15,6.487588596401866e-15,False
HTRA1,0.004608763226104706,0.1261465434936499,0.8996689590823985,0.9102579481484541,False
HTRA2,-0.03621011443802313,-1.0527152916716893,0.29300328373493967,0.3219905385749638,False
HTRA3,0.12137466187308954,2.661197450052852,0.008048326533336203,0.010577144704791755,False
HTT,0.04603549597356116,1.5993673714822312,0.11039963525257224,0.1280271215619027,False
HUS1,-0.3306577370379218,-10.615964305994874,0.0,0.0,True
HUWE1,-0.2819602973793778,-5.0674636455131115,5.771145972222058e-07,1.0876608385802665e-06,False
HVCN1,-0.39269651537961714,-3.892837879282774,0.00011315855993809798,0.00017659848962565377,True
HYAL1,0.27938204631084584,9.319072304626681,0.0,0.0,False
HYAL2,-0.09679767232968661,-2.1937377789811126,0.02873494903341789,0.03553767209748128,False
HYI,0.050213353810410144,1.3383939301857006,0.1814042258402122,0.20490245905603102,False
HYLS1,-0.16357265153645928,-3.7948163046138323,0.00016672811270290744,0.00025617462054485673,False
HYOU1,0.06646479068939426,2.4080232648722033,0.016416801226404543,0.020847220077935612,False
IAH1,-0.23091365446893342,-4.297452126469502,2.0944479736106913e-05,3.4778645247256096e-05,False
IARS,-0.02696373788818729,-0.3168185373151488,0.7515195977566504,0.7727175083958633,False
IARS2,-0.42033147072004606,-6.206305515245864,1.1772707253498993e-09,2.7384857603605596e-09,True
IBTK,-0.1588757702654564,-3.458682045174089,0.0005913723748665056,0.0008676625125572893,False
ICA1,0.3728315659760719,10.22574991757796,0.0,0.0,True
ICAM1,-0.47152131562022914,-7.185400165486819,2.589928271845565e-12,7.348124079652478e-12,True
ICAM2,0.017483712160541565,0.2609629263440288,0.7942334735933048,0.8130076763815229,False
ICAM3,-0.1727410621030243,-6.492781510234245,2.114255437390966e-10,5.201646386865984e-10,False
ICAM4,0.7474311275228698,13.310615010002058,0.0,0.0,True
ICK,-0.16560367120666353,-4.812380237251943,2.0031775174178534e-06,3.6195453840213733e-06,False
ICMT,-0.1367438819372646,-4.104458162424733,4.7652462379810245e-05,7.66846485265485e-05,False
ICOS,0.018862404767989727,0.714159616467693,0.4754770189142823,0.5061005156970632,False
ICOSLG,0.26242205010090913,7.701940325480871,7.771561172376096e-14,2.4784222908250347e-13,False
ICT1,-0.26500791963225945,-5.632349221190916,3.03777270005412e-08,6.355267659266874e-08,False
ID1,0.17978299092321626,5.030467122638218,6.935688050546673e-07,1.2982156427404473e-06,False
ID2,-0.14462587019841067,-1.7261895050828535,0.0849594040941608,0.09990275375261722,False
ID3,0.0809566950388465,1.8805693353481794,0.0606381812973813,0.07250272061080913,False
IDE,-0.16090200151308753,-4.461261681160692,1.0169070755461362e-05,1.7345998227774238e-05,False
IDH1,-0.41228534305820386,-5.398260179423756,1.0616732293300402e-07,2.126115077999432e-07,True
IDH2,-0.27995112519103627,-5.5493816683363875,4.7570250849560125e-08,9.788526608361612e-08,False
IDH3A,-0.23035764461647457,-5.948709677911156,5.226484578457757e-09,1.1586581189233045e-08,False
IDH3B,-0.4295733436995315,-10.723585897144538,0.0,0.0,True
IDH3G,-0.09143081666406783,-2.462160569532316,0.01416205571005369,0.01807965418642452,False
IDI1,-0.21397677812241245,-1.366828614453161,0.17232144020256168,0.19525582035149597,False
IDO1,-0.19187877403857723,-1.3534053641488952,0.17656573313948143,0.1998094783410636,False
IDS,-0.4464909466711555,-7.618124949233973,1.3922196728799463e-13,4.3649914022602345e-13,True
IER2,-0.5417422374493279,-13.010938163695847,0.0,0.0,True
IER3,-0.3934022132152437,-4.937522757110995,1.09517402036019e-06,2.016836057638534e-06,True
IER3IP1,-0.0538158840724936,-0.9310162759981232,0.3523150465471572,0.3823911260884485,False
IER5,-0.22140618961388725,-3.552560942548728,0.00041934086910488944,0.0006228739485775914,False
IER5L,-0.23915552734846335,-5.181003584259359,3.2601901667206334e-07,6.277855321038946e-07,False
IFFO1,-0.3394701875081205,-10.199028408336943,0.0,0.0,True
IFFO2,-0.14174655359654142,-3.938575357604264,9.417168030867451e-05,0.00014782823459738643,False
IFI16,-0.7038957578274161,-10.614604425903229,0.0,0.0,True
IFI27,1.8160839463426335,7.356614703506293,8.271161533457416e-13,2.4367138031686953e-12,True
IFI27L1,0.2943377815431192,5.150188085316401,3.8107327715586337e-07,7.3013690611417e-07,False
IFI27L2,-0.058206706231813676,-1.1431593981661858,0.25354454875784915,0.28125767114230205,False
IFI30,-0.5093020696026986,-13.301699332376764,0.0,0.0,True
IFI35,-0.7785725942255812,-7.729508051001001,6.417089082333405e-14,2.0544316047637159e-13,True
IFI44,-0.5370804204230519,-2.7473990593802555,0.006233910594613423,0.0082747656302549,True
IFI44L,-0.5016965389647834,-2.701426602003041,0.007149561138842353,0.0094368963857368,True
IFI6,-0.6514953872022957,-3.2326530828675892,0.0013112060848849971,0.0018596137517594535,True
IFIH1,-0.7145314220279886,-4.232756594117596,2.7687326543235358e-05,4.550946267858563e-05,True
IFIT1,-0.44888261264926665,-1.7672669169344293,0.0778214626326803,0.09185627913370678,False
IFIT1B,3.4353529122352207,24.81768175673149,0.0,0.0,True
IFIT2,-0.7749305878992763,-3.9947870649854544,7.495807089630269e-05,0.00011866987612074088,True
IFIT3,-0.6981987484965257,-3.0060564989482152,0.0027858196596686202,0.0038265986954117382,True
IFIT5,-0.3639513839066999,-2.8222588995538347,0.004967389544641598,0.0066549616381398665,True
IFITM1,-0.38514144905009395,-11.379824144058983,0.0,0.0,True
IFITM2,-0.3846072154174287,-11.3879288328602,0.0,0.0,True
IFITM3,-0.5869076598542922,-5.467901146627886,7.350330499811264e-08,1.4948527017536363e-07,True
IFNAR1,-0.5895560850823012,-9.759110812856795,0.0,0.0,True
IFNAR2,-0.4661963080060314,-14.447986396175299,0.0,0.0,True
IFNGR1,-0.3612046829575899,-4.677153251220558,3.790955501514759e-06,6.716089883412567e-06,True
IFNGR2,-0.3259994857884436,-8.238822489158173,1.7763568394002505e-15,6.487588596401866e-15,True
IFRD1,-0.0840779524320352,-1.131132301905897,0.258566514924365,0.2863872774436308,False
IFRD2,0.9133905270349318,19.556028568283068,0.0,0.0,True
IFT122,0.21560334320205676,6.789028924080853,3.357292222005981e-11,8.769308187139886e-11,False
IFT172,0.11230874313201955,4.070339070055603,5.492476601753893e-05,8.794528492577578e-05,False
IFT20,0.1747567282270337,4.0524540726246965,5.914655131689095e-05,9.441645296830196e-05,False
IFT27,-0.3368624724465974,-6.955359218394506,1.1615597372838238e-11,3.132024020077801e-11,True
IFT52,0.5113766516630971,12.552973728571372,0.0,0.0,True
IFT57,-0.29458139394685956,-3.559876899253655,0.00040812517543287186,0.0006066056639756453,False
IFT74,-0.07744880233715401,-2.952541001709135,0.0033068004582181842,0.004509949618543128,False
IFT88,-0.1521862833882408,-5.158679548877097,3.650637065977236e-07,7.001613114051245e-07,False
IGBP1,-0.2470406481335674,-8.125917974782256,3.774758283725532e-15,1.3407783123723221e-14,False
IGF1R,-0.5459382395912682,-9.577140983884519,0.0,0.0,True
IGF2,0.7924302747038108,9.852514247749545,0.0,0.0,True
IGF2AS,0.324028069379509,11.083653417516063,0.0,0.0,True
IGF2BP2,2.0522324305786617,19.44588738404596,0.0,0.0,True
IGF2BP3,-0.20246983614411418,-2.473410489328486,0.013729484075141185,0.017554659458491655,False
IGF2R,-0.7395578034672381,-9.73798614469748,0.0,0.0,True
IGFALS,0.07323097095836628,2.7329668590424383,0.006509260399725658,0.008617937111449057,False
IGFBP2,0.11678864612383233,1.981570915595408,0.048099664073809834,0.05805323035060933,False
IGFBP4,0.1696837632898438,5.553081013405528,4.663384745029475e-08,9.59755741968814e-08,False
IGFBP5,0.19528686836228282,6.495964890213106,2.0735768657687004e-10,5.104836913184368e-10,False
IGFBP7,-0.2857008571255335,-5.130054657369431,4.217954683305436e-07,8.042810792417699e-07,False
IGH@,0.0544316961656639,0.3026926524104164,0.7622557559514771,0.7826996095034826,False
IGHA1,0.13528972668437245,0.9529913644302196,0.3410760289775172,0.3711018020017022,False
IGHG1,0.2631617060319904,2.8281225380597936,0.004878797707318139,0.006541598276172464,False
IGHG3,-0.09770319479108736,-0.4606413147096869,0.6452654305397729,0.6721052983441219,False
IGHM,-0.04457396036283434,-0.340107863531549,0.733924683424156,0.7559083001039747,False
IGHMBP2,-0.23567700707824635,-5.147980154730456,3.853461298941596e-07,7.375875822949193e-07,False
IGJ,0.23860405120288597,1.2673886782437034,0.20563334001987732,0.23075406173297291,False
IGK@,-0.013131389244350089,-0.12245127561899206,0.9025930892339917,0.9128156097354126,False
IGKC,-0.07424316623718408,-0.8321463804898567,0.405741801334472,0.4362680677281605,False
IGL@,0.06512470181695962,0.8486462474940171,0.3965028885025481,0.42693183517113964,False
IGLJ3,-0.08051175601411842,-1.0712260511679252,0.2846082958797227,0.3132431645555633,False
IGLL5,0.17605231366192964,3.764621853490194,0.0001875575656054007,0.00028706824318477426,False
IGLV1-44,-0.0061303651111468405,-0.07275173765985678,0.9420341041950908,0.9480421847128473,False
IGLV8-61,0.40497545565679927,7.892637166849447,2.042810365310288e-14,6.814692324937506e-14,True
IGSF6,-0.4908184778392606,-9.640458628942898,0.0,0.0,True
IGSF9B,0.32250233864841515,9.811825892731287,0.0,0.0,True
IK,-0.2165527379527754,-7.258246160540951,1.5976109324356003e-12,4.601870550319e-12,False
IKBIP,-0.23267184506618044,-4.624991052091876,4.828819498703396e-06,8.479974472162945e-06,False
IKBKAP,-0.22875994874751093,-5.339305966211591,1.4449330199006738e-07,2.8632691306099884e-07,False
IKBKB,-0.2869443264573035,-11.554291639971947,0.0,0.0,False
IKBKE,-0.11671042743845517,-3.6959627305082616,0.0002444095947664593,0.00036980876423418424,False
IKBKG,-0.08248301472818964,-3.309287931138973,0.0010059744984047825,0.0014410919347251198,False
IKZF1,-0.25885409305008356,-8.242154136700844,1.5543122344752192e-15,5.7274864455918265e-15,False
IKZF2,-0.0665982290523095,-1.7974709028280458,0.07289182608146438,0.08622314075091274,False
IKZF3,-0.103709533017728,-2.171504337614526,0.030384122291848392,0.03745662507275274,False
IKZF4,-0.025225832768207557,-0.7476124433024174,0.45506152903894836,0.4857616303400655,False
IKZF5,-0.09389970877202813,-1.7154372606005426,0.0869130345952811,0.10205415346616137,False
IL10,0.049006978469674944,1.2167607267371723,0.2242956161844445,0.25042711801771783,False
IL10RA,-0.3947745716565354,-7.316320402498097,1.0840217612440028e-12,3.1660361733695914e-12,True
IL10RB,-0.5693771954424278,-14.229899338353809,0.0,0.0,True
IL11,0.2507328346964459,8.72258355706534,0.0,0.0,False
IL11RA,-0.018549731241354284,-0.5198327412812285,0.603420766882619,0.632006166004809,False
IL12RB1,-0.058717839079545975,-2.205048890525371,0.027926027334539638,0.03457808329211674,False
IL13RA1,-0.5958505824713836,-7.735766406573828,6.150635556423367e-14,1.971866712341797e-13,True
IL15,-0.3740337339439783,-5.5576596600936305,4.549966781119963e-08,9.375861780272067e-08,True
IL15RA,-0.22068648836274063,-4.541934759960365,7.065389040494807e-06,1.2223823424070244e-05,False
IL16,-0.317255114980898,-7.7412144366766675,5.906386491005833e-14,1.8983165733788e-13,True
IL17RA,-0.7505503287270763,-15.66673898492755,0.0,0.0,True
IL17RC,0.5828254120164509,12.794670430799973,0.0,0.0,True
IL17RE,0.3879881071380886,10.962017685857656,0.0,0.0,True
IL18,-0.21096891993849898,-3.737412139065238,0.00020840786879983142,0.0003176303573306772,False
IL18BP,-0.09509019236636496,-2.873559576352867,0.004239452647949671,0.0057229878180865175,False
IL18R1,-0.4289959563008683,-3.439619041053949,0.000633535453414602,0.0009270445741721039,True
IL18RAP,-0.3668530260399425,-4.095255667100721,4.9518191141517676e-05,7.954260824977577e-05,True
IL1B,-0.46905819917889247,-3.840912587557339,0.0001390913268752847,0.00021537746932066197,True
IL1F5,0.24862864881992852,8.104309307476495,4.440892098500626e-15,1.5648405042101167e-14,False
IL1R1,-0.46112968086568706,-4.937282025479661,1.0964604655328003e-06,2.018882369321024e-06,True
IL1R2,-0.2273240778151866,-1.7827541008407561,0.07526078293204064,0.08893274664384776,False
IL1RAP,-0.3163147237393442,-3.033852184151752,0.0025459692818654567,0.0035122179829710416,True
IL1RL1,0.010856492764736547,0.29134350188633334,0.7709149846015049,0.7908950576794385,False
IL1RN,-0.5408164123383621,-6.170184450575967,1.4554009108991295e-09,3.3616930203824085e-09,True
IL20RB,0.26435656374303607,7.79293144219003,4.107825191113079e-14,1.3366677507466543e-13,False
IL21R,0.017994077385741658,0.4936996578711022,0.6217450405285554,0.6496626561908952,False
IL23A,-0.11101878479918081,-1.209850777415972,0.22693405451006865,0.25315256380994394,False
IL27RA,-0.24305429634099607,-4.136778410136182,4.161564244609117e-05,6.731787464352256e-05,False
IL28RA,-0.10585441944609641,-2.6375715909146757,0.008622268491190077,0.011295338422610997,False
IL2RA,0.18191680973572222,5.467830264492845,7.353096331819131e-08,1.4951512205864884e-07,False
IL2RB,-0.24576279559143277,-2.1601267086995812,0.031259172121658185,0.038469487571515026,False
IL2RG,-0.6299504419497826,-11.461724271120413,0.0,0.0,True
IL31RA,0.0031564899213276654,0.11194035222081822,0.910917685217884,0.9205071336103873,False
IL32,-0.23905236927414641,-2.8200723207302194,0.0050007976915091845,0.006698161466103987,False
IL34,0.2456940259560083,8.944636603234212,0.0,0.0,False
IL3RA,-0.06553977463612304,-0.6942318697101577,0.487874022318032,0.5176227217382597,False
IL4I1,0.14127746689455112,4.51015627956769,8.160480486241184e-06,1.4021565441678431e-05,False
IL4R,-0.4938930120990044,-7.706352356527807,7.549516567451064e-14,2.408276968719712e-13,True
IL6R,-0.6450372516923029,-10.970427251567163,0.0,0.0,True
IL6ST,-0.24495065688255302,-5.307966981953767,1.700232481471886e-07,3.3523574327189445e-07,False
IL7R,-0.20364870429920234,-1.590858677236737,0.11230239532467667,0.1301027146479886,False
IL8,0.12852852033080087,1.3444837641107945,0.17942957961721517,0.20289087342796716,False
IL9R,0.31609768876783706,11.244687273722525,0.0,0.0,True
ILF2,-0.3172712088973668,-6.484689754858172,2.221207662245206e-10,5.451969116003095e-10,True
ILF3,0.11324897993704841,3.424028051580772,0.0006700872279625791,0.000979037896867193,False
ILK,-0.22019567558289754,-4.319306216572059,1.9044789236533077e-05,3.1738560071704936e-05,False
ILKAP,-0.31817877007717676,-6.880229920097051,1.8807178037150152e-11,4.99745983413916e-11,True
IMMT,-0.45069639109836235,-9.310722104677941,0.0,0.0,True
IMP3,-0.2244775258644438,-3.382004102009976,0.0007786381207675053,0.0011303254584903457,False
IMP4,-0.04820802619526532,-0.9014086564810248,0.3678249687821675,0.39791283014667433,False
IMPA1,-0.10378465275052307,-1.4662310522188489,0.14324278931209578,0.16375681719789908,False
IMPA2,-0.4044295409859817,-5.97056469482156,4.614790327650553e-09,1.0272032808542362e-08,True
IMPAD1,-0.05263041361767984,-2.2411904406704033,0.02547194344908177,0.03164146625579348,False
IMPDH1,-0.3786951938338783,-9.300939252313986,0.0,0.0,True
IMPDH2,-0.2951569602801918,-3.811535507833541,0.00015615390500389736,0.00024069809069180969,False
INADL,-0.03903000110898036,-1.9997783324373213,0.046089528788804346,0.05573223620808705,False
INCA1,0.14088657904776847,4.548730394015194,6.850243622125163e-06,1.1865858087708233e-05,False
INF2,0.27384969265881764,9.829247798633356,0.0,0.0,False
ING1,-0.12045042991897592,-3.603873823667076,0.00034638821770660577,0.0005174485643577217,False
ING2,0.03995761587859192,0.607557120742936,0.5437697237287891,0.572967750423703,False
ING3,-0.23896396006456433,-8.106271755495088,4.440892098500626e-15,1.5648405042101167e-14,False
ING4,0.001014514228757868,0.041385469530162124,0.9670058746187071,0.9701711157076155,False
ING5,0.031130034800890716,1.215256309278064,0.22486816920620423,0.2509938411905297,False
INHBA,0.01862763014786939,0.23743041095082984,0.8124246145597818,0.8302270346978465,False
INHBB,-0.10276133771967455,-1.1935405764482763,0.233249671395253,0.25989581783729143,False
INO80,0.06229779646035327,2.4757611238396846,0.013640592307081034,0.017444874296132614,False
INO80B,-0.02833965228294444,-1.1603783735222293,0.24647392244877753,0.27380973215232596,False
INO80C,-0.016376535283840532,-0.4060617691937918,0.6848789056762206,0.7099001272819566,False
INO80D,-0.24085185321412972,-4.303064382583952,2.04400504162372e-05,3.3975316124767144e-05,False
INO80E,-0.24543079500818754,-8.138306785832167,3.552713678800501e-15,1.2658122136128355e-14,False
INPP1,-0.2379762183913634,-3.71891098864794,0.00022381196944532,0.00034025208869481867,False
INPP4A,-0.5113569845298738,-9.88715054720791,0.0,0.0,True
INPP4B,-0.015750552247743688,-0.48974835512807435,0.6245366325228074,0.6521654854528347,False
INPP5A,-0.21644195066589234,-3.6186412674755077,0.00032771154064148433,0.0004903753230253648,False
INPP5B,-0.03664442850628813,-1.4102768876961207,0.15910823187536738,0.18101409609603525,False
INPP5D,-0.11103839033673868,-4.7549740543302494,2.6310539966711843e-06,4.706073134729095e-06,False
INPP5F,-0.05822813583610609,-1.595050620851399,0.1113617532044302,0.12907788641193715,False
INPP5J,0.18764285953838122,8.714135734077074,0.0,0.0,False
INPP5K,0.6038937507592586,14.053604801035403,0.0,0.0,True
INPPL1,-0.24770255830293486,-8.180889509002286,2.6645352591003757e-15,9.591494265492883e-15,False
INSC,-0.05710457818583459,-1.563931367401066,0.11849536571327146,0.13691926147569203,False
INSIG1,-0.2137511811066206,-3.545035261463296,0.0004311788971331776,0.0006398801489406174,False
INSIG2,-0.11505358514953556,-1.454329250305665,0.1465112486508111,0.16730462475347657,False
INSL3,0.10250135644393543,2.361901959895802,0.0185813635789962,0.02343062146321371,False
INSR,-0.16809167915669487,-4.240246405457881,2.681188389308531e-05,4.413978713226378e-05,False
INTS1,-0.017219149320976346,-0.43332243686489935,0.6649759866207097,0.6910734743670115,False
INTS10,-0.48985046559081,-11.512877787796722,0.0,0.0,True
INTS12,-0.47883403890551035,-9.650598820019116,0.0,0.0,True
INTS2,-0.13874944169498304,-2.8787331681909363,0.004171710649393701,0.005633521098518879,False
INTS3,-0.2008270932493299,-7.3373437181567445,9.414691248821327e-13,2.7594867301570706e-12,False
INTS4,-0.5772150667122506,-13.285392188105664,0.0,0.0,True
INTS5,0.1456138151257309,4.51535694601137,7.97075660963209e-06,1.3707844936750082e-05,False
INTS6,-0.34576690405644417,-7.414554314229666,5.595524044110789e-13,1.6685177702332947e-12,True
INTS7,-0.17273961381433933,-6.201526603307393,1.2108409830347e-09,2.814869280237479e-09,False
INTS8,-0.36020268157761226,-9.058302581757706,0.0,0.0,True
INTS9,-0.20435663474374843,-8.776964485198313,0.0,0.0,False
IP6K1,-0.1466180907617094,-3.9891252238359463,7.671027847688805e-05,0.0001213105021657432,False
IP6K2,-0.2511146469439556,-7.661057658927769,1.0347278589506459e-13,3.2699671350486944e-13,False
IPCEF1,-0.32579807446358355,-8.123002332699487,3.9968028886505635e-15,1.4152835067434934e-14,True
IPO11,-0.2608795338601757,-2.9926264994319234,0.0029089743902865894,0.003986731231613471,False
IPO5,-0.09477850636707474,-1.8993433790373746,0.05812097915779235,0.06965205565112464,False
IPO7,-0.2540903504517793,-5.2951299756466295,1.816990675695962e-07,3.569830392860615e-07,False
IPO8,-0.3407789847408087,-6.8347754761413615,2.5123680913452517e-11,6.614849838675646e-11,True
IPO9,-0.1837089492081252,-4.127121427901872,4.333857282046161e-05,6.999677794712526e-05,False
IPP,-0.26545632130394736,-8.367146479328104,6.661338147750939e-16,2.5382717209375807e-15,False
IPPK,0.019883553158217993,0.7132520213696782,0.4760378384507282,0.5066038304798539,False
IQCB1,0.04042408357776672,0.8943684829939811,0.3715748089480375,0.40174302837173304,False
IQCE,-0.45743926089553355,-8.474225639422823,2.220446049250313e-16,8.732440437457957e-16,True
IQGAP1,-0.5937277485317214,-11.346993758981204,0.0,0.0,True
IQGAP2,-0.3731760557361241,-5.413251100394427,9.812056078750686e-08,1.972170196669502e-07,True
IQSEC1,-0.4954556494840512,-12.029753077373757,0.0,0.0,True
IQSEC2,0.3593544623851641,8.718543954333132,0.0,0.0,True
IRAK1,-0.26978825515404736,-6.24081834746972,9.604326223211501e-10,2.246795974109937e-09,False
IRAK2,-0.24069398887601512,-3.352536652125008,0.0008642904900650894,0.001247432922573583,False
IRAK3,-0.49570778911346736,-5.498995117159313,6.229666005275192e-08,1.2721750189462467e-07,True
IRAK4,-0.4148223224861294,-8.238465541212763,1.7763568394002505e-15,6.487588596401866e-15,True
IREB2,-0.3317672846054647,-6.590753585842397,1.1587397708012759e-10,2.902266453546401e-10,True
IRF1,-0.6603477524791641,-7.781484851756181,4.463096558993129e-14,1.4481805426208975e-13,True
IRF2,-0.4694178156296598,-9.815064794873766,0.0,0.0,True
IRF2BP1,0.07109575483324626,2.5794337898468926,0.010193840178949642,0.013238201242538999,False
IRF2BP2,0.12032955646421595,1.8657824349747714,0.0626840176125889,0.07474712203720617,False
IRF3,0.10498444933912321,4.503604392607234,8.405667323074795e-06,1.4423489035378901e-05,False
IRF4,-0.08373875429342315,-0.8692634854675454,0.3851392321074285,0.41539502009789037,False
IRF5,0.1354330434300497,4.376647898177789,1.4811331460640176e-05,2.4903185972137526e-05,False
IRF7,-0.75870616274943,-7.157808330873563,3.106848112111038e-12,8.752209196235521e-12,True
IRF8,-0.21840876799489894,-3.4725930797224853,0.0005622741609199178,0.0008265487569725029,False
IRF9,-0.5758736994503568,-8.675114526469137,0.0,0.0,True
IRGQ,0.0014498345183833194,0.03703438726768262,0.9704730464023539,0.9730071391338424,False
IRS2,-0.4187753997184318,-4.8555132137378365,1.6291807911628098e-06,2.9651656712599786e-06,True
IRX5,1.5025809090110913,13.136509591533303,0.0,0.0,True
ISCA1,2.177801105177511,26.53586060501935,0.0,0.0,True
ISCA2,-0.41395326561813306,-8.032285437843262,7.549516567451064e-15,2.617786915727538e-14,True
ISCU,0.585697972767214,21.313463220310084,0.0,0.0,True
ISG15,-0.20198335055709116,-1.0541813069462511,0.29233239985195336,0.32128393415653567,False
ISG20,-0.20742906017878315,-2.21135170202547,0.027483879298398683,0.034056239849209816,False
ISG20L2,-0.6833332395691851,-16.77030419502953,0.0,0.0,True
ISL2,-0.1506466086607281,-4.6249697908382466,4.829293561714465e-06,8.479974472162945e-06,False
ISLR,0.4883194372006816,12.974210782236538,0.0,0.0,True
ISM2,0.37402722133456745,13.952893259153825,0.0,0.0,True
ISOC1,-0.06551477886038315,-0.9502682923652812,0.34245609145351086,0.37242746577161934,False
ISOC2,0.16642587940601272,4.132182983039056,4.24272334549336e-05,6.857293421739583e-05,False
ISY1,-0.3036051688496624,-11.028848549974327,0.0,0.0,True
ITCH,-0.4109806318171767,-12.61053855765603,0.0,0.0,True
ITFG1,-0.4366221811554878,-7.010727568165802,8.12216960355272e-12,2.2170443522114638e-11,True
ITFG2,-0.06809738116549235,-2.1909703076172615,0.028935921246877605,0.03576318421059905,False
ITFG3,0.11435202067070538,2.85860902706748,0.004440874961097352,0.005985075310270317,False
ITGA10,0.46609128816566203,13.319585134854812,0.0,0.0,True
ITGA2B,0.28939619299003017,4.350955739885882,1.658299226003912e-05,2.7768496561039485e-05,False
ITGA4,-0.16038582557657222,-2.6131164543922685,0.009254754730567472,0.012078576902493395,False
ITGA5,-0.19428257439304408,-5.500986669862839,6.16384736584763e-08,1.2600063497284623e-07,False
ITGA6,-0.07538332945728143,-1.247035124618621,0.2129952074160093,0.23845775043493161,False
ITGA7,-0.45328655156923015,-3.7517479216350664,0.00019716469665187475,0.0003012122202563588,True
ITGAE,-0.2747204043677627,-4.411103489306943,1.2717684527929762e-05,2.1486052568580833e-05,False
ITGAL,-0.4860249827918297,-10.426668982798688,0.0,0.0,True
ITGAM,-0.47681178538063484,-8.44789231287896,4.440892098500626e-16,1.713723151846858e-15,True
ITGAV,-0.1004773985909746,-2.226667891532933,0.026434602827279274,0.03278425817909453,False
ITGAX,-0.21270423855426301,-5.840841467799618,9.60846091579981e-09,2.0831895593656697e-08,False
ITGB1,0.08768434613599929,1.321981553932247,0.18680648042436787,0.21069459003312382,False
ITGB1BP1,-0.3066235285644634,-5.4602589365038225,7.654426115166757e-08,1.5531325421984476e-07,True
ITGB2,-0.5118709631738927,-10.423328068870843,0.0,0.0,True
ITGB3,0.2321834977896331,3.62100382771346,0.000324812764079363,0.0004863535980021035,False
ITGB3BP,-0.09651598418754448,-2.2470308294839914,0.02509346528077061,0.031204968862052967,False
ITGB4,0.33429906743744375,12.671659430637614,0.0,0.0,True
ITGB5,0.2380995452398702,2.802006130901212,0.005284721027164485,0.00705302995155923,False
ITGB7,-0.18827594183878027,-3.990787651363231,7.619180757445498e-05,0.00012055679003436084,False
ITIH1,0.3609543439020393,11.126159270526268,0.0,0.0,True
ITIH4,-0.019868138280488168,-0.4862984518897074,0.6269784160237251,0.6545372824159226,False
ITIH5,0.231434386788687,7.862010130354497,2.531308496145357e-14,8.383594757647604e-14,False
ITK,-0.16574252201445283,-1.5210826082946345,0.12890021825796372,0.14802129539562198,False
ITLN1,1.0808953735711953,14.715211399431933,0.0,0.0,True
ITM2A,0.1326898211163554,1.3512655116508214,0.1772494938121052,0.20054384826850408,False
ITM2B,-0.28252251956302743,-7.917166539432643,1.709743457922741e-14,5.741846907233836e-14,False
ITM2C,0.13615752740491205,2.834737400322702,0.004780578806123259,0.00641662634208038,False
ITPA,-0.28703565270270026,-5.916959776830031,6.2582794502219485e-09,1.3752216899486193e-08,False
ITPK1,-0.2945446810477339,-4.77979717855534,2.3392332013649764e-06,4.203685997897529e-06,False
ITPKB,-0.24264936888643973,-6.2687243427392945,8.14130318715911e-10,1.9134803389693083e-09,False
ITPKC,-0.6174736546238746,-6.087591061554494,2.3548296645969913e-09,5.3554359144112025e-09,True
ITPR1,-0.17219543522013314,-3.5428179174250305,0.00043472606849248585,0.0006448949881474494,False
ITPR2,-0.37108542910950915,-9.116382943579943,0.0,0.0,True
ITPRIP,-0.5282358401729965,-10.107464713195515,0.0,0.0,True
ITPRIPL2,-0.6564208126151962,-10.205120163048084,0.0,0.0,True
ITSN1,0.4812070399452222,11.584253389043509,0.0,0.0,True
ITSN2,-0.44653181793815655,-8.50482097703008,2.220446049250313e-16,8.732440437457957e-16,True
IVD,0.1656523589536727,4.34751368238495,1.683520399131666e-05,2.817035368622554e-05,False
IVNS1ABP,-0.1952508483626474,-2.7455319947730565,0.006268929575619753,0.008320290330863456,False
IWS1,-0.4900464754791507,-11.022336910709933,0.0,0.0,True
JAG1,-0.2283925674863112,-4.7400475295598685,2.8230825637187706e-06,5.039375182314663e-06,False
JAG2,0.37275564675611417,9.49659791979624,0.0,0.0,True
JAGN1,-0.38551738476777064,-9.099175852280084,0.0,0.0,True
JAK1,-0.45669121998243956,-9.559966180147377,0.0,0.0,True
JAK2,-0.3682979215344071,-4.274589098085677,2.3124972053478743e-05,3.829450159344762e-05,True
JAK3,-0.05717617008824849,-1.9632650718575018,0.05019465555369784,0.06047403381686491,False
JAKMIP1,-0.029810247490262398,-0.6443441825561914,0.5196613026913974,0.5491723436424043,False
JAM3,0.15886490077194182,1.6322825981792062,0.10327842973805579,0.12014383277647592,False
JARID2,-0.46572439903425433,-8.005148690193561,9.103828801926284e-15,3.1387909000116395e-14,True
JAZF1,1.411294607771178,22.013323501870733,0.0,0.0,True
JDP2,-0.3851974996908707,-6.889400509823633,1.7736700996806576e-11,4.722816892792763e-11,True
JHDM1D,-0.15981779276364527,-2.628676684349792,0.008847688668902176,0.011577476516765214,False
JKAMP,-0.4396528200853256,-5.805596493470993,1.1700467039688078e-08,2.52534532190682e-08,True
JMJD1C,-0.5481067390476158,-5.9889012727239175,4.155974453468048e-09,9.29566402514533e-09,True
JMJD4,-0.020342078334707914,-0.6331804589334074,0.5269185747195593,0.5562803649706355,False
JMJD6,-0.3887817616308511,-8.02045237573666,8.215650382226158e-15,2.843632113968243e-14,True
JMJD7-PLA2G4B,-0.12577209347546026,-3.541023839863216,0.00043761610564185816,0.0006490150535455857,False
JMJD8,0.3290884109415013,10.037605617671222,0.0,0.0,True
JMY,0.013604644556589385,0.3013990041862772,0.763241306418251,0.7835109712709949,False
JOSD1,-0.17914411902595706,-3.4517930332763003,0.0006062974160438994,0.0008886550369524974,False
JOSD2,0.17726192623814585,5.596137721567738,3.69708905711974e-08,7.674674508733518e-08,False
JPH2,0.23705836780547562,7.314819821476336,1.0951239914902544e-12,3.1976510159635587e-12,False
JPH3,0.3155227390441233,10.428360082476374,0.0,0.0,True
JPH4,0.18089085996393361,7.2041091646542625,2.2883916983573727e-12,6.5134628053814125e-12,False
JRK,-0.04871295918801799,-1.6469976506439428,0.10021564795143068,0.11675776764969455,False
JTB,0.20130704651425368,6.8946214521517195,1.715427799808822e-11,4.5761956521532695e-11,False
JUN,-0.031274312722120445,-0.7825632425896689,0.4342710827772369,0.46507703630633995,False
JUNB,-0.2616329487463753,-4.888630114976168,1.388694310877625e-06,2.5395094089537013e-06,False
JUND,0.15097230057822442,4.444330450495448,1.0969075360689473e-05,1.8647104350617183e-05,False
JUP,-0.06116063474825273,-1.1727841440151463,0.24146641023906623,0.2686354625790809,False
KAAG1,0.29711992494528827,10.55391575768116,0.0,0.0,False
KANK1,-0.018615479443411242,-0.4485317102809951,0.6539727287294688,0.6802521096473497,False
KANK2,1.6622788424846955,21.41409132307136,0.0,0.0,True
KANK3,0.3000623814984724,9.208445687589663,0.0,0.0,True
KARS,-0.007901580398044672,-0.1418377570159786,0.8872679113309347,0.8992116022013934,False
KAT2A,-0.0072693375245829195,-0.23268010489191931,0.8161093996181727,0.8336967164066807,False
KAT2B,1.0097918262508223,18.775410875067376,0.0,0.0,True
KAT5,-0.3142196200439482,-8.209949369144178,1.9984014443252818e-15,7.261699128448871e-15,True
KATNA1,-0.21801710096969718,-4.647826089396704,4.344664082056582e-06,7.655833801623032e-06,False
KATNB1,0.06214828102894998,2.202643136541477,0.02809640808378755,0.03478157170522824,False
KAZ,-0.2167168890812592,-3.724472590484669,0.00021907216161776155,0.00033331029318121717,False
KAZALD1,0.30554005479475643,12.00362369738528,0.0,0.0,True
KBTBD11,-0.031148011229138906,-0.8657417353118124,0.3870660553327103,0.4173559759784227,False
KBTBD2,-0.2627939986679819,-5.3084198287264295,1.696249445348741e-07,3.3463088475718695e-07,False
KBTBD3,-0.10209153731927367,-3.518586873815677,0.0004753119912397352,0.0007032907934605665,False
KBTBD4,-0.2391985176253164,-7.600413211992857,1.5720758028692217e-13,4.90485947271142e-13,False
KBTBD6,-0.04008564428161332,-0.436723931489522,0.6625087506146459,0.6886397766642846,False
KBTBD7,-0.44765628017901093,-4.174316253709019,3.551775292898185e-05,5.784377152395616e-05,True
KBTBD8,-0.05859051590585951,-1.8005252305225437,0.07240792347485536,0.08568593286489203,False
KCMF1,-0.05547644046950939,-1.9944985885973368,0.04666498319894674,0.05639256624723747,False
KCNA3,-0.08563023820454596,-1.617140519745918,0.10650755825353997,0.12366299400489134,False
KCNA7,0.1915143807876385,6.354846242010931,4.870504000109577e-10,1.167360290829426e-09,False
KCNAB1,0.01764155466273687,0.5560326696597965,0.5784486594894716,0.6072867397611394,False
KCNAB2,-0.3171358257102863,-8.887434976588159,0.0,0.0,True
KCNAB3,0.1222296273982626,2.6249851615598825,0.008942782070709088,0.011692611427071281,False
KCNC4,0.2114304059628198,7.875370233796501,2.3092638912203256e-14,7.665824427367992e-14,False
KCNE1,-0.2922397751483823,-4.690596299034956,3.5604495485230814e-06,6.312577858925254e-06,False
KCNE1L,0.16437258431289825,6.009591741901835,3.691643657433019e-09,8.281215830568831e-09,False
KCNE3,-0.462835420782449,-8.919239871481883,0.0,0.0,True
KCNG2,0.3940861607865034,11.428506310135575,0.0,0.0,True
KCNH2,0.9471548842732656,16.540750776533205,0.0,0.0,True
KCNH3,0.06014918107907663,1.6707539069000117,0.09542477144198758,0.11150313879491326,False
KCNH4,0.16933874988005426,6.508830807411961,1.9168422404902685e-10,4.727061821495912e-10,False
KCNH7,-0.23103343428342482,-5.963822792403135,4.795622787767684e-09,1.0662184692587521e-08,False
KCNIP2,0.3928620166413199,10.993861850810983,0.0,0.0,True
KCNJ11,0.19491974939415835,6.39681803852943,3.784017543750906e-10,9.139882173719163e-10,False
KCNJ12,0.2840771162989477,10.566753204365682,0.0,0.0,False
KCNJ15,-0.6024120234766821,-7.50279283398419,3.070876886113183e-13,9.360526819565429e-13,True
KCNJ2,-0.7109664215118112,-7.988507376064776,1.021405182655144e-14,3.501656636608513e-14,True
KCNK10,0.1968377145119864,6.871183571170056,1.992539466755261e-11,5.283623876048308e-11,False
KCNK13,-0.1593758497597153,-4.52360910926704,7.678365054664127e-06,1.3234638196120915e-05,False
KCNK4,0.43270430024849427,12.400105875783531,0.0,0.0,True
KCNK6,-0.22375687056471705,-6.579732345938005,1.2402834315139444e-10,3.1004394200540636e-10,False
KCNK7,0.1210511971916648,4.382468424003741,1.443590332805833e-05,2.4286135597473917e-05,False
KCNMA1,-0.404605147331877,-3.3709863843239787,0.0008096931387902018,0.0011734845578415115,True
KCNMB1,0.12375718926532642,2.956371744097491,0.003266738931427593,0.004457951161131909,False
KCNMB2,0.30612201449270904,8.637640746328909,0.0,0.0,True
KCNN4,0.0456983300218905,1.0574239223788595,0.29085217987654266,0.3198707523389245,False
KCNQ1,-0.3913104776328922,-6.2726045036155105,7.955984759888679e-10,1.8722163115251828e-09,True
KCNQ2,0.37116052685044965,12.460397863953723,0.0,0.0,True
KCNS2,0.12388615392308511,3.939451359737665,9.383933968210023e-05,0.00014734431927510393,False
KCP,0.36569460306499435,8.95321461269901,0.0,0.0,True
KCTD10,-0.10327371646315697,-3.925718297703,9.91795423304076e-05,0.00015545640877724388,False
KCTD11,-0.1341129670672423,-4.38628029739345,1.4194986520221775e-05,2.389828262590392e-05,False
KCTD12,-0.46883220929048086,-6.398050654787324,3.755995514609367e-10,9.076004265321018e-10,True
KCTD13,0.32398160190479075,9.831447440313895,0.0,0.0,True
KCTD17,0.1512477291996115,4.20610017992669,3.102948605193667e-05,5.0763904251137416e-05,False
KCTD18,-0.33617535097198914,-5.648625647511225,2.7801310142905322e-08,5.833211139091556e-08,True
KCTD2,-0.256158155424679,-7.329103046816028,9.949818746690653e-13,2.9126292793679703e-12,False
KCTD20,-0.16287110740621014,-2.9048197909440656,0.0038449073572259795,0.005206852556770052,False
KCTD21,-0.4783936491232197,-10.931152422579249,0.0,0.0,True
KCTD3,-0.059871426148916385,-1.63420448378612,0.10287422122397749,0.11970988526911776,False
KCTD5,-0.1308828235773949,-2.839199858831921,0.004715336885113386,0.006336440221607687,False
KCTD6,-0.5467816442968942,-7.8031211209448355,3.8413716652030416e-14,1.2527961554777418e-13,True
KCTD7,-0.08493470063636277,-2.1659165348889635,0.030811204714026097,0.03794656977449659,False
KCTD9,0.0600660546004943,0.9408257894254484,0.3472692816002325,0.37723452044069017,False
KDELR1,-0.24478944055105067,-6.959219608926075,1.1330270055509573e-11,3.057951751860702e-11,False
KDELR2,-0.006941898103782762,-0.16217563454378098,0.8712360676881037,0.8842086575946491,False
KDM1A,-0.0203050088406016,-0.4117313079429271,0.680720906684541,0.7058442815824312,False
KDM1B,-0.5253154404347447,-9.871060661836228,0.0,0.0,True
KDM2A,-0.6980622987491039,-16.04737627710886,0.0,0.0,True
KDM2B,0.00017128219692041924,0.006873215059497011,0.9945188781292704,0.9946915826318543,False
KDM3A,-0.19949553723945446,-2.427551620634846,0.015569390953312778,0.019803866430124765,False
KDM3B,-0.5035157169846292,-10.337762882861519,0.0,0.0,True
KDM4A,-0.502526302221443,-15.173942923678531,0.0,0.0,True
KDM4B,-0.5319494174589261,-11.22236478802049,0.0,0.0,True
KDM4C,-0.038318413989847144,-2.41512916093722,0.016103857002003563,0.020458842925562926,False
KDM5A,-0.4773040135936819,-16.96370427084632,0.0,0.0,True
KDM5B,-0.4240303363092228,-10.998476860311106,0.0,0.0,True
KDM5C,-0.1612915143349749,-7.281625759201045,1.3671286325234178e-12,3.9607531987015214e-12,False
KDM5D,-0.09418062708308739,-0.9852218941169096,0.3250134399262219,0.35476450435991186,False
KDM6A,-0.34212436923768585,-4.942924780947325,1.0666864098674012e-06,1.965945720842015e-06,True
KDM6B,-0.278151607507128,-6.928465142485081,1.3808953980287697e-11,3.7026382890813316e-11,False
KDSR,-0.11779112002758829,-4.010335473723139,7.033941759182483e-05,0.00011157253528507714,False
KEAP1,-0.26219048626342634,-6.339489919341874,5.339946262949979e-10,1.2743078724450137e-09,False
KEL,0.9318288598883506,15.685884367649386,0.0,0.0,True
KHDRBS1,-0.46227739527857015,-9.801093764491632,0.0,0.0,True
KHK,0.21563812160520968,8.308809338011914,1.1102230246251565e-15,4.157561450148628e-15,False
KHNYN,0.1303516964717346,4.358802083120728,1.602149628854299e-05,2.6863408405782636e-05,False
KHSRP,-0.16788810174303492,-4.686844669979552,3.623385309348137e-06,6.423172572850291e-06,False
KIAA0020,-0.033873077389878326,-0.8709665520284875,0.3842095621895083,0.4144440661762928,False
KIAA0040,-0.670728051058429,-11.778727790357015,0.0,0.0,True
KIAA0100,-0.41910409958342054,-10.833171736766637,0.0,0.0,True
KIAA0101,0.19025722648077004,2.5304777673266288,0.011710561785884588,0.015097253633083892,False
KIAA0141,0.04521741820014258,1.701074819717593,0.08957920099919847,0.10501351682370925,False
KIAA0146,-0.2833702698564311,-7.126705087208852,3.8118397327480125e-12,1.0662598805615433e-11,False
KIAA0174,-0.4734524546967105,-10.291795159221632,0.0,0.0,True
KIAA0182,-0.08785261770612784,-1.8487721854925296,0.06510794586841917,0.07739715463966156,False
KIAA0195,0.21417316834285272,6.9841180541343375,9.648504217807385e-12,2.6144700090548875e-11,False
KIAA0196,-0.414444144209436,-9.550076691818827,0.0,0.0,True
KIAA0226,-0.5476180852986312,-11.444582291389427,0.0,0.0,True
KIAA0232,-0.34599870291719714,-7.690721082715765,8.415490526658687e-14,2.6771067488699646e-13,True
KIAA0240,-0.5580682573229625,-14.49655757991757,0.0,0.0,True
KIAA0247,-0.6375364413942659,-9.269960408834358,0.0,0.0,True
KIAA0284,0.23329554701039257,7.903586384769984,1.887379141862766e-14,6.314470036339588e-14,False
KIAA0317,-0.07829109910449983,-2.7532325434102844,0.006125632150908222,0.008133850921765051,False
KIAA0319,0.055105013816174164,1.6243028252728169,0.10497028997000202,0.12197647232567874,False
KIAA0319L,-0.6667795491585125,-9.157353242437283,0.0,0.0,True
KIAA0355,0.005354803295072763,0.22369431481547003,0.8230907280932951,0.8397858367499261,False
KIAA0368,-0.6169932534826872,-11.66589784184761,0.0,0.0,True
KIAA0391,-0.3880692327519428,-6.6760768702251125,6.82358614056966e-11,1.7420409741405566e-10,True
KIAA0406,-0.21565449838538076,-6.399992840773698,3.712254947885185e-10,8.972191511684736e-10,False
KIAA0415,-0.02617510749510954,-0.9231547607916395,0.3563922391752852,0.3865614127175244,False
KIAA0430,0.2107277516768482,6.636052095822159,8.753531233196554e-11,2.2160862917624417e-10,False
KIAA0467,-0.2523806865737477,-8.257163499874197,1.5543122344752192e-15,5.7274864455918265e-15,False
KIAA0494,-0.31532125506879805,-9.7240178013334,0.0,0.0,True
KIAA0495,-0.07878033965961473,-2.3557344377080645,0.01888902895276101,0.023802945466234997,False
KIAA0513,-0.30520876750435466,-8.456841050975797,4.440892098500626e-16,1.713723151846858e-15,True
KIAA0528,-0.21505282389569302,-3.832569189607953,0.0001437491119626877,0.0002223208942935284,False
KIAA0556,0.011538348984335478,0.5571692417921564,0.5776725592189713,0.6065272272029287,False
KIAA0562,-0.11366207994854127,-3.991880629657126,7.585274705146361e-05,0.00012003678984555699,False
KIAA0564,-0.13157400086395254,-2.049742494286499,0.040934599602828525,0.04971801484869061,False
KIAA0586,-0.20997943352831605,-7.405296163483547,5.95745675013859e-13,1.7727704547880758e-12,False
KIAA0652,-0.1831767357299361,-6.611757410687969,1.0176326448174677e-10,2.566698146628511e-10,False
KIAA0664,0.16842005955558514,3.829445937841445,0.00014553030167818726,0.00022498504160931943,False
KIAA0748,0.09122700671083317,1.7806751159770426,0.07560046332733794,0.08931710123770314,False
KIAA0753,-0.019293097840407114,-0.5604435247490128,0.5754394910492979,0.6042927794144283,False
KIAA0754,-0.8593493656631952,-10.976867791696153,0.0,0.0,True
KIAA0776,-0.413142332083289,-7.430963540635299,5.007105841059456e-13,1.5012194737939582e-12,True
KIAA0831,0.4918154925021039,11.477699281571196,0.0,0.0,True
KIAA0892,-0.7262965319907488,-14.200916959937574,0.0,0.0,True
KIAA0895L,0.27852807233215504,8.827182671501946,0.0,0.0,False
KIAA0907,-0.23554005819922885,-6.72914861510741,4.895439609242658e-11,1.2643625304678514e-10,False
KIAA0913,-0.4534032413576323,-12.668219924765513,0.0,0.0,True
KIAA0922,-0.36266543069956647,-8.936066814816348,0.0,0.0,True
KIAA0947,-0.4451764480269187,-6.409535792941135,3.5044789292726364e-10,8.484256575513135e-10,True
KIAA1012,-0.5144166347884305,-11.406332346006561,0.0,0.0,True
KIAA1033,-0.35212174764793414,-4.813250941596998,1.994868690902152e-06,3.605097654612784e-06,True
KIAA1109,-0.455529826199065,-7.328724126070595,9.976464099281657e-13,2.919687244909182e-12,True
KIAA1143,-0.3494630312444764,-7.5532024326528795,2.1760371282653068e-13,6.703870468170117e-13,True
KIAA1147,0.05462652616942476,1.5822183520862383,0.11426104322705655,0.13225210580109167,False
KIAA1191,0.5045996830205013,8.275401619233964,1.3322676295501878e-15,4.939295405467851e-15,True
KIAA1267,-0.5748604580844257,-14.169074526352647,0.0,0.0,True
KIAA1279,-0.16011378434396484,-4.62479062654584,4.833290171424309e-06,8.485698747848898e-06,False
KIAA1310,-0.1379460140087767,-3.2175723614602325,0.0013805635996257948,0.0019548509040060885,False
KIAA1324,-0.25529278582977444,-3.5281006046263386,0.00045897152545903985,0.0006797239652561943,False
KIAA1370,-0.2334217315324416,-2.42249967396833,0.015784828265516637,0.02006460348603908,False
KIAA1377,-0.3070123056343985,-5.498985003900144,6.230001980966904e-08,1.2721750189462467e-07,True
KIAA1429,-0.4873036965236004,-14.947004105636676,0.0,0.0,True
KIAA1430,-0.12589182543606325,-2.73294677637346,0.00650965108140622,0.008617937111449057,False
KIAA1432,-0.3331507282000481,-7.391472608874606,6.541434061091422e-13,1.9425310376311445e-12,True
KIAA1467,0.17561226970439314,6.993964988550655,9.053424676608302e-12,2.4590049245425846e-11,False
KIAA1468,-0.20652113389396076,-4.477644625057906,9.448388906152516e-06,1.6159761219000867e-05,False
KIAA1530,-0.6610846837156785,-8.120796343502695,3.9968028886505635e-15,1.4152835067434934e-14,True
KIAA1539,0.32216579829632863,6.1150130467219626,2.0083013030358643e-09,4.590915401799985e-09,True
KIAA1543,0.3531562155540353,9.94147585854932,0.0,0.0,True
KIAA1598,-0.17476375888146212,-3.4766022238355765,0.0005541397592971897,0.0008152153112828005,False
KIAA1632,-0.23503874084530363,-5.575486700706314,4.1333837463852774e-08,8.546481309390058e-08,False
KIAA1671,0.17330622282364017,5.106483613331149,4.7483356335753513e-07,9.021289487572896e-07,False
KIAA1683,0.15483616113627674,4.253926033232823,2.5280662979687563e-05,4.17442598714193e-05,False
KIAA1704,-0.23253054967424225,-4.8094548296596,2.0313386031034497e-06,3.668703256373258e-06,False
KIAA1712,-0.05129986321867097,-1.1384103616011145,0.25551932974982083,0.28325735342009295,False
KIAA1715,-0.210228712912234,-2.8738235587714636,0.0042359720279128155,0.0057189594221199866,False
KIAA1731,-0.2946508560839658,-7.28448292893945,1.3413714583521141e-12,3.891024383973307e-12,False
KIAA1737,-0.09677727438145167,-3.1364898861930706,0.0018152563303739377,0.0025369980186335096,False
KIAA1797,-0.2018508357728357,-5.265499168920929,2.1169534303311366e-07,4.1358864592917846e-07,False
KIAA1826,-0.09864924788290264,-2.8622623001364644,0.0043908685197222574,0.005919065474392122,False
KIAA1841,-0.2827495707359402,-6.80976591902525,2.944400279147885e-11,7.7135653435307e-11,False
KIAA1919,0.0961469148726315,3.3544066022119376,0.000858604767454807,0.0012398481028346399,False
KIAA1949,-0.2765747372924263,-8.702967890140473,0.0,0.0,False
KIAA1958,-0.19426353648620198,-3.4135956455456555,0.0006956334109093909,0.0010148177887873953,False
KIAA1967,-0.41508255817371786,-10.267885288242072,0.0,0.0,True
KIAA2013,-0.5003374829242953,-9.687962819435482,0.0,0.0,True
KIAA2018,-0.6349685957032571,-12.559042109238208,0.0,0.0,True
KIAA2026,-0.3905985511628529,-10.23295962350223,0.0,0.0,True
KIDINS220,-0.41690607703752924,-9.023896710621573,0.0,0.0,True
KIF11,0.03580049246033168,0.36665796435103276,0.7140363888566008,0.7373361867538489,False
KIF13A,-0.1648640919528641,-3.6663678669419397,0.0002736123518576328,0.000412207779368045,False
KIF13B,-0.07827355613136344,-2.3737217992573583,0.018004006533717254,0.022727468631439898,False
KIF1A,0.19153884806039922,7.266528194624987,1.5119017149345382e-12,4.36919113254665e-12,False
KIF1B,-0.4826839742734803,-8.200106755446853,2.220446049250313e-15,8.040653266681659e-15,True
KIF1C,0.006605921430749007,0.19180771475839214,0.8479742685088216,0.8634914779838329,False
KIF20A,-0.04522900640601213,-1.0317788627589277,0.30269740687081326,0.3318206537633135,False
KIF21A,-0.023666530017945497,-0.5801545508062467,0.5620837313979803,0.5909137995777435,False
KIF21B,0.03385560573001278,1.08457141667823,0.2786581581395846,0.3071345635451034,False
KIF22,0.0334445240251946,0.9476092563751064,0.34380715152606367,0.373765521486095,False
KIF2A,0.03991575564942007,0.7939865004581681,0.4275972205026193,0.45822796380776554,False
KIF2C,0.10341030308053867,1.8751759736656417,0.061377853134930715,0.07331102138752249,False
KIF3B,-0.41135973936360326,-12.546245017957917,0.0,0.0,True
KIF3C,-0.21419082022708702,-3.4437978233418103,0.0006240596922486574,0.0009136430598642965,False
KIF5B,-0.1931940804118577,-4.4547890341021,1.0468072101366133e-05,1.78217148293876e-05,False
KIF5C,0.13217668847421615,4.114475789475904,4.5697540211442345e-05,7.363127230320386e-05,False
KIFAP3,0.08563968405696798,3.3538826566902067,0.0008601943441510773,0.0012418321406537486,False
KIFC1,0.009082536716727763,0.22232579119407467,0.8241552232799778,0.8407974507981636,False
KIFC3,0.2248342511825543,7.881009225631172,2.220446049250313e-14,7.383752321395599e-14,False
KILLIN,-0.1395387747786434,-4.436878822142558,1.133995925939324e-05,1.925770171147733e-05,False
KIN,-0.5979386363691379,-8.218191572707251,1.9984014443252818e-15,7.261699128448871e-15,True
KIR2DL1,-0.10978289733069158,-2.630333247480463,0.008805311034278507,0.011523333083828009,False
KIR2DL4,-0.33481136661073263,-4.621509339604215,4.907050177971328e-06,8.60994836253644e-06,True
KIR2DL5A,0.33787916773925897,11.255145918738753,0.0,0.0,True
KIR3DL2,0.19443021127196314,5.444067235025109,8.339638091214852e-08,1.6874107003812377e-07,False
KIRREL3,0.16005144009285255,5.426202913983017,9.164784176007856e-08,1.8478758782327061e-07,False
KISS1R,0.352174569396952,11.672257656988805,0.0,0.0,True
KL,-0.25167015881049615,-2.928686413252961,0.00356653581055677,0.004846970977088654,False
KLC1,-0.30750961970196133,-10.682850658152105,0.0,0.0,True
KLC2,0.1302806351683916,4.367942637643524,1.539030405406372e-05,2.5838931992240194e-05,False
KLC3,1.5878223926241168,17.04619755647754,0.0,0.0,True
KLC4,0.10132438112907227,3.7669672657272035,0.0001858555442313392,0.0002845009985383118,False
KLF1,2.3357668836053422,18.54105736942745,0.0,0.0,True
KLF10,-0.500983045064153,-4.790253436683956,2.225873847239157e-06,4.008103930959489e-06,True
KLF11,-0.27179295030161166,-5.3069273156963535,1.709411265871097e-07,3.368812381791132e-07,False
KLF12,0.1131035504103659,3.93520525688466,9.54606655969581e-05,0.00014977000912712616,False
KLF13,-0.501888701230885,-11.535344750242308,0.0,0.0,True
KLF14,-0.10726975099203129,-2.6924223796676934,0.007342484289980522,0.009683773361150175,False
KLF16,0.04750370169375007,1.8413668865190689,0.06618715678274012,0.07863137984533658,False
KLF2,-0.31434927357403275,-7.166022367059118,2.94320123828129e-12,8.307457746572452e-12,True
KLF3,0.8266326592466822,17.115427875724258,0.0,0.0,True
KLF4,-0.342326258994301,-6.28683791617698,7.310867466969739e-10,1.7246340846206109e-09,True
KLF5,-0.23716284167949242,-4.269323584766565,2.365700807893667e-05,3.913615913561274e-05,False
KLF6,-0.43871278338479947,-12.079850202079545,0.0,0.0,True
KLF7,-0.47792897683491553,-8.309048753893844,1.1102230246251565e-15,4.157561450148628e-15,True
KLF9,-0.3017571364000622,-3.049012498349695,0.0024232819602130196,0.0033517993395405584,True
KLHDC10,-0.07853236679448816,-3.21427554188752,0.0013961712080976518,0.001976465054206323,False
KLHDC2,0.4500139901872764,7.181149195706136,2.6636470806806756e-12,7.546126591825062e-12,True
KLHDC3,-0.016845567854487875,-0.6347564509399446,0.5258909224882113,0.5552972349566144,False
KLHDC4,-0.09187413171079006,-2.1901009002187433,0.02899930716441479,0.03583768042344104,False
KLHDC5,-0.10626901146579959,-2.940171830976751,0.0034392402082101814,0.004679917129001328,False
KLHDC7B,0.08089175266585924,2.309847675701276,0.021321723621057442,0.02672814608672986,False
KLHDC8B,0.3642571023420662,3.60399299478637,0.0003462335803614547,0.0005172846449005962,True
KLHL12,-0.24559695738466036,-5.687814231998036,2.243983798777549e-08,4.744575877040856e-08,False
KLHL15,-0.2110471426671019,-3.413039245199199,0.0006970210693537648,0.0010164559688423873,False
KLHL17,0.24139126623564877,9.658858124580508,0.0,0.0,False
KLHL18,-0.4248663436184934,-11.852923004578537,0.0,0.0,True
KLHL2,-0.33091352998683465,-2.528370864905682,0.011780125076305437,0.0151784408002195,True
KLHL20,-0.1400116016168016,-4.025318770123698,6.614513998903782e-05,0.0001052238458132477,False
KLHL21,-0.47108339873009,-7.684382911767978,8.79296635503124e-14,2.7933309278434873e-13,True
KLHL22,-0.11799335607776529,-4.256366870235394,2.501637274909818e-05,4.132562708975505e-05,False
KLHL24,-0.4125223177336763,-10.120807405717997,0.0,0.0,True
KLHL28,-0.4823265395437284,-10.044097523456118,0.0,0.0,True
KLHL3,-0.02521167679148073,-0.7474847246082855,0.455138519417869,0.4857987958834723,False
KLHL36,-0.11649553615559771,-3.54317751630925,0.00043414895365034845,0.0006441218182764507,False
KLHL5,-0.14541855335857834,-3.4546928386843483,0.0005999726347367673,0.0008797205676594734,False
KLHL6,-0.5723184445785083,-7.034350432193567,6.9677597025474824e-12,1.9100814853318527e-11,True
KLHL7,-0.2943751295983028,-6.63652103013571,8.728084921472146e-11,2.2101299232894622e-10,False
KLHL8,-0.5331965417005815,-8.606739504338927,0.0,0.0,True
KLHL9,-0.27665867834308067,-5.43989303860769,8.525727102082215e-08,1.7232470694663102e-07,False
KLK2,0.37686793099434546,10.887316872824924,0.0,0.0,True
KLK3,0.41227549254023677,10.028874171100016,0.0,0.0,True
KLK5,0.10914156893024662,4.208681792580437,3.068970526287629e-05,5.022229221808097e-05,False
KLK6,0.4078394436122177,10.279716982783626,0.0,0.0,True
KLK8,0.13948153283599662,4.282058126855874,2.238984523850185e-05,3.710915500752558e-05,False
KLRAQ1,-0.49346712009474736,-11.582284136172614,0.0,0.0,True
KLRB1,-0.19847860187228195,-1.8763291710512888,0.06121907125772785,0.07315008220395378,False
KLRC1,-0.230503483662158,-3.0563256662644496,0.002366061073956427,0.003276193954910937,False
KLRC3,-0.12012992948032863,-2.2162841468728334,0.0271421015484703,0.033639968553564596,False
KLRD1,-0.14893878282356754,-1.8495103447356327,0.06500117285074158,0.07728617981706155,False
KLRF1,-0.09016189562804477,-1.3682193042783957,0.171886132948055,0.19480090175409734,False
KLRG1,-0.11529509246003622,-1.2555778464068463,0.20988239235122785,0.23522828075397964,False
KLRG2,0.3298318909300719,9.399273016867923,0.0,0.0,True
KLRK1,-0.17237118760717296,-1.6253098689197676,0.10475556887272175,0.12173924514173545,False
KMO,-0.16597637529855414,-4.07867077208902,5.305733453031536e-05,8.50497406700115e-05,False
KNTC1,-0.10961264863472575,-2.806928401730474,0.005205950542739313,0.0069543481736998895,False
KPNA1,-0.025013199937996333,-0.6111079685631862,0.5414185548868833,0.5706469332731273,False
KPNA2,-0.37350365059675905,-7.899645434621492,1.9317880628477724e-14,6.45554589380432e-14,True
KPNA3,-0.4340515877375557,-9.200742197861706,0.0,0.0,True
KPNA4,-0.08868391856423674,-1.2452581088112433,0.21364689978921803,0.23914086470430496,False
KPNA6,-0.07932304409453295,-2.828350930143356,0.0048753761977999854,0.006537771644057978,False
KPNA7,0.5041935990714572,12.614223157331839,0.0,0.0,True
KPNB1,-0.6660680716502139,-13.405161574114533,0.0,0.0,True
KPRP,0.11754472328846832,4.29347301968826,2.130930100285866e-05,3.536404527473403e-05,False
KPTN,-0.07523175332724197,-1.8056302239444852,0.07160502239492761,0.08479677731748445,False
KRAS,-0.3914528000874915,-8.250905644361357,1.5543122344752192e-15,5.7274864455918265e-15,True
KRCC1,-0.4008752891829426,-7.106170540159017,4.36117808533254e-12,1.2122685898876817e-11,True
KREMEN1,-0.7474627119020063,-7.848687373723366,2.7755575615628914e-14,9.158306374002562e-14,True
KREMEN2,0.30326116170177286,10.09828617021947,0.0,0.0,True
KRI1,-0.20042785370063676,-4.56854605754368,6.258189409802384e-06,1.088614977522103e-05,False
KRIT1,-0.24939094996281863,-7.606084310687539,1.5121237595394632e-13,4.722926677368513e-13,False
KRR1,-0.28194974835372966,-6.002885762630618,3.836294837356036e-09,8.602351612128514e-09,False
KRT1,2.741542746559971,15.631458876853463,0.0,0.0,True
KRT10,-0.2519016855159162,-5.825431924023912,1.0473915290631908e-08,2.2657094879396987e-08,False
KRT14P,0.4920547317936981,14.26365131984082,0.0,0.0,True
KRT17,0.2181697251852568,9.329861963840058,0.0,0.0,False
KRT222,-0.5075893377139113,-11.396002156839629,0.0,0.0,True
KRT23,-0.7092909794780589,-4.554171710596199,6.682520980572093e-06,1.1587529606384154e-05,True
KRT32,0.19209783331584607,6.0720904924975585,2.575877511290514e-09,5.845455684112575e-09,False
KRT33A,0.6258492243553846,12.947711656702618,0.0,0.0,True
KRT4,0.18974913330237575,7.09534444993864,4.681366405634435e-12,1.298450749494415e-11,False
KRT81,0.20987334983566974,6.515358578230388,1.8418222502702974e-10,4.544976542601447e-10,False
KRTAP1-1,0.30550893759855047,10.24780129000188,0.0,0.0,True
KRTAP10-1,0.3434038990306303,9.166476335545147,0.0,0.0,True
KRTAP10-10,0.2898215295392763,10.286729262201428,0.0,0.0,False
KRTAP10-11,0.6833780353332806,12.284415885748057,0.0,0.0,True
KRTAP10-12,0.422187155401188,9.476691152314743,0.0,0.0,True
KRTAP10-3,0.3943941039138297,10.480533667464426,0.0,0.0,True
KRTAP10-5,0.2439050609313167,9.538799288411479,0.0,0.0,False
KRTAP10-8,0.6200392205179464,12.958067175461464,0.0,0.0,True
KRTAP12-1,0.348089371935552,8.943820489655652,0.0,0.0,True
KRTAP12-3,0.31061224831381606,8.197635733789458,2.220446049250313e-15,8.040653266681659e-15,True
KRTAP12-4,0.360056848038949,12.185705069521845,0.0,0.0,True
KRTAP19-1,0.2233354286014979,7.956188191499938,1.2878587085651816e-14,4.3721911181733943e-14,False
KRTAP21-2,0.14885744117269262,4.433227582957241,1.1526044263909796e-05,1.9556415359548822e-05,False
KRTAP23-1,0.16195998777069764,4.662478479908493,4.0589529242129885e-06,7.174267638297355e-06,False
KRTAP5-1,0.24082881059348527,7.9259784994070985,1.5987211554602254e-14,5.3815514289147686e-14,False
KRTAP5-11,0.08657143112044796,3.123728515240147,0.0018941821909457257,0.002643455858675044,False
KRTAP5-2,0.5666224604814767,15.132595521824733,0.0,0.0,True
KRTAP6-1,0.32218699388804595,7.748722600419547,5.617728504603292e-14,1.809580946435272e-13,True
KRTAP9-3,0.26445386556510364,8.911911971442844,0.0,0.0,False
KRTCAP2,-0.36395521464013925,-8.264051525728734,1.3322676295501878e-15,4.939295405467851e-15,True
KTELC1,-0.22334097835447775,-5.181370788056616,3.254118778883708e-07,6.267211873258891e-07,False
KTI12,-0.19679002656912026,-5.110737791621221,4.6480630500056463e-07,8.835154830530535e-07,False
KTN1,-0.15558520222215755,-3.014767417975391,0.0027085132186768224,0.003725297166082187,False
KYNU,-0.20807180623435695,-2.5409420380875494,0.011370452373569151,0.014675209063433396,False
L1CAM,0.3058091232170117,10.878348946418003,0.0,0.0,True
L3MBTL2,0.04382249294231899,1.1338111397694717,0.25744201118689736,0.2852240575994874,False
L3MBTL4,0.11573455325316617,3.6342661037346096,0.0003089822730146796,0.0004636142767820887,False
LACTB,-0.6161691787862287,-7.792748425503988,4.1300296516055823e-14,1.343513458255993e-13,True
LACTB2,-0.23821515974912622,-5.1388486291321795,4.035155167780857e-07,7.710841469420653e-07,False
LAG3,0.06046191448415028,0.969315027006041,0.3328781670829757,0.3626961413761632,False
LAIR1,-0.7412287908813635,-6.4016303905820555,3.6757619170657563e-10,8.887720722644929e-10,True
LAIR2,-0.09002002119254504,-1.8984801599460368,0.058234777689232686,0.06978117176763458,False
LAMA5,0.30667515908925047,11.03293488727591,0.0,0.0,True
LAMB4,0.27093549715863263,11.197014644047288,0.0,0.0,False
LAMC1,-0.20259138534927068,-3.631204243408363,0.0003125713707068378,0.000468755320813965,False
LAMC2,0.3137654931332854,12.012510641636776,0.0,0.0,True
LAMP1,-0.5770162341719054,-13.15615859224946,0.0,0.0,True
LAMP2,-0.4534394345841104,-8.656161470701678,0.0,0.0,True
LAMP3,-0.1968684143897046,-1.7453989891632022,0.08155790614384006,0.09603041202809912,False
LANCL1,-0.051506806936249205,-0.9802358234268801,0.32746551313051087,0.3572379245904304,False
LANCL2,-0.13143663482822499,-4.533525729994586,7.340596670735167e-06,1.267901230322363e-05,False
LAP3,-0.7017822009699142,-5.568120914125626,4.300804512524792e-08,8.878309530425283e-08,True
LAPTM4A,-0.4298895716181157,-9.626394997633476,0.0,0.0,True
LAPTM4B,0.44853964716787553,7.91132137447362,1.7763568394002505e-14,5.956871741790826e-14,True
LAPTM5,-0.5100160349555498,-18.36214846063398,0.0,0.0,True
LARP1,0.12656594122301534,2.7676107529144685,0.005865969142667016,0.007798949509970146,False
LARP4,-0.07710278900154988,-1.9271650793440867,0.05455130614134718,0.06551047700606527,False
LARP4B,-0.3041920845851682,-8.428934308069378,4.440892098500626e-16,1.713723151846858e-15,True
LARP7,-0.3803089036473368,-8.250946017329417,1.5543122344752192e-15,5.7274864455918265e-15,True
LARS,-0.14360044411465278,-2.3823731720630845,0.01759146721549798,0.022233499106355196,False
LASP1,-0.24123816452105107,-10.091901392881084,0.0,0.0,False
LASS2,-0.17150019680224382,-3.861476065055699,0.00012821298823384453,0.00019906798914485176,False
LASS4,-0.12304186478061929,-2.742030511074499,0.0063350833117981065,0.008401315296868798,False
LASS5,-0.3699215673477134,-10.783970898736891,0.0,0.0,True
LASS6,-0.309821957277181,-7.51670238231353,2.793321129956894e-13,8.543883721713611e-13,True
LAT,0.05447362706336811,0.7802047153116656,0.43565649698289244,0.46643063377134847,False
LAT2,-0.4543520960297833,-9.157405950726577,0.0,0.0,True
LATS2,-0.6190832356476186,-11.417798675426269,0.0,0.0,True
LAX1,-0.19427223725962772,-3.0920696641931773,0.0021038301874056753,0.0029257539452765876,False
LBH,0.5581360786745777,9.369947178376103,0.0,0.0,True
LBR,-0.4287712243745627,-7.385846952779833,6.792344464656708e-13,2.01392576289268e-12,True
LCE1A,0.5438503085730728,11.05126163607229,0.0,0.0,True
LCE1D,0.4724037290323997,10.94005088695161,0.0,0.0,True
LCE1E,0.24925432602098052,9.525602300451917,0.0,0.0,False
LCE1F,0.28518681449624506,8.70663425423881,0.0,0.0,False
LCE3B,0.10966727840990975,3.3490662645567197,0.0008749353780439506,0.0012616901126299783,False
LCE3D,0.23765421584294,7.103913111914525,4.426237154575574e-12,1.2294628836160126e-11,False
LCK,-0.40397467327442493,-4.211494133465358,3.032359439747445e-05,4.965844240325678e-05,True
LCLAT1,-0.32644061770268973,-5.511065410345448,5.840985428662293e-08,1.1961299760490838e-07,True
LCMT1,-0.3063340047141945,-7.854835281125919,2.6645352591003757e-14,8.812168145155678e-14,True
LCMT2,-0.03593708768849835,-1.4977818696424026,0.13484988731711733,0.15448392362067376,False
LCN10,0.15685287391347957,5.012810956758644,7.56858213657452e-07,1.410491791477138e-06,False
LCN12,0.16811220420037554,6.616578265899767,9.87705472965672e-11,2.492852616803588e-10,False
LCN2,0.12824373029135216,0.6409396898942589,0.521868987611771,0.5514042256741873,False
LCOR,-0.5960390265216802,-10.839174862008518,0.0,0.0,True
LCP1,-0.47939345732130256,-13.330855278954358,0.0,0.0,True
LCP2,-0.5539704286500307,-10.777150110954503,0.0,0.0,True
LDB1,-0.13392815605062847,-5.892724409542922,7.177148653170207e-09,1.5699501582960045e-08,False
LDB3,0.3207793479374401,13.51211171991335,0.0,0.0,True
LDHA,-0.23140662627255004,-2.9825885005534087,0.0030042576000146592,0.004111494031712798,False
LDHB,-0.3227224513994402,-3.520153314557017,0.00047258461017452014,0.0006994349382757674,True
LDHD,0.32236008743190636,11.026198136540563,0.0,0.0,True
LDLR,-0.2478219368320227,-2.829615358566911,0.004856473341786405,0.006514698547110468,False
LDLRAD3,-0.16280698418892436,-3.3442970617297454,0.0008897631980966381,0.00128210936688456,False
LDLRAP1,0.40602017597961026,5.421324028040261,9.403586354039817e-08,1.8930428383814162e-07,True
LDOC1L,-0.22941573058621456,-3.7475589301471643,0.00020038945706302158,0.0003059358722211989,False
LEF1,-0.08159536579464,-1.4115231338839471,0.15874090707971744,0.1806497242295263,False
LEMD2,-0.3745455547103189,-12.34648280372711,0.0,0.0,True
LEMD3,-0.2032500751006241,-2.815276217145289,0.005074790908283555,0.006791741195831099,False
LENEP,0.2615425706760979,7.034766996078537,6.948885911128855e-12,1.9053610285716085e-11,False
LENG8,-0.28387237917892527,-8.428921535421342,4.440892098500626e-16,1.713723151846858e-15,False
LEO1,0.00979568223061289,0.3142298847751927,0.7534835251664376,0.7745985476476747,False
LEPR,0.2569537323735265,6.167076178205813,1.4821368576889427e-09,3.4227615203927284e-09,False
LEPRE1,-0.2887527687301543,-9.36148113175597,0.0,0.0,False
LEPREL1,0.21750549755268134,7.256684912712705,1.6142642778049776e-12,4.6486775540088845e-12,False
LEPROT,-0.31546050306444684,-7.682038002142189,8.926193117986259e-14,2.834090918580036e-13,True
LEPROTL1,-0.3622370084431701,-6.0729862954673,2.5625686017605176e-09,5.817545865920261e-09,True
LETM1,-0.10043589107595441,-3.351892953953448,0.0008662557914635993,0.0012499562146898661,False
LETMD1,-0.13050090239065737,-3.3700197856770395,0.0008124719396747082,0.0011772156318381086,False
LFNG,-0.038178516266580864,-0.8937299398530848,0.3719160917260871,0.4020742806750631,False
LGALS1,-0.4746710646271719,-6.715325683655607,5.338773867435975e-11,1.3742421492512848e-10,True
LGALS12,0.2231839701116276,3.2082086789877717,0.0014253198925295862,0.002015747064708202,False
LGALS2,-0.12032873410706468,-0.9167743696213423,0.3597231214344516,0.38991725188702814,False
LGALS3,0.8137914825419195,14.958760134902553,0.0,0.0,True
LGALS4,0.22042593972897517,7.2178446636639615,2.0894397323445446e-12,5.969309592479368e-12,False
LGALS7,0.3156359156652693,12.164385319601278,0.0,0.0,True
LGALS8,-0.48746501864810554,-5.887289720205873,7.40059502568613e-09,1.616005786250306e-08,True
LGALS9,0.05815030764878637,1.2648507112019065,0.20654106554248286,0.2317049604581087,False
LGALS9B,0.29017126613354716,7.887366944840029,2.1094237467877974e-14,7.032837088060388e-14,False
LGR6,0.013220851408872747,0.4524792933330804,0.6511289878214945,0.6776612586479758,False
LGTN,0.30102249540989856,5.619468367318454,3.257998670846973e-08,6.798711356790994e-08,True
LHB,0.43580748681265824,13.066574125113002,0.0,0.0,True
LHFP,0.19006223035975012,3.4812299084828378,0.0005448871184170478,0.0008019106576013765,False
LHFPL2,0.13408561135053887,1.390770879539961,0.16494191834685168,0.18737336858356848,False
LHFPL4,0.2791549435571681,10.95089328321588,0.0,0.0,False
LHPP,0.9099220272989474,16.229288559114366,0.0,0.0,True
LIAS,-0.22078586818574797,-10.040610502175749,0.0,0.0,False
LIF,0.28395068703680915,9.085744177822075,0.0,0.0,False
LIG1,0.2575493464547711,10.100168909018464,0.0,0.0,False
LIG3,0.06545582077974332,3.2726336636428366,0.001142637339201391,0.0016293685949815332,False
LIG4,-0.20599359555781138,-3.0599880324610886,0.002337874160889486,0.0032379430635188157,False
LILRA1,-0.5062395985690182,-10.074830608186522,0.0,0.0,True
LILRA2,-0.6804068819486284,-9.31080402758214,0.0,0.0,True
LILRA3,-0.5856074134741069,-5.337222096462492,1.460686240850606e-07,2.892992573651673e-07,True
LILRA5,-0.6298935945369166,-8.228947265754769,1.7763568394002505e-15,6.487588596401866e-15,True
LILRA6,-0.4459686219576451,-5.568484370250693,4.2923908427638935e-08,8.862529148198116e-08,True
LILRB1,-0.5251122095383591,-9.307598894139772,0.0,0.0,True
LILRB2,-0.6250197585099322,-11.86170254096114,0.0,0.0,True
LILRB3,-0.248173718676159,-8.781405793317294,0.0,0.0,False
LILRB4,-0.36437319072065755,-7.341694937987586,9.14379683081279e-13,2.6855531793506508e-12,True
LILRP2,0.17671069871781953,6.3933179048396465,3.8647085531806624e-10,9.328914045282492e-10,False
LIMA1,-0.09841088121670571,-2.9561274006345015,0.0032692809475209916,0.004460891641138866,False
LIMD1,-0.08349994323072218,-2.3828512796400982,0.017568913068075398,0.02220743000451668,False
LIMD2,-0.47963377333556956,-9.456909661612325,0.0,0.0,True
LIME1,-0.24120088712845966,-6.841656368426988,2.4048540936405516e-11,6.339019291680895e-11,False
LIMK1,0.20036159722288405,7.543368851278396,2.327027459614328e-13,7.149914459135089e-13,False
LIMK2,-0.5724882145502832,-9.54639123815352,0.0,0.0,True
LIMS1,-0.09303706437294501,-1.7984349710656604,0.0727388011141088,0.08605980382430355,False
LIMS2,0.18904794192146968,8.073373467863885,5.551115123125783e-15,1.942384419905404e-14,False
LIN37,-0.4395273608692145,-11.666617822271474,0.0,0.0,True
LIN52,-0.1551169779966597,-4.713273617577777,3.2018311306725167e-06,5.690771917021558e-06,False
LIN54,-0.24862350726504223,-7.373548033912597,7.380762667708041e-13,2.1810930007524097e-12,False
LIN7A,-0.6176731997505911,-7.457197541458621,4.189981694935341e-13,1.2631352824904526e-12,True
LIN7C,-0.1759570017166614,-4.152494954123062,3.8950213658628385e-05,6.318370808812003e-05,False
LINGO1,0.23673439020417497,8.286028708791003,1.1102230246251565e-15,4.157561450148628e-15,False
LINGO3,0.046259655559689694,1.5278960822870025,0.12719967607568528,0.1462088008958971,False
LINS1,-0.33887362462958404,-7.670222363593247,9.703349235223868e-14,3.0723716283821806e-13,True
LIPA,-0.17237701530990623,-2.1317640683174006,0.033535498620617776,0.04113464046543458,False
LIPE,0.22819304275634256,10.317281137827228,0.0,0.0,False
LIPN,-0.3981353531330676,-3.864179805701974,0.0001268440182173869,0.0001970487182530114,True
LIPT1,-0.1641701432633833,-3.552244440368121,0.0004198325372892775,0.0006235238521190288,False
LITAF,-0.4323606730524059,-9.982333319220928,0.0,0.0,True
LIX1L,-0.2212693907586889,-5.909927545783758,6.512373529332649e-09,1.4296937427936494e-08,False
LLGL1,-0.09156854900266298,-2.616970940522771,0.009152386322056616,0.011953099551447865,False
LLGL2,0.09121836225949709,2.0888601688869346,0.03724862048153166,0.045437557908160876,False
LLPH,-0.7325641545926986,-13.101318971361763,0.0,0.0,True
LMAN1,-0.06163526561347821,-0.8654852347551818,0.3872066222181747,0.4174684651189774,False
LMAN2,-0.5107097806592646,-15.2968505853775,0.0,0.0,True
LMAN2L,-0.1904145140439697,-4.984543415501206,8.699635138942341e-07,1.614485212912467e-06,False
LMBR1,-0.17214340216265667,-2.829376553198855,0.004860038313167836,0.006518721626616244,False
LMBR1L,-0.02314119719605312,-0.9668087136250252,0.33412849542338297,0.36402403658204374,False
LMBRD1,-0.3204656794412708,-4.176281503135483,3.522318295812177e-05,5.738837970220716e-05,True
LMCD1,0.17314949653270473,6.2350597238398375,9.936784728381554e-10,2.321269991608743e-09,False
LMF1,-0.08538317884835367,-2.989966959460153,0.0029339462592143928,0.004018564442317549,False
LMF2,-0.3590202264908946,-10.125289952048254,0.0,0.0,True
LMNA,0.3903040783835112,7.990475073184548,1.021405182655144e-14,3.501656636608513e-14,True
LMNB1,-0.41986430211197234,-5.741073771815596,1.673868044171911e-08,3.567305458060359e-08,True
LMNB2,-0.04076359893959003,-1.138560979512667,0.25545653444442973,0.2832422581832117,False
LMO2,-0.4536919352748656,-7.001043825074039,8.647971228015194e-12,2.3533187001064733e-11,True
LMO4,-0.6052685181391144,-14.53653255643251,0.0,0.0,True
LNX1,-0.07682119457538628,-2.434303923229399,0.01528549759065645,0.01946210310011845,False
LNX2,0.7748468145823084,12.961874337811427,0.0,0.0,True
LOC100128003,0.44741413843994016,12.301578752620099,0.0,0.0,True
LOC100128510,-0.1474907046569509,-3.717771317287185,0.00022479508794925884,0.0003416565006052926,False
LOC100128751,-0.44490943223936696,-6.380381776440421,4.1778180914775476e-10,1.0057322172566327e-09,True
LOC100128816,-0.09235265099487044,-2.0043840021238672,0.045592450420742336,0.055165907184509554,False
LOC100128868,-0.5121368563666708,-9.174239698816795,0.0,0.0,True
LOC100129110,0.20392973076333964,7.462884106928399,4.0323300254385686e-13,1.217520565216956e-12,False
LOC100129395,0.2504112469203785,9.27466437578718,0.0,0.0,False
LOC100129503,0.1393605560450406,5.319289183567274,1.603317951737182e-07,3.167315981145704e-07,False
LOC100129637,-0.15337156287300235,-3.8556352790361137,0.00013121814916483565,0.00020356927410501572,False
LOC100129717,0.21369552929281266,7.562886344249709,2.036149027162537e-13,6.288043068065755e-13,False
LOC100129827,-0.25645130849858067,-2.9068090495587,0.0038209704348346474,0.0051774801127938246,False
LOC100129831,-0.22389132939714784,-5.400451424051976,1.0495235480689757e-07,2.1036126240136647e-07,False
LOC100130071,0.2635399803755565,8.369509060037258,6.661338147750939e-16,2.5382717209375807e-15,False
LOC100130283,0.000745169016527214,0.01927247304362085,0.984631783904163,0.9863443359241719,False
LOC100130872,0.20091977624259894,5.4668789949135785,7.39031296159709e-08,1.5024534946106052e-07,False
LOC100130916,0.32753285442422087,11.585184097047385,0.0,0.0,True
LOC100130932,-0.19367036815784555,-2.570744216797904,0.010449522736189376,0.013550383023546709,False
LOC100131128,-0.2955025441865322,-3.5058145727965653,0.0004981062647124723,0.000735695097220537,False
LOC100131234,-0.12858551344581226,-3.2763085026136647,0.0011281970747307746,0.0016095742016130534,False
LOC100131541,-0.603988579808139,-6.282798869461273,7.488540898492602e-10,1.76510134253604e-09,True
LOC100131726,0.53418486987536,12.599641911583397,0.0,0.0,True
LOC100132062,-0.6596369303818435,-9.365389182985359,0.0,0.0,True
LOC100132214,0.21207363424427994,7.917242695500578,1.709743457922741e-14,5.741846907233836e-14,False
LOC100132247,-0.42462327624925855,-8.63351320365836,0.0,0.0,True
LOC100132288,0.47971465114065914,11.198897243837346,0.0,0.0,True
LOC100132658,-0.1060240902234506,-2.5486015592421505,0.011127107745162235,0.014382086413433998,False
LOC100132686,0.05644371066369791,1.9365594034199887,0.05338817756841219,0.0641671971421682,False
LOC100132832,-0.14694695619149023,-4.170557528651945,3.608769427398961e-05,5.8730453566273856e-05,False
LOC100132999,-0.1370052433099076,-2.7572183714724514,0.006052629202926374,0.008040622279841876,False
LOC100133161,-0.40470362244268987,-6.759106368060113,4.054934166219937e-11,1.0536608766227712e-10,True
LOC100133299,-0.057549318669154914,-1.3124906578305087,0.18998439495183383,0.21409081916938394,False
LOC100133770,-0.524468538424939,-10.364825804026609,0.0,0.0,True
LOC100134348,-0.06511640205265845,-1.352928333954121,0.17671799056468718,0.19996213490320547,False
LOC100170939,-0.5596375408464116,-7.870642879244763,2.375877272697835e-14,7.884681735582357e-14,True
LOC100286925,0.2744707757807836,9.163079620109393,0.0,0.0,False
LOC100286937,-0.41444793453912254,-4.432302959930479,1.1573629519645579e-05,1.9631370701928642e-05,True
LOC100287036,0.3164420289496994,9.026602433939555,0.0,0.0,True
LOC100287042,0.43806106082311613,13.034638290552197,0.0,0.0,True
LOC100287430,-0.017149407947361084,-0.26896249373977504,0.788074579517851,0.8074207134631438,False
LOC100287515,0.014826200191227823,0.5159191691250621,0.6061493847917028,0.6344025770866458,False
LOC100287685,0.35619179288245606,12.200185160882576,0.0,0.0,True
LOC100287723,-0.0066470882279503485,-0.0451973837249607,0.9639688522622205,0.9673282503182388,False
LOC100287808,0.20552540258091012,7.713282151569566,7.194245199571014e-14,2.298128409702122e-13,False
LOC100287887,-0.18108685025346993,-4.331112562052447,1.808818278004054e-05,3.0166175972678007e-05,False
LOC100288114,0.022337023728212557,0.6632794668379808,0.5074712785755189,0.5370290912183189,False
LOC100288142,-0.4518673831603248,-7.6739597471356795,9.459100169806334e-14,2.99585853329665e-13,True
LOC100288299,0.2041441638273951,7.299142961696567,1.2161383011743965e-12,3.5357640311024415e-12,False
LOC100288346,0.1248533676777579,4.3274262170066145,1.8381825016122733e-05,3.0651453729113744e-05,False
LOC100288418,-0.03659917457120976,-0.8024336180208119,0.4227008881469083,0.45336047770616733,False
LOC100288442,0.15927988637948642,5.428797657311109,9.040191550901966e-08,1.823712197457789e-07,False
LOC100288807,0.06336675859610574,1.752978183448273,0.08024669395657025,0.0945541804097517,False
LOC100289135,-0.1889345433839833,-4.395553135803067,1.3624882393425963e-05,2.2972046295356217e-05,False
LOC100289169,-0.4543265097495852,-5.522110617321886,5.506039735259094e-08,1.1287430452117727e-07,True
LOC100289314,0.2616616423934812,7.654876543061604,1.0791367799356522e-13,3.403772335180388e-13,False
LOC100289409,0.14193783308566976,3.872686450752522,0.00012262648227245876,0.00019077990941335124,False
LOC100289420,-0.05134029813073049,-1.3927525619716024,0.16434198294257518,0.1867286744442221,False
LOC100289574,0.4443178155365919,10.574464584035253,0.0,0.0,True
LOC100290676,0.10044658369386994,3.3607942360005727,0.0008394440559473804,0.0012136404496758718,False
LOC100291232,-0.29383343461195466,-7.955862978650676,1.3100631690576847e-14,4.444953650773334e-14,False
LOC100291428,0.3386540043629598,10.246479372297692,0.0,0.0,True
LOC100291682,-0.09414423623128876,-0.7602413825374893,0.4474850726352937,0.4781614611953569,False
LOC100291837,-0.16152726491930913,-2.1697885522052918,0.030514715767092193,0.037605543053507544,False
LOC100292653,-0.011519201582743221,-0.34101176536186845,0.7332445413623792,0.7553428610224687,False
LOC100292920,0.1917636526913169,5.286989610030115,1.8950204205836485e-07,3.7180616972752593e-07,False
LOC100293124,0.3563602083955768,13.361954715716717,0.0,0.0,True
LOC100293342,0.2291824155125317,6.370531086177542,4.432780809082715e-10,1.0657733696477518e-09,False
LOC100293478,-0.1052560933114135,-3.895182673751278,0.00011210294339059068,0.0001750696590179249,False
LOC100294221,0.15097992479527989,5.534980662536097,5.139276582077912e-08,1.0550584022269732e-07,False
LOC100294376,-0.23179005932239516,-3.787934682249113,0.00017127380053105767,0.00026280843323794504,False
LOC100294402,-0.2883419911531311,-5.184769996399043,3.1984332604650945e-07,6.162025878457505e-07,False
LOC10431,0.44747974516432976,11.013532508435596,0.0,0.0,True
LOC138412,0.10514247900781637,3.8986745943613603,0.00011054815223898729,0.00017268838698683138,False
LOC139201,-0.1996845626773318,-4.728091948574055,2.9865515756011263e-06,5.3179915905625865e-06,False
LOC145757,0.159780789109925,5.890427825595953,7.270757551580687e-09,1.5889177810028064e-08,False
LOC148413,-0.08470853713494408,-2.780828939922346,0.00563608032182672,0.007504567012729393,False
LOC150776,-0.28293391536064494,-6.684423516998294,6.477263170268088e-11,1.6580354324070692e-10,False
LOC150786,0.25989645345633505,5.842090237880832,9.54146295306657e-09,2.0690533086666757e-08,False
LOC154761,-0.5485036473415419,-6.62635217912843,9.296541314540718e-11,2.350457844648695e-10,True
LOC162632,-0.061341667580336434,-0.9197374506019905,0.3581738131662733,0.3884572219058753,False
LOC171220,-0.24152167783724154,-5.613950395310753,3.3570241697589154e-08,7.001550137869445e-08,False
LOC200030,-0.5986676780624718,-11.054242036050873,0.0,0.0,True
LOC219347,0.2973816459927736,8.269934394139632,1.3322676295501878e-15,4.939295405467851e-15,False
LOC220930,-0.1670647891680197,-3.648486949372294,0.0002928142706708492,0.00044021503313201665,False
LOC221710,-0.05485847334717464,-1.14210547512542,0.2539818761667345,0.2817156698665975,False
LOC284749,0.16768318414885242,4.802136945762471,2.1034639958728008e-06,3.7948005902049793e-06,False
LOC284861,0.07208570394415359,1.999062634467851,0.04616718179099255,0.05581441719672997,False
LOC284889,0.18392321561175873,6.223588483401052,1.0632930091958315e-09,2.477862062093219e-09,False
LOC286052,-0.5569140475745997,-6.661047102430669,7.493627940391434e-11,1.9071829484173426e-10,True
LOC338797,0.3237619014742812,8.974837885160728,0.0,0.0,True
LOC339047,0.01579646364563203,0.3255008461701658,0.7449444549089359,0.7664357963644187,False
LOC339240,0.42092337718341266,13.957552046072358,0.0,0.0,True
LOC339803,-0.4713179040241684,-9.299027604997693,0.0,0.0,True
LOC375190,-0.3213051936449869,-6.555297340218966,1.4416601246125538e-10,3.592144273288342e-10,True
LOC388387,-0.057781072499083486,-0.9475913583101477,0.3438162571114387,0.373765521486095,False
LOC389333,0.30134415425766425,9.5445571170895,0.0,0.0,True
LOC389901,-0.3530467487408737,-9.124228706105509,0.0,0.0,True
LOC391322,-0.058490777117616854,-2.282210469490844,0.02291541287805554,0.02861073498182547,False
LOC391358,-0.27728402694367293,-5.936239969639603,5.610233388964048e-09,1.2396753962684994e-08,False
LOC392288,0.6952575265440135,16.408795106610906,0.0,0.0,True
LOC399491,0.07572060731981978,2.0661001703217683,0.039357144385861575,0.04788792079652895,False
LOC401127,-0.15407795025757576,-4.357949140820034,1.6081641899701182e-05,2.6960330816861873e-05,False
LOC401934,0.1722542705443848,5.777908402027803,1.364939183901015e-08,2.9295201154007438e-08,False
LOC402644,0.27926392629128527,9.917660414705326,0.0,0.0,False
LOC440040,0.14764618784468642,4.0922196644315605,5.014880711251557e-05,8.051067723053196e-05,False
LOC440104,0.2941193707502836,8.985525115025842,0.0,0.0,False
LOC440248,0.4886270961282202,12.219075393021617,0.0,0.0,True
LOC440313,0.23381031165535848,9.003006679314723,0.0,0.0,False
LOC440337,0.19554020969668562,6.797074980524637,3.190736563851715e-11,8.345616366713875e-11,False
LOC440434,-0.17451215765727746,-4.730196311838164,2.957132752667846e-06,5.2688649927271335e-06,False
LOC440459,-0.8423186357451868,-10.850428498119888,0.0,0.0,True
LOC440957,-0.13073875960909564,-2.8930026901488475,0.0039899428245187,0.00539881961654304,False
LOC441155,-0.5260153645007639,-8.053205067966662,6.439293542825908e-15,2.240236252486005e-14,True
LOC441493,0.2251796381244877,8.44027169806827,4.440892098500626e-16,1.713723151846858e-15,False
LOC441722,-0.4439519622372039,-12.793553653807889,0.0,0.0,True
LOC613206,0.11791516228106724,3.6841653013565265,0.0002556804457038986,0.00038620286573081667,False
LOC642846,0.05541437524842818,1.6439905899951175,0.10083555826717072,0.11743249374982707,False
LOC642852,-0.058425472342196194,-2.1475972997708306,0.03224781769208018,0.039631133254568615,False
LOC642869,-0.18119295750141706,-3.223036274803648,0.0013550516688169978,0.0019199065403570723,False
LOC643008,1.5752302180187865,17.379990460510847,0.0,0.0,True
LOC643332,0.00835558796103264,0.07860919845089892,0.9373763623768991,0.9436020552494538,False
LOC643446,0.0031634260383084367,0.1024087099027982,0.91847521100063,0.9268432724937589,False
LOC643634,-0.2629549955590118,-3.764384843018254,0.00018773037485164679,0.00028729456462284035,False
LOC644006,-0.5784929589505712,-13.142609171579238,0.0,0.0,True
LOC644762,-0.6202116045804287,-7.990381739685353,1.021405182655144e-14,3.501656636608513e-14,True
LOC645166,-0.5548508607242808,-8.99268336559438,0.0,0.0,True
LOC645405,-0.14832837140184285,-4.247871424460105,2.594779667131064e-05,4.279064708043339e-05,False
LOC645954,-0.46449718988075306,-5.844698598222631,9.402987721784939e-09,2.0401773510499286e-08,True
LOC646214,-0.31307917027834975,-8.66388630126845,0.0,0.0,True
LOC646517,-0.4006596733747707,-5.233440775997991,2.495506743471765e-07,4.84587696865328e-07,True
LOC646938,0.261665184002402,8.850744346885456,0.0,0.0,False
LOC646982,0.002983339497314663,0.08780965037084112,0.9300647363834829,0.9373067102713334,False
LOC647302,-0.07383684786614708,-0.8420509355795597,0.4001804764987731,0.4307306025779637,False
LOC647859,0.02275108017996219,0.6934695108803383,0.488351733589766,0.518081011164166,False
LOC647979,0.01748133306807098,0.2876989701682718,0.7737018510451363,0.7935421264525799,False
LOC649034,-0.12083176185651823,-2.2745824962316448,0.023373160783026092,0.029153810401697625,False
LOC652346,-0.05221203965285781,-1.031502967923137,0.30282656578831046,0.3319306509958653,False
LOC652797,-0.63155459096782,-7.111503299405158,4.211520021613069e-12,1.1723658561856196e-11,True
LOC653269,0.5094550191971887,13.19484905253435,0.0,0.0,True
LOC653479,-0.07686072985680248,-2.396974805825764,0.016914023727816252,0.02142666219297431,False
LOC653486,0.1836924860557052,2.9443013401849116,0.0033944953804152522,0.004622983245093791,False
LOC653501,-0.3606726880665656,-5.269190738844491,2.077116281196112e-07,4.0602975113851004e-07,True
LOC653562,1.9311549573232911,17.200687722405473,0.0,0.0,True
LOC653566,-0.37853409352002654,-8.146348481884791,3.3306690738754696e-15,1.1896426995960166e-14,True
LOC653712,0.3062596861344651,9.085391995591664,0.0,0.0,True
LOC654780,0.18509822511542717,5.937160632115663,5.580984563380298e-09,1.2336856876909932e-08,False
LOC727726,-0.0811053229421006,-2.924521737043136,0.0036137460515182074,0.004908234968451625,False
LOC728392,-0.39181788471993517,-3.935829035141888,9.52208314355385e-05,0.0001494140794586525,True
LOC728417,-0.6976757076544837,-10.919320768791543,0.0,0.0,True
LOC728554,-0.006688254128481841,-0.11910307602251015,0.9052437244279428,0.9152551971987599,False
LOC728613,0.026712353292562163,1.1676869316149794,0.24351510507783036,0.27067938776334344,False
LOC728622,0.7252681462486468,17.95647563869867,0.0,0.0,True
LOC728752,-0.10683083159269913,-3.2369608453077032,0.0012919949574059508,0.0018341742561448296,False
LOC729317,-0.20663430781887904,-5.191754125715969,3.0869011746759156e-07,5.955118846272295e-07,False
LOC729678,-0.46379771716518237,-8.872286857679317,0.0,0.0,True
LOC729852,-0.21046883126833915,-4.156974513765808,3.8220788929788085e-05,6.206163908686622e-05,False
LOC729991,-0.31447001383694584,-7.843810897523881,2.886579864025407e-14,9.492010691895137e-14,True
LOC729991-MEF2B,0.18029208048227252,5.999263806428654,3.9167089571634506e-09,8.777542894468052e-09,False
LOC730098,0.2619202488901191,8.746144906967654,0.0,0.0,False
LOC731602,-0.36353540141365315,-7.766842497588705,4.951594689828198e-14,1.6003765216647311e-13,True
LOC732160,-0.35723546129902317,-8.781836804185586,0.0,0.0,True
LOC90110,-0.7655792113239661,-9.611219835589775,0.0,0.0,True
LOC90925,0.06498340561490279,1.738916674688024,0.08269314442996034,0.09729748015206467,False
LOH12CR1,-0.13709600956329115,-4.203484886645754,3.137735440916778e-05,5.130386734410272e-05,False
LONP1,-0.13803207692181907,-3.344436328032939,0.0008893269164178541,0.00128180139517233,False
LONP2,-0.37791241723190705,-8.26676885572883,1.3322676295501878e-15,4.939295405467851e-15,True
LONRF1,-0.1842172254863752,-3.1106448541420177,0.0019783736614129577,0.0027556089728918813,False
LONRF3,-0.053058151151427424,-1.383322231742671,0.16721172257536954,0.18974601835737187,False
LOX,0.5732796238444027,13.57619422467788,0.0,0.0,True
LOXL1,0.01978432772753491,0.6760774916549008,0.49931837233326926,0.5289358406204643,False
LOXL3,0.12551953029364293,3.9611713843080043,8.594579903076216e-05,0.00013533966630695137,False
LPA,0.017148028989106834,0.4815436483905714,0.6303505115584245,0.6576999585725989,False
LPAR1,-0.11063143237914774,-3.567903034270943,0.0003961443823357058,0.0005895590620316532,False
LPAR2,-0.5907653033707749,-6.644119810400806,8.325717892887496e-11,2.1110267314147274e-10,True
LPAR5,0.02084867985534089,0.47850339578840173,0.6325107131500287,0.6597745997260872,False
LPAR6,-0.13322682842459077,-1.274029244391336,0.20327205049900043,0.22830448027476463,False
LPCAT1,-0.4894460196429131,-8.589878196440713,2.220446049250313e-16,8.732440437457957e-16,True
LPCAT2,-0.42241577533034125,-5.116079631521331,4.5250525149143073e-07,8.608435989974882e-07,True
LPCAT3,-0.2499275352383279,-7.748400535116756,5.617728504603292e-14,1.809580946435272e-13,False
LPCAT4,0.1902684695626804,6.790661080259895,3.322830899321616e-11,8.683232561090222e-11,False
LPGAT1,-0.5090551361463751,-9.34840178818142,0.0,0.0,True
LPHN1,0.42594087731992847,10.277149040787714,0.0,0.0,True
LPIN1,-0.26182740583306074,-4.02834667565908,6.532688617078009e-05,0.0001039652392651583,False
LPIN2,0.5281761463984376,7.946588666867108,1.3988810110276972e-14,4.7337574518296254e-14,True
LPL,0.013986493061544536,0.3320976660420496,0.7399610649973702,0.7615807279936301,False
LPP,-0.3268761149387922,-7.9399891977012045,1.4654943925052066e-14,4.947546866139354e-14,True
LPPR2,-0.4142708085470703,-8.532294531755294,2.220446049250313e-16,8.732440437457957e-16,True
LPPR3,0.2554000713216862,10.25781842559684,0.0,0.0,False
LPXN,-0.4876304786131662,-6.70813861935993,5.58462165400897e-11,1.434960000725615e-10,True
LQK1,0.011483948902432317,0.22661408338937408,0.8208207030847618,0.8377665850463735,False
LRAT,0.23522676123618025,8.17322614857453,2.6645352591003757e-15,9.591494265492883e-15,False
LRBA,0.08413220129510535,3.1554507203420408,0.0017035735483668102,0.0023875731480274102,False
LRCH3,-0.19455742996076708,-8.167045678792743,2.886579864025407e-15,1.0368105224106224e-14,False
LRCH4,0.43529398728728985,13.300626078917247,0.0,0.0,True
LRDD,0.0734621781473459,2.6082821725236,0.009384593047087497,0.01223417013460852,False
LRFN1,-0.11640899307944697,-2.805663598306984,0.005226088793528927,0.006978821796042163,False
LRFN3,0.41031709738225874,13.37610967745333,0.0,0.0,True
LRFN4,0.12102740617116359,4.332464236138842,1.798164031585614e-05,3.0001523000919302e-05,False
LRG1,-0.5836806984362042,-7.56577501077624,1.9961809982760315e-13,6.167920847409228e-13,True
LRIG1,-0.16125634920869336,-3.320329669846733,0.0009678819864342714,0.0013895814196697206,False
LRMP,-0.32731761040889484,-5.411663932389756,9.894365127216531e-08,1.988366920802638e-07,True
LRP1,0.2123102049015153,6.553836354138172,1.454667497569062e-10,3.6222038271720767e-10,False
LRP10,0.06840619781976187,1.6768306766797259,0.09422930268967855,0.11016211688647186,False
LRP3,0.213741831441272,6.047519466331587,2.968435941497205e-09,6.715124432463924e-09,False
LRP5L,0.22222295205156728,7.796745885224739,4.0190073491430667e-14,1.3085060953866306e-13,False
LRP8,-0.21158848252204976,-5.545659460382575,4.853088597656097e-08,9.979065968654156e-08,False
LRPAP1,-0.7322052622519646,-11.775491876236956,0.0,0.0,True
LRPPRC,-0.24635317534517664,-4.467925070976811,9.86981351536187e-06,1.6848011541709153e-05,False
LRRC14,0.32639336277851294,10.24868382950667,0.0,0.0,True
LRRC2,0.3811369975707364,11.35855193920535,0.0,0.0,True
LRRC25,-0.3838341622581867,-9.259994502907267,0.0,0.0,True
LRRC26,0.2528264642478173,9.240148772500099,0.0,0.0,False
LRRC27,0.31700278398137804,9.41318765062795,0.0,0.0,True
LRRC28,0.03499234099225701,1.0543966341105253,0.29223394820113224,0.32120637875275215,False
LRRC29,0.05939817296164129,2.182499914406346,0.029558596890804978,0.036493620319955254,False
LRRC33,-0.26244768852606626,-4.509668562046799,8.178493184018976e-06,1.4050419535677043e-05,False
LRRC37A,-0.9381516636474325,-9.426820498634342,0.0,0.0,True
LRRC37A3,0.3341730188789853,10.94873081385911,0.0,0.0,True
LRRC37A4,-0.054694607246746685,-1.9826759708300392,0.047975591653873106,0.05790955048317765,False
LRRC4,-0.7493121716554123,-9.924865306407249,0.0,0.0,True
LRRC40,-0.28187788740042263,-3.569677337876117,0.00039354071071384666,0.0005858355449357457,False
LRRC41,-0.11379927401702883,-2.6269885544619687,0.008891061772900555,0.011627627220940222,False
LRRC45,0.19099969089149438,6.035690246458211,3.1776996589627515e-09,7.168805791537786e-09,False
LRRC47,-0.4704777410313712,-9.187116570184624,0.0,0.0,True
LRRC4B,0.15786571801851412,5.257409314598181,2.2068611427172868e-07,4.3064261397527405e-07,False
LRRC50,-0.4207981465700805,-3.491261917215215,0.0005253225301280473,0.0007745027805638009,True
LRRC56,0.22952280114223633,7.897082906776816,1.9761969838327786e-14,6.598206683121675e-14,False
LRRC57,-0.4756418808444458,-7.2627697528428765,1.5503154315865686e-12,4.4734677997108425e-12,True
LRRC58,-0.28935684924211724,-7.146808985884705,3.339994947282321e-12,9.376895393064844e-12,False
LRRC59,-0.23976096437933236,-5.211492152484574,2.791683120229038e-07,5.402817741835123e-07,False
LRRC6,-0.327300915974194,-3.9005264944826115,0.00010973188983687265,0.00017143654401613129,True
LRRC61,-0.0788629459324075,-2.575937317431908,0.010296041130466449,0.01336640344661817,False
LRRC8A,0.9710504636788562,14.372851640754865,0.0,0.0,True
LRRC8B,-0.09038632908410804,-2.2055697665047274,0.02788925565822753,0.03453997805903913,False
LRRC8C,-0.5326652467035338,-9.191743425115938,0.0,0.0,True
LRRC8D,-0.42792484254669905,-7.689970234635255,8.459899447643693e-14,2.690490936979782e-13,True
LRRFIP1,-0.5074973201158972,-11.315244157424353,0.0,0.0,True
LRRFIP2,-0.3394722813927391,-6.591991118964229,1.1499201590936536e-10,2.8820562037858564e-10,True
LRRK2,-0.5352512923638884,-5.155386306399164,3.711938492134692e-07,7.114445838751999e-07,True
LRRN1,-0.2953281607362235,-3.876432334530308,0.00012081166642863295,0.00018810889234812422,False
LRRN2,0.3474745627314868,12.057986998051582,0.0,0.0,True
LRRN3,-0.06174329067711337,-1.3834688954418521,0.16716680411355211,0.18973242847413607,False
LRRN4CL,0.3801807251593745,11.710918911199672,0.0,0.0,True
LRRTM4,0.06370755163258712,2.2847877990003758,0.022762525175368253,0.028441428299714383,False
LRTM2,0.17312762846308205,5.935408964985833,5.636762390182071e-09,1.244582441489501e-08,False
LRTOMT,0.2560225061770809,9.180029565645096,0.0,0.0,False
LRWD1,-0.13651683646205548,-3.101815919994735,0.0020371192846131425,0.002834349201529024,False
LSG1,-0.050377595983778,-1.4432813987924848,0.14959613753870316,0.17061365428795264,False
LSM1,0.11350109481890325,2.6603886007479303,0.008067394202171174,0.010599784853976247,False
LSM10,-0.07625989843378367,-1.5650911203861235,0.11822321137721614,0.13663220345682278,False
LSM12,0.023267613049982927,0.8481340384706898,0.3967877645035405,0.4271986409305807,False
LSM14A,-0.094150518243997,-2.612222791120473,0.009278634741170189,0.012105628449828905,False
LSM14B,-0.24517771003875177,-8.096930171661231,4.6629367034256575e-15,1.6415760356589288e-14,False
LSM2,-0.5255765038657518,-8.958709702581384,0.0,0.0,True
LSM3,0.08596057139212832,1.51971765683333,0.1292430107280027,0.14837056413951197,False
LSM4,-0.0547315937402475,-1.3142787694659228,0.18938263240813402,0.21349564912011115,False
LSM5,-0.1161610635016368,-1.5059692961089046,0.13273548444677097,0.15215245749252213,False
LSM6,-0.3450685001617426,-6.426431110475034,3.1642000131171244e-10,7.686296910817409e-10,True
LSM7,-0.0657953286533699,-1.0911808088899346,0.2757429666176372,0.30418341624866524,False
LSMD1,-0.14156445172561405,-2.3814617373224385,0.017634533587067125,0.02228303997251275,False
LSP1,-0.5428090687132547,-10.746808138437714,0.0,0.0,True
LSR,0.3694922995831811,9.109639140998286,0.0,0.0,True
LSS,0.011573595303904671,0.39116728697580055,0.6958478608480818,0.7201681499648745,False
LST1,-0.5323108495436575,-9.476737082802053,0.0,0.0,True
LTA4H,-0.49142301051543313,-7.369831112217007,7.567280135845067e-13,2.234491153160711e-12,True
LTB,-0.25486965955752794,-3.4079669891094144,0.0007097907676427706,0.0010342922014518754,False
LTB4R,-0.6586250833449903,-10.209977549951686,0.0,0.0,True
LTBP1,0.4104895098601835,6.995796081605932,8.946621221639361e-12,2.4311424829455956e-11,True
LTBP2,0.6072108722608074,9.001744788165825,0.0,0.0,True
LTBP3,-0.03869786464277469,-1.6441328030436089,0.10080617193246955,0.11741014100001179,False
LTBP4,0.19241584178423343,5.351529649653531,1.3557932443397647e-07,2.691260103661856e-07,False
LTBR,-0.4122309230706369,-9.303022571558976,0.0,0.0,True
LTC4S,0.20076700295389083,5.029829193342151,6.95763658242754e-07,1.3019008413415014e-06,False
LTF,0.1759930905119207,0.9340486949553878,0.35075029950431125,0.38072867508388253,False
LTK,0.3342260845690994,9.743710725705704,0.0,0.0,True
LTV1,-0.17173978735614792,-5.176511282525388,3.3353601902597063e-07,6.417239691264666e-07,False
LUC7L,-0.06493029596570699,-2.4441061641008623,0.014881509249671021,0.018970795157919485,False
LUC7L2,-0.24433685349965018,-4.484674408042674,9.154393456833887e-06,1.567555496198447e-05,False
LUC7L3,-0.23668422736551342,-5.017052381324831,7.411637981125097e-07,1.3821378971115426e-06,False
LUZP1,-0.2192160192041519,-5.5550458523698225,4.614380766376769e-08,9.501796933838755e-08,False
LUZP6,-0.01760421561966119,-0.5171943943830662,0.6052596650255109,0.6335865213948436,False
LXN,-0.2363375017665703,-4.4152797518483675,1.2484071709950584e-05,2.1113496113187603e-05,False
LY6D,0.3209739531992186,9.324000023470516,0.0,0.0,True
LY6E,-0.3920962529096146,-2.807214765893717,0.005201400817231638,0.006949076317987851,True
LY6G5C,0.08366440411682374,2.2256431837155843,0.02650370340612529,0.032866418294235894,False
LY6G6C,0.16653217602905857,5.925636332712624,5.958075810497121e-09,1.3132620601055556e-08,False
LY6G6F,0.38019107446773326,3.1715349671803246,0.0016138415406692364,0.0022695447084567126,True
LY75,-0.6091872530923501,-5.023215458630086,7.189180295519293e-07,1.341957021942744e-06,True
LY86,-0.6058359198185972,-5.210551322263504,2.8051117717531326e-07,5.427865361804861e-07,True
LY9,0.1806909408178763,3.1237798796915155,0.0018938582734127074,0.002643324058092933,False
LY96,-0.4510909596446604,-4.062596252377383,5.671606625079484e-05,9.071263081684334e-05,True
LYAR,-0.5015187603218711,-8.108698702184517,4.440892098500626e-15,1.5648405042101167e-14,True
LYG1,-0.05717084055134958,-1.695386288197478,0.09065328875170886,0.10621861795655929,False
LYL1,1.0347599458063268,14.766485334400063,0.0,0.0,True
LYN,-0.5723412116483395,-13.221229075187539,0.0,0.0,True
LYNX1,0.31523205752984484,11.045279563754754,0.0,0.0,True
LYPLA1,-0.16266041044790835,-2.6507991998655265,0.008296564463184275,0.0108859922601002,False
LYPLA2,-0.3651902085033827,-9.883143498471904,0.0,0.0,True
LYPLAL1,-0.30148691912214076,-5.701124097347654,2.0859224791891506e-08,4.4176762341937535e-08,True
LYRM1,-0.4118386910837355,-6.097739179978358,2.220268191521768e-09,5.060401523177532e-09,True
LYRM2,-0.1754564765319473,-5.035470491156838,6.765848279410847e-07,1.268071247347588e-06,False
LYRM4,0.03800043765031491,1.249486561056088,0.21209854666156458,0.23752315370353513,False
LYRM5,-0.2975519753640947,-5.62955014182388,3.084361455130136e-08,6.449221201968422e-08,False
LYRM7,-0.0658279686515808,-2.3428351368942946,0.01954698872587457,0.02459440340069352,False
LYSMD2,-0.4633667746776915,-3.940519111579323,9.343575486586708e-05,0.00014675299431414273,True
LYSMD3,-0.06892243228106754,-0.891148475794899,0.37329779575251076,0.40345442946830284,False
LYSMD4,0.07981877854746289,2.4921260060643338,0.013035746437884521,0.016701008032253564,False
LYST,-0.519652510647127,-10.949834285437177,0.0,0.0,True
LYZ,-0.21172628950329653,-3.802503459265767,0.00016178502788810611,0.0002488784369982765,False
LZIC,-0.2868248937932716,-7.0155563750112195,7.871703289197285e-12,2.1512253899943898e-11,False
LZTR1,0.0417520617487348,1.4639065472736656,0.14387669312962137,0.1644651809229045,False
LZTS1,0.4853378160815658,12.950011465016598,0.0,0.0,True
LZTS2,0.03505907027696997,1.3537522585777417,0.17645507376301373,0.19970387057144384,False
M6PR,-0.3749728436921007,-7.711983833362085,7.260858581048524e-14,2.318764346966952e-13,True
MACF1,-0.3528157047911309,-7.1714628861753935,2.8395064077813004e-12,8.029796213755783e-12,True
MAD1L1,-0.19016889364281075,-2.556447683763859,0.010882656829474646,0.014086675358885095,False
MAD2L1,0.046717477703679844,1.164510138378344,0.2447981167453337,0.2720353548066946,False
MAD2L1BP,-0.4224539912213112,-8.375889226012399,6.661338147750939e-16,2.5382717209375807e-15,True
MAD2L2,-0.5765493438722151,-10.225398225903144,0.0,0.0,True
MADCAM1,0.2994280987887086,9.936705458680517,0.0,0.0,False
MADD,-0.06339927657842015,-1.8842813397132823,0.06013341604308198,0.07193586697858247,False
MAEA,-0.4382591551518642,-8.331404306537834,8.881784197001252e-16,3.353302922492869e-15,True
MAF,-0.09547136769660902,-1.4188874865834922,0.15658343419490128,0.17837070594255022,False
MAF1,1.1978470603579714,19.760561763577968,0.0,0.0,True
MAFB,-0.5987853617151417,-6.972912814509885,1.0372591674467913e-11,2.8073750821944523e-11,True
MAFF,0.2091676688049522,4.138476334575645,4.131953023622792e-05,6.68670509681244e-05,False
MAFG,0.06276153175586163,1.5894360991560206,0.11262303618433878,0.13046105730162896,False
MAFK,0.3341393126193566,8.291409705331958,1.1102230246251565e-15,4.157561450148628e-15,True
MAGED1,-0.2915545399665094,-5.068157278065732,5.751230278683295e-07,1.084262218987772e-06,False
MAGED2,-0.014916141365470814,-0.3917407629088898,0.6954243260930122,0.7197944839846713,False
MAGED4,0.18032416237573212,6.436652088337493,2.9742874829707944e-10,7.240240388068592e-10,False
MAGEF1,-0.1242381605736389,-3.013060958786581,0.0027235008056634147,0.0037445697995269604,False
MAGEH1,0.042248165715439434,1.367052521516127,0.17225129803691508,0.195195543737061,False
MAGOH,-0.13534244432631848,-3.958905237879521,8.673897693389776e-05,0.00013657002122766104,False
MAGOHB,-0.1798834949753947,-4.8484790595932745,1.6851999904421433e-06,3.0632505428283177e-06,False
MAGT1,-0.37708778149218336,-7.40543915372142,5.950795411990839e-13,1.7712457971762913e-12,True
MAK,-0.6311297368322197,-5.330310484759087,1.5141371645377433e-07,2.9952509013069317e-07,True
MAK16,-0.06728072207022251,-2.0305085931426574,0.04285786558019278,0.05196082029452064,False
MAL,0.9573232216001646,9.42523106793826,0.0,0.0,True
MALAT1,-0.300935370778439,-6.344482452091693,5.182660967051334e-10,1.2398561096461953e-09,True
MALT1,-0.18937634766657352,-5.2939084136252745,1.8284980418670216e-07,3.5912138012389125e-07,False
MAML1,-0.14241762145306058,-5.660259955379994,2.6091374394354716e-08,5.4824250574347315e-08,False
MAML2,-0.570149518133765,-6.614974173710052,9.975664738703927e-11,2.517189093650176e-10,True
MAML3,-0.6579412240254556,-7.2376329149518845,1.8323120798413584e-12,5.259507313155397e-12,True
MAMSTR,0.1809122484600909,6.696844249262382,5.9935612028994e-11,1.5366087579834896e-10,False
MAN1A1,0.3589343392358799,4.730336633729377,2.955181014785424e-06,5.2662020589903e-06,True
MAN1A2,-0.10768708790509507,-3.7908136714518843,0.00016935802397877175,0.00026000734082519953,False
MAN1B1,-0.17557366882511927,-5.706502111175515,2.0251791799097418e-08,4.296139774103189e-08,False
MAN1C1,-0.04203592530240785,-1.8278236503416232,0.06819911706224646,0.0809048022080347,False
MAN2A1,-0.5064514230909323,-7.330378087322277,9.865441796819141e-13,2.8901328600600126e-12,True
MAN2A2,-0.02347054242081459,-0.40412642040773356,0.6863004800985977,0.7110537174182179,False
MAN2B1,-0.5175158689328008,-8.981739933477842,0.0,0.0,True
MAN2B2,-0.5609112599462494,-12.08758373795921,0.0,0.0,True
MAN2C1,0.009649121399114335,0.2833654319952933,0.7770193899765829,0.7967319167830034,False
MANBA,-0.5863182490344512,-8.376731816701916,6.661338147750939e-16,2.5382717209375807e-15,True
MANBAL,-0.15849912904604402,-5.830795451647606,1.0164390662481537e-08,2.1995794860252644e-08,False
MANEA,-0.022387859384485953,-0.5172367124239572,0.6052301499566881,0.6335865213948436,False
MANEAL,0.20704574992437363,7.144898686229733,3.382405466823002e-12,9.489023032716551e-12,False
MANF,-0.06133657528811831,-0.7547205425624031,0.45078829599627945,0.4815124612000318,False
MANSC1,-0.4973098115115917,-6.697420026190007,5.972022876221672e-11,1.531427682796025e-10,True
MAOA,0.8246769901506195,7.740417732909024,5.950795411990839e-14,1.912056132516666e-13,True
MAOB,0.09479987761501274,1.4542855821785468,0.146523345250112,0.16730462475347657,False
MAP1A,0.2580039365759217,7.201876199280667,2.3225865675158275e-12,6.607526468563798e-12,False
MAP1LC3A,0.2542072683266525,6.2842252906844385,7.425318138132297e-10,1.7505575037483816e-09,False
MAP1LC3B,0.36546230492734466,7.115126967574095,4.11271017242143e-12,1.1462450635403448e-11,True
MAP1LC3C,0.4373179845776578,10.426588737941126,0.0,0.0,True
MAP1S,-0.2917748072400217,-6.392245365207743,3.8897685072925015e-10,9.385472022518292e-10,False
MAP2K1,-0.24420462475480864,-3.738158285000962,0.00020780808627396397,0.00031675815082569687,False
MAP2K2,0.38986012383953383,9.32747965759575,0.0,0.0,True
MAP2K3,0.908265857257053,14.589509674124471,0.0,0.0,True
MAP2K4,-0.1865568076727957,-4.43132709414327,1.1624055975767433e-05,1.9711099776956437e-05,False
MAP2K5,-0.1407190085770451,-6.347491341900854,5.090070587243645e-10,1.2184647359613372e-09,False
MAP2K6,-0.5896604953790501,-7.286954024097346,1.319389042464536e-12,3.828866526940333e-12,True
MAP2K7,0.7111620071250115,14.297664888679405,0.0,0.0,True
MAP3K1,-0.4901436199391007,-10.318691581196191,0.0,0.0,True
MAP3K10,0.1399372791719502,4.894206509451116,1.3517248691474748e-06,2.4738669792992948e-06,False
MAP3K11,-0.3701380814148325,-11.193506506726473,0.0,0.0,True
MAP3K14,-0.016208192890620143,-0.48330251066219676,0.6291022251658975,0.6565759293001698,False
MAP3K2,-0.5573427065590479,-8.507447085209552,2.220446049250313e-16,8.732440437457957e-16,True
MAP3K3,-0.4758014962018082,-11.261849480198649,0.0,0.0,True
MAP3K4,-0.26140271854054165,-5.320656289608275,1.591984997162399e-07,3.1454674412201845e-07,False
MAP3K5,-0.6360321889537364,-13.683254480035481,0.0,0.0,True
MAP3K7,-0.26685848989834593,-5.262349007212207,2.1515328718635374e-07,4.202018845540198e-07,False
MAP3K8,-0.34894329238301225,-4.382610396209836,1.4426860739380487e-05,2.427446813568855e-05,True
MAP3K9,0.22770969729176516,9.649045612037563,0.0,0.0,False
MAP4,-0.2005125732622095,-5.838433665285176,9.738939654724277e-09,2.1098898981148948e-08,False
MAP4K1,0.13467290957855305,3.986429065379798,7.755826616495654e-05,0.00012261785176422376,False
MAP4K2,-0.035011640158995494,-1.3594856282213144,0.17463363195876602,0.19770071808678386,False
MAP4K3,-0.063129708806545,-2.2069844619361105,0.02778959529030467,0.03442395398957086,False
MAP4K4,-0.38709234060749687,-7.465382744064351,3.963496197911809e-13,1.1973646132637326e-12,True
MAP4K5,1.0001613023947984,19.617101586150223,0.0,0.0,True
MAP7D1,-0.5507628213243807,-11.254200262825181,0.0,0.0,True
MAP7D3,-0.14001492750174593,-4.4855530264096,9.118270797081607e-06,1.5620666465137275e-05,False
MAPK1,-0.1415569579236493,-3.4028554196209657,0.0007228797763982886,0.0010524332841673264,False
MAPK11,0.26786218909986026,8.36714022812843,6.661338147750939e-16,2.5382717209375807e-15,False
MAPK13,-0.02343817697539441,-0.6594892603486193,0.5098991962043697,0.539400205811198,False
MAPK14,-0.6821620756122897,-11.578010451649753,0.0,0.0,True
MAPK1IP1L,-0.3301910417959242,-8.52438978280913,2.220446049250313e-16,8.732440437457957e-16,True
MAPK3,-0.5370462222272074,-11.501945534106369,0.0,0.0,True
MAPK6,-0.09196049583311483,-2.016735880356704,0.04428166749928275,0.053641868537621,False
MAPK7,-0.14100021942539875,-5.15409445875422,3.736256470876498e-07,7.159863298623587e-07,False
MAPK8,-0.13038549501152685,-3.75482882740522,0.00019482424489547512,0.00029783417079641376,False
MAPK8IP3,-0.013768058128460492,-0.46703626192435227,0.6406867147037598,0.667758800820902,False
MAPK9,-0.24527202439088258,-6.685028869424223,6.452816059265842e-11,1.6525119650218594e-10,False
MAPKAP1,-0.11881589070467102,-6.38716308788648,4.01070510136492e-10,9.66310647618124e-10,False
MAPKAPK2,-0.3821718495094206,-8.805561400712088,0.0,0.0,True
MAPKAPK3,-0.4533178880483044,-10.424894214001446,0.0,0.0,True
MAPKAPK5,-0.20615372993459014,-5.865913421810858,8.347190050272957e-09,1.8162312464883678e-08,False
MAPKSP1,-0.0988884518656663,-1.6507959165677581,0.09943698998701844,0.1159326606943791,False
MAPRE1,-0.3678692307321958,-5.682515888863736,2.310098023983187e-08,4.879886143088635e-08,True
MAPRE2,-0.14567121586640175,-5.160378582990077,3.619395163578787e-07,6.948635481544008e-07,False
MAPT,0.25703189652050096,9.434566271949405,0.0,0.0,False
MARCKS,-0.4845964489888761,-5.054333819712304,6.16095535921346e-07,1.157716880632624e-06,True
MARCKSL1,0.06619893972790702,1.541793388045456,0.12378544527352142,0.1426455126156156,False
MARCO,-0.5233869888329385,-4.74600812675486,2.7448348858261085e-06,4.90273733134299e-06,True
MARK2,-0.601932475059404,-11.785000798168818,0.0,0.0,True
MARK3,0.24015551885756725,7.241970612625968,1.780353642288901e-12,5.119294459691925e-12,False
MARS,-0.32932787036571076,-11.68931287580261,0.0,0.0,True
MAST3,-0.5552341515466654,-8.787722886330034,0.0,0.0,True
MAST4,-0.14989270095275398,-2.734396717699224,0.006481498713465816,0.008584613508153701,False
MASTL,-0.28067915906313834,-5.745277731132685,1.6354293030929057e-08,3.4879670694921645e-08,False
MAT2A,-0.1466412067471654,-5.498323595743475,6.252012663132689e-08,1.2762171516325613e-07,False
MAT2B,0.4373472955781228,6.803510473652192,3.0633939829272094e-11,8.018003928502279e-11,True
MATK,-0.06355367135178103,-1.043457939048374,0.29726360213560477,0.3262055285319645,False
MATR3,-0.16320223896506558,-2.5040446942764225,0.012610329967448486,0.01618998122754317,False
MAVS,-0.17379316547922663,-8.379459002728142,6.661338147750939e-16,2.5382717209375807e-15,False
MAX,0.017829138184540128,0.6300936008259769,0.5289343879020323,0.5581016043091976,False
MAZ,0.07084491273134486,1.6794152975422907,0.09372450073198824,0.10962759178836033,False
MB,0.20245393362738007,8.86894249419492,0.0,0.0,False
MBD1,-0.143433198971199,-6.4514026527896915,2.719751091007083e-10,6.64027401808194e-10,False
MBD2,-0.4927597067435814,-8.11603663664673,4.218847493575595e-15,1.4897886044910262e-14,True
MBD3,-0.14997799557496005,-3.609098351038428,0.00033966933759232987,0.0005078726764961121,False
MBD3L5,0.17144126873799248,6.018825125482798,3.5011582522059825e-09,7.870773205925198e-09,False
MBD4,-0.4667627606490301,-10.880186209472477,0.0,0.0,True
MBD6,-0.4152299083009998,-9.327004537143392,0.0,0.0,True
MBIP,0.235749590978779,6.535710761298392,1.625923840009591e-10,4.0320811007686716e-10,False
MBL1P,0.1930032624136757,6.647799483485065,8.137446272371562e-11,2.0651078125456716e-10,False
MBLAC2,-0.035126233972928134,-1.308975581257449,0.19117145883376052,0.21540683109714245,False
MBNL1,0.093481337534155,1.5767282446233766,0.11551952795272435,0.13366845228402127,False
MBNL2,0.18421829000925705,2.5958892015319828,0.009724917583438186,0.012653487591056644,False
MBNL3,1.6698104892287882,17.600273239297884,0.0,0.0,True
MBOAT1,-0.38473151317358667,-6.717895330253382,5.253486534684271e-11,1.3528931677404005e-10,True
MBOAT2,0.194680253037661,3.6968380147112256,0.00024359228553461065,0.000368668970841306,False
MBOAT7,-0.6663468337303566,-12.175970255747025,0.0,0.0,True
MBP,-0.1839584951135933,-4.032849839367484,6.412771553598873e-05,0.0001021132368342624,False
MBTD1,-0.23072329492664423,-3.9208023172810926,0.00010116016262728955,0.00015843153138052324,False
MBTPS1,0.05193820774028568,1.484333003313604,0.13837961445233837,0.15843303636581707,False
MBTPS2,-0.10508894622065812,-2.8434139160066905,0.004654469977322329,0.00625683739862013,False
MC2R,0.18138202765748668,7.989498590335413,1.021405182655144e-14,3.501656636608513e-14,False
MCCC1,-0.2070084704503099,-4.815697940929507,1.971695264835205e-06,3.5660162907264445e-06,False
MCCC2,0.0511120456297709,1.1978472228865824,0.23157003502878903,0.2581491564402033,False
MCCD1,0.3141987513722384,10.891447685911759,0.0,0.0,True
MCFD2,-0.30384846888174133,-7.8630006784098425,2.5091040356528538e-14,8.312444459788675e-14,True
MCHR1,0.05539630927604566,1.9030795418779527,0.05763057442999031,0.0690787291216502,False
MCL1,-0.3157894958280636,-7.286924350340919,1.319611087069461e-12,3.828866526940333e-12,True
MCM10,0.21910296820336583,7.592942006199795,1.6542323066914832e-13,5.150027551561944e-13,False
MCM2,0.11951739566167863,4.611424242303197,5.1405842942386926e-06,8.996413018130584e-06,False
MCM3,0.051153541762554156,2.0851417867315254,0.03758635869989746,0.04582528216173993,False
MCM3AP,-0.2969341368363754,-8.0572265501142,6.217248937900877e-15,2.1662580313272896e-14,False
MCM3APAS,-0.07319264981043094,-2.651035848268679,0.008290839377475212,0.010879719615987351,False
MCM4,0.04846245747107192,1.080867235332812,0.28030111967183036,0.3088272211860176,False
MCM5,0.2523655203912982,9.551907468480028,0.0,0.0,False
MCM6,-0.018637546538118777,-0.28547529066430993,0.7754036745398407,0.7952167848134283,False
MCM7,0.09243353715946245,1.7548274452663883,0.07992938984534859,0.09422849673816092,False
MCM8,0.04875380254820616,1.6767364675951448,0.09424774387554802,0.1101724945912764,False
MCM9,-0.1529095476680924,-6.746267896998333,4.39621672398971e-11,1.1384896682472453e-10,False
MCOLN1,0.9468841688754486,14.763538519494462,0.0,0.0,True
MCOLN2,0.059497388857938205,0.8886345133514123,0.3746464300099295,0.40483604383530747,False
MCRS1,0.20745473190409092,6.523369411992603,1.7536816443453063e-10,4.3367666082467974e-10,False
MCTP1,-0.5620113279738987,-8.789981974190779,0.0,0.0,True
MCTP2,-0.581404162102932,-8.428501522784112,4.440892098500626e-16,1.713723151846858e-15,True
MCTS1,-0.3422247087794652,-9.481716118268338,0.0,0.0,True
MDC1,0.09639009459770653,4.913464240478651,1.2312152106730423e-06,2.260498567380104e-06,False
MDFIC,-0.07812056827892722,-1.9160564038594106,0.055953977628152574,0.0671179702487441,False
MDGA1,0.2509475701028512,9.563616746436372,0.0,0.0,False
MDH1,-0.3991787173520418,-7.458376338447264,4.156675004196586e-13,1.2540790825914217e-12,True
MDH2,-0.22566363900421305,-8.564849713218155,2.220446049250313e-16,8.732440437457957e-16,False
MDK,0.38917341738804545,12.06593570654248,0.0,0.0,True
MDM1,-0.3707154570602782,-4.651400630769346,4.273231139606537e-06,7.534570564385076e-06,True
MDM2,-0.1895223914447599,-5.054414209300897,6.15849297558313e-07,1.1574429855725577e-06,False
MDM4,-0.3247271818761499,-11.093694359920423,0.0,0.0,True
MDN1,-0.12981374442586802,-3.8519109551689925,0.00013316899560877893,0.00020645675106561567,False
MDP1,-0.3317625666333721,-8.49690808743847,2.220446049250313e-16,8.732440437457957e-16,True
ME1,-0.012341098807309159,-0.3147990270548172,0.7530515974939413,0.7742236122396207,False
ME2,-0.27573157790138314,-5.889789477937644,7.2969876807604805e-09,1.5943475169704092e-08,False
ME3,0.26529689930403544,8.270407388742857,1.3322676295501878e-15,4.939295405467851e-15,False
MEA1,-0.22988326996351738,-5.009767104904099,7.683187188689544e-07,1.4313865959326357e-06,False
MEAF6,-0.2431082695866733,-4.69455762335548,3.4951376364222853e-06,6.199644353857146e-06,False
MECP2,-0.1870268472527421,-6.646830740256074,8.186606947901964e-11,2.0771261108564477e-10,False
MED1,-0.4754000909729865,-13.510796830577544,0.0,0.0,True
MED10,-0.2963777459322978,-7.509482917311193,2.935429677108914e-13,8.961890922506647e-13,False
MED11,-0.67146158683056,-12.93413503924504,0.0,0.0,True
MED12,-0.49381423171784045,-9.6711208370435,0.0,0.0,True
MED13,-0.32074626817362706,-8.344390862052121,6.661338147750939e-16,2.5382717209375807e-15,True
MED13L,-0.4473269498775423,-10.368902228273218,0.0,0.0,True
MED14,-0.21243843035948817,-5.366270917512521,1.2553765227352187e-07,2.5005502620416714e-07,False
MED15,-0.06505667502964041,-3.305397860354814,0.001019723089084268,0.0014600763800858003,False
MED16,0.1253799751655622,3.359754841909495,0.0008425345351028568,0.001217405332394607,False
MED17,-0.259400085391591,-7.311021240307067,1.1233236563157334e-12,3.276668826817152e-12,False
MED18,-0.5975669361902449,-12.80223918060269,0.0,0.0,True
MED19,-0.405533192728996,-9.492621883855211,0.0,0.0,True
MED20,-0.09604929285812336,-3.397090050853816,0.0007379127207263192,0.0010733699494944401,False
MED21,0.08407361707162453,1.678808307988837,0.0938428558544413,0.10975488441337287,False
MED22,-0.3381703505560649,-7.3700521155038,7.556177905598815e-13,2.231784956271609e-12,True
MED23,-0.3495077408738432,-5.371541360609548,1.2212571021130714e-07,2.435536800422519e-07,True
MED24,-0.032135007705298424,-1.586545377809826,0.11327681792506983,0.13115244403245346,False
MED25,0.6339921416008574,15.823180431517919,0.0,0.0,True
MED26,-0.6082341883369802,-14.60239862103499,0.0,0.0,True
MED27,-0.24108527983987127,-5.802316648181005,1.1916337472328564e-08,2.5700110717796806e-08,False
MED28,-0.09481883043826933,-2.3375444183612455,0.019822609552036186,0.024924859669239692,False
MED29,-0.1489529823533653,-9.511389468547154,0.0,0.0,False
MED30,-0.17995398435566745,-4.150589149205177,3.926454577229954e-05,6.366128595631273e-05,False
MED31,-0.6451804555290144,-11.248312967463452,0.0,0.0,True
MED4,-0.2044565603402111,-3.33119469427744,0.0009317109068289753,0.0013395379350677691,False
MED6,-0.45572691323053416,-13.163043847447131,0.0,0.0,True
MED7,-0.2414651661602476,-4.862051683094305,1.5787225000618577e-06,2.876056378018747e-06,False
MED8,-0.4136063167169226,-11.56511255639435,0.0,0.0,True
MED9,0.05345803870923982,1.8886176924321485,0.059548181619447416,0.0712734314291786,False
MEF2A,-0.5577521054540115,-7.675298948575452,9.370282327836321e-14,2.96936126917047e-13,True
MEF2C,-0.21150326159851485,-3.1458773322437046,0.001759145073665147,0.0024633591178639474,False
MEF2D,-0.38617812252623374,-12.16779641094643,0.0,0.0,True
MEFV,-0.3903158171230383,-9.825148999720112,0.0,0.0,True
MEGF6,0.060487909441151455,1.5434767963040366,0.12337679119281075,0.14221727786950739,False
MEGF8,0.0761306813187721,2.3194953971532097,0.0207886526080725,0.026093983806514887,False
MEGF9,-0.32758476366077804,-5.5590959656222845,4.514944018652045e-08,9.307022217403885e-08,True
MEI1,-0.15181160260327742,-3.1772352032728337,0.0015831024408772265,0.0022282205543089897,False
MEIS1,0.03217363919937144,1.0135166767771084,0.31132610186574317,0.34069593078011545,False
MEIS2,0.2139122570541221,7.566472064432234,1.98507876802978e-13,6.136908837610047e-13,False
MEIS3,0.3232296743515408,8.816274202697054,0.0,0.0,True
MEN1,-0.062698578927888,-1.6578278358029737,0.09800820741097072,0.11437104053965877,False
MEPCE,-0.04180148276829421,-0.7848195020610967,0.4329481341739432,0.4637464717825601,False
MERTK,-0.4326730425339056,-4.20544424504186,3.111638698571895e-05,5.089884431816196e-05,True
MESDC1,0.04426820771667295,1.904668849884208,0.05742301224696411,0.06883709835287538,False
MESDC2,-0.22030082991787392,-6.90689397518193,1.5857981594535886e-11,4.2372556248540684e-11,False
MESP1,0.41154315056381563,12.734805161764587,0.0,0.0,True
MEST,0.19320837735380136,7.145293621674422,3.3735236826260007e-12,9.466411522574641e-12,False
METAP1,-0.24209958101397167,-3.9573556918773747,8.728532485902107e-05,0.00013741146057825117,False
METAP2,-0.2712107971262987,-3.8640545735768943,0.00012690711988039283,0.0001971201609900546,False
METRN,0.2691406845989217,9.721859962596682,0.0,0.0,False
METRNL,-0.4130451801521682,-8.104298206706707,4.440892098500626e-15,1.5648405042101167e-14,True
METT10D,-0.22379803440489843,-6.304387635019083,6.58560095345706e-10,1.5583306775446155e-09,False
METT5D1,-0.06850589047925926,-2.312134599809748,0.021194294479973452,0.026582870003790744,False
METTL1,0.15054412035448905,5.6195807408677485,3.256011860131025e-08,6.795796451684957e-08,False
METTL11A,-0.09860400805661707,-3.1215965693252463,0.0019076719073831683,0.002661314363709182,False
METTL13,-0.3116058998332458,-8.20217258081381,2.220446049250313e-15,8.040653266681659e-15,True
METTL14,-0.5254414406007539,-11.894347358295063,0.0,0.0,True
METTL2A,0.004859087431861919,0.1343502782179595,0.893182138374859,0.9044892353353848,False
METTL2B,-0.017418447194371023,-0.7619990880532526,0.44643630818054514,0.4771293221313509,False
METTL3,-0.18555550544982902,-5.703762889036174,2.0558995172947903e-08,4.358098369473443e-08,False
METTL4,-0.14200536483468662,-3.5413648321768014,0.0004370654280942965,0.0006482818267084988,False
METTL5,-0.2094665518267398,-3.593903034816549,0.0003595583992646034,0.000536357575903777,False
METTL6,-0.25708982347262266,-7.739351305295547,5.995204332975845e-14,1.925788028766e-13,False
METTL7A,0.38991103345780687,6.536361798022434,1.6194423579918293e-10,4.016872636026676e-10,True
METTL7B,-0.4945152299961131,-3.278805938781625,0.0011184801999049032,0.0015963044756169718,True
METTL8,-0.11625158462896223,-2.7606768337169605,0.00598992333920334,0.007958238401878117,False
METTL9,0.17257454258330895,2.740703606805525,0.006360316814439493,0.008430896361971061,False
MEX3C,-0.08038772661712867,-1.174601837056315,0.2407387870374138,0.26785183887607167,False
MFAP1,-0.6622533968647923,-12.514612251391632,0.0,0.0,True
MFAP2,0.2996734251423132,11.765235757658282,0.0,0.0,False
MFAP3,-0.25549897705313773,-5.08783708900369,5.21308047840563e-07,9.863579834223793e-07,False
MFAP3L,0.4491524448864075,4.728366129309925,2.982702654197311e-06,5.311959164146387e-06,True
MFF,-0.23659412802013424,-4.836027569957142,1.7889468726384194e-06,3.2456889314729805e-06,False
MFGE8,0.1653285912973974,5.661898551267471,2.5858924113109083e-08,5.4385420277323995e-08,False
MFHAS1,1.0409191502429702,15.731211255558518,0.0,0.0,True
MFN1,-0.25015211423072214,-4.575451270753758,6.0636624590326704e-06,1.0554144434209328e-05,False
MFN2,-0.08135510018019154,-2.1279510433383635,0.033852114947501954,0.041496489526473876,False
MFNG,-0.17025624847210885,-4.142119856465346,4.0690867283199594e-05,6.59052446899854e-05,False
MFSD1,-0.08242072297144265,-1.3771302831757883,0.1691164312014124,0.19177516942400763,False
MFSD10,0.08819275666319637,2.2269274366461977,0.02641712535557028,0.032769638915659496,False
MFSD11,-0.2611594954820422,-4.975647973467213,9.088169123927514e-07,1.6841476856261428e-06,False
MFSD2B,0.513073218415204,12.874781237834593,0.0,0.0,True
MFSD5,-0.6497068891436983,-13.959075217523955,0.0,0.0,True
MFSD6,0.003792270762037475,0.09266520449383946,0.9262083596063011,0.9338852969869336,False
MFSD7,-0.09266212459713108,-2.4878852223194734,0.013190157226705024,0.016889442095866517,False
MFSD8,-0.12388420341989814,-2.252318933346154,0.02475499974372508,0.030804023122822644,False
MFSD9,-0.044746559069075875,-1.0422207230930998,0.2978361115260748,0.3267403970160815,False
MGA,-0.3303138362805642,-6.959857681039216,1.1283640688475316e-11,3.04608055051669e-11,True
MGAM,-0.5937866462565369,-7.48007411054294,3.5860203695392556e-13,1.0873221541648508e-12,True
MGAT1,-0.28552223951588207,-9.012344483411328,0.0,0.0,False
MGAT2,-0.2738394063773235,-3.91086300260642,0.00010527963292084053,0.00016470407328740487,False
MGAT3,0.36099374933549466,10.908327637105524,0.0,0.0,True
MGAT4A,-0.2807080699160611,-3.869764225259269,0.00012406011942855955,0.00019295821167939202,False
MGAT4B,0.0046173444689818766,0.07831614392930694,0.9376093440427358,0.9437541099290696,False
MGAT5B,0.2983795329515715,11.736961005825975,0.0,0.0,False
MGC27345,-0.12427748388372128,-4.371145940279373,1.5174784770310978e-05,2.548823939475243e-05,False
MGC29506,-0.3328732229231295,-1.8888998849397103,0.05951026174692697,0.07123544685262931,False
MGC31957,-0.8731682620118875,-11.276767931436185,0.0,0.0,True
MGC39372,-0.21162971073997872,-3.8573318739357654,0.00013033843659826516,0.00020223174180703345,False
MGC39584,0.11209777008885702,3.6907129730741146,0.0002493660392381969,0.00037706056786358496,False
MGC4294,0.25748940235291684,8.577469075221025,2.220446049250313e-16,8.732440437457957e-16,False
MGEA5,-0.33788989436096717,-6.1552873150755145,1.5879730863588293e-09,3.6598363308858253e-09,True
MGLL,0.17067550891627015,1.9002009244349536,0.05800811218526336,0.06952402916055027,False
MGMT,-0.31511099699473766,-5.9612823206981576,4.865542857501737e-09,1.080929376577869e-08,True
MGRN1,-0.4000943884405057,-7.947709976576822,1.3766765505351941e-14,4.664099172239677e-14,True
MGST1,-0.4428167544221102,-5.741232966046903,1.672396554575073e-08,3.5648289992876144e-08,True
MGST2,-0.5369875977142167,-7.921411488817354,1.6653345369377348e-14,5.5976038899870925e-14,True
MGST3,-0.3359713910088402,-5.11862638166315,4.467521308448852e-07,8.50460716443932e-07,True
MIA,0.16553851666288955,5.69094687443306,2.2057643933592885e-08,4.666336096805444e-08,False
MIA3,-0.4144521264898402,-9.428007051213166,0.0,0.0,True
MIB1,-0.20647791411153982,-5.9220393350051586,6.080784764606051e-09,1.3380049609072989e-08,False
MIB2,-0.1300270221919697,-3.6336282539236104,0.0003097267503404666,0.000464670804528762,False
MICA,-0.3292261059121615,-8.128929022459934,3.774758283725532e-15,1.3407783123723221e-14,True
MICAL1,-0.7269451645217222,-11.12943432179091,0.0,0.0,True
MICAL2,1.136769398710122,19.21600618398926,0.0,0.0,True
MICALCL,1.1048633679671873,15.19965417444419,0.0,0.0,True
MICALL1,-0.3393783360682687,-8.196597699120987,2.220446049250313e-15,8.040653266681659e-15,True
MICALL2,0.3589713372540393,12.097202343004051,0.0,0.0,True
MICB,-0.2289141461718769,-6.170954491630575,1.448850595053841e-09,3.347905718039156e-09,False
MID1IP1,-0.38161776216865295,-6.125673524792617,1.8874963814141665e-09,4.3233387984708265e-09,True
MIDN,-0.6711534064115359,-13.904672237139389,0.0,0.0,True
MIER1,-0.2116127791054705,-5.378858428183859,1.1753767714672847e-07,2.3468824805913766e-07,False
MIER3,-0.11864749307697986,-2.6014742830603077,0.009570202263187833,0.012459217887619873,False
MIF,-0.15292448101886258,-3.2710684897155877,0.0011488395701073628,0.0016378073029785535,False
MIF4GD,-0.20043146531960065,-3.688237510032125,0.00025173586350368815,0.00038041631514151923,False
MIIP,0.24167928538487882,5.767409450521066,1.446826192186279e-08,3.098343727048475e-08,False
MINA,-0.21049793677651385,-3.415075346992892,0.000691955568583813,0.0010095802652966362,False
MINK1,0.09455708731407775,3.3979251154288392,0.000735717433586025,0.001070311836003716,False
MINPP1,0.8663189738857091,9.349089252854153,0.0,0.0,True
MIOS,-0.14965341109400754,-2.5157500362776224,0.012204574688088998,0.015697241606978246,False
MIOX,0.26154902745703446,11.3848377416452,0.0,0.0,False
MIP,0.3309382771356213,10.930666627150831,0.0,0.0,True
MIR17HG,0.3055688045902105,12.05008852056016,0.0,0.0,True
MIR21,-0.6127596774446005,-10.948504192068782,0.0,0.0,True
MIS12,-0.17583083864884497,-4.736683778588475,2.8681833192933937e-06,5.116711112736658e-06,False
MITD1,-0.5902458729044628,-8.209265078506963,1.9984014443252818e-15,7.261699128448871e-15,True
MITF,0.11956368299018649,3.875438608328878,0.00012129061818977327,0.00018877808822159145,False
MKI67,0.03322012303350119,0.5985192327819662,0.5497769941161124,0.5788210579675989,False
MKI67IP,-0.19847518438390743,-3.865638472820432,0.0001261112102848294,0.00019593674551806716,False
MKKS,-0.10543321449045395,-2.543505854256305,0.011288476770118017,0.01457757442993155,False
MKL1,-0.23339897595098602,-7.7691593681016915,4.8627768478581856e-14,1.5721113250204445e-13,False
MKLN1,-0.46689388432035006,-10.125277059031696,0.0,0.0,True
MKNK1,-0.4444984040621227,-5.805373666462904,1.1715011405399878e-08,2.5280107976545747e-08,True
MKNK2,0.16286663280072933,4.198526312548968,3.204714069471315e-05,5.234699569801486e-05,False
MKRN1,1.4629991640482505,21.30352553145776,0.0,0.0,True
MKRN2,-0.29438431835462,-5.943603136392679,5.3804343203012195e-09,1.1914114366695452e-08,False
MKS1,0.23749673254231096,7.94187020991122,1.4432899320127035e-14,4.8768720231312206e-14,False
MLC1,0.1645201765564508,7.482591450359329,3.526068326209497e-13,1.0697071648566552e-12,False
MLEC,-0.34043520224297463,-6.020344787146743,3.470741472000327e-09,7.808490432806986e-09,True
MLF1IP,-0.011644712115644662,-0.15089684672346873,0.880120736585476,0.8927536777675323,False
MLF2,-0.4893663807753006,-9.18304866589118,0.0,0.0,True
MLH1,-0.22576189673352776,-4.643916146659198,4.424113678735964e-06,7.789875491494889e-06,False
MLH3,0.3819356046703142,5.346523110198106,1.3916381802481226e-07,2.7600344694005034e-07,True
MLKL,-0.5486030359531693,-8.57095940901518,2.220446049250313e-16,8.732440437457957e-16,True
MLL,-0.2341269566464459,-5.534466212782425,5.1534701617228507e-08,1.0577837275995282e-07,False
MLL3,-0.6718788689128345,-13.958074009714663,0.0,0.0,True
MLL4,-0.3512471362730105,-7.884692455367842,2.1538326677728037e-14,7.17466700407025e-14,True
MLL5,-0.5546576644827113,-11.292833491217362,0.0,0.0,True
MLLT1,-0.08650293829185918,-2.785245113269715,0.005561111466444668,0.007408169652130927,False
MLLT10,-0.1438202214926525,-6.1006082581320555,2.183607294981016e-09,4.978814812131101e-09,False
MLLT11,0.016475075508165293,0.3444902474907495,0.7306291165692964,0.7529179454072039,False
MLLT3,0.1392929496160602,3.9019544540338353,0.00010910638609007428,0.00017048242829239904,False
MLLT4,-0.19997393938433383,-3.9082533422020993,0.00010638727425504868,0.0001663465470536047,False
MLLT6,-0.12065729635816602,-2.6495618277389523,0.00832655724504816,0.010920370363851732,False
MLST8,0.2466218889293006,9.9305888112196,0.0,0.0,False
MLX,-0.407455003926553,-10.527222345154614,0.0,0.0,True
MLXIP,-0.2294447076983399,-4.832403999304363,1.8202776868037063e-06,3.3009727132071616e-06,False
MLXIPL,0.28595514505368014,10.027768266365008,0.0,0.0,False
MLYCD,-0.012916578433193493,-0.4168092802268874,0.6770049995028284,0.7024338487905856,False
MMAB,0.0003842799966924382,0.014773125484038432,0.9882193430671595,0.9895078766333979,False
MMADHC,-0.33834390431743877,-5.451379801703747,8.023104758336785e-08,1.625077258858474e-07,True
MMD,0.4225445737486577,5.122161644486645,4.388831451596076e-07,8.360335619470018e-07,True
MME,-0.38889339442295423,-3.227821443089228,0.0013330679695116032,0.0018889912585562994,True
MMGT1,-0.30341292378253026,-6.410106290856561,3.4924241276712564e-10,8.456849595679042e-10,True
MMP14,0.3206732820188414,9.743917732034106,0.0,0.0,True
MMP16,0.2425757337245873,8.439653059964527,4.440892098500626e-16,1.713723151846858e-15,False
MMP19,0.15011691934370308,5.259513078470228,2.1831308316677678e-07,4.261563133364009e-07,False
MMP24,0.284287480476924,8.563254637003897,2.220446049250313e-16,8.732440437457957e-16,False
MMP25,-0.5930296033194153,-10.04918182105848,0.0,0.0,True
MMP28,0.35132810893557354,9.046830111369633,0.0,0.0,True
MMP8,0.3614904902022369,1.386077861887062,0.1663692792659126,0.18888307982101787,False
MMP9,-0.4745395780551913,-4.30442382026352,2.031962164084078e-05,3.378976781880251e-05,True
MMRN1,0.3268977612495694,3.8365711576892343,0.00014149688131626093,0.00021892579931256004,True
MMS19,-0.25098057495904236,-7.20171857721628,2.325029058170003e-12,6.6128419064346325e-12,False
MNT,-0.40387957634889915,-10.546483084529811,0.0,0.0,True
MOAP1,-0.5199690595456934,-7.1203989466171755,3.97282207131866e-12,1.1096735557594483e-11,True
MOB2,0.32121492414802333,8.947282772383575,0.0,0.0,True
MOBKL1A,0.7059559929291437,14.02762801639334,0.0,0.0,True
MOBKL1B,-0.3595540471978387,-11.35672441969408,0.0,0.0,True
MOBKL2A,-0.7477271233455367,-12.368517932150974,0.0,0.0,True
MOBKL2B,-0.2724743126122826,-5.691121212015054,2.2036561242444463e-08,4.6627323466516854e-08,False
MOBKL2C,-0.17791553905599944,-4.422134832538494,1.2109490576950321e-05,2.0498048781174246e-05,False
MOBKL3,-0.062007316140357815,-1.0024461842528016,0.3166352602524758,0.3461770655702609,False
MOCS1,0.30944127072159633,10.239578572841983,0.0,0.0,True
MOGAT2,0.2420876933740721,8.627922590678708,0.0,0.0,False
MOGS,-0.19042296423168237,-5.623031959795613,3.195563302860194e-08,6.676889839587623e-08,False
MON1A,0.025522990788686695,0.9278688290429066,0.3539438288095349,0.3840865722145108,False
MON1B,-0.5041443732278035,-14.839291585678373,0.0,0.0,True
MON2,-0.461447416745401,-10.263634424537845,0.0,0.0,True
MORC2,-0.006783405828005851,-0.11838633763400092,0.9058112760994623,0.915748647480227,False
MORC3,-0.33963926433535274,-4.25009002593126,2.570141109226043e-05,4.240254287764937e-05,True
MORF4,-0.038745224904025655,-1.1721345946188213,0.2417268013450149,0.268847255449766,False
MORF4L1,0.019898743630584192,0.6552227297581898,0.5126395133646824,0.5420501702265262,False
MORF4L2,0.011374491347917903,0.1899396677080392,0.8494370288623245,0.8648294517888026,False
MORN4,0.24958044814422387,9.488786494248338,0.0,0.0,False
MOSC1,-0.33793203535263316,-3.6484519047507726,0.0002928531181145555,0.0004402159816731782,True
MOSPD1,1.0108065138854112,18.73390505793644,0.0,0.0,True
MOSPD2,-0.5092529531417682,-7.742824657564845,5.839773109528323e-14,1.8779549538988485e-13,True
MOSPD3,-0.03624387979752841,-0.8297982817784458,0.40706699883111486,0.4374887814457559,False
MOV10,-0.2692746862387341,-3.585186817892069,0.0003714548124815753,0.0005536733935009402,False
MPDU1,-0.24486306762509003,-5.9984671596147345,3.934615522283025e-09,8.814242746242351e-09,False
MPEG1,-0.3523461189875441,-4.592768524411077,5.601015863554437e-06,9.779915375516684e-06,True
MPG,-0.25935640311908337,-6.093519684879972,2.2752795203473397e-09,5.180657203969363e-09,False
MPHOSPH10,-0.2729418459478419,-4.163654556546192,3.7157166237644645e-05,6.040268104592558e-05,False
MPHOSPH6,-0.11027894643164338,-1.853100186614662,0.0644839744179273,0.0767266709348316,False
MPHOSPH8,-0.4145952880478596,-11.536392755581195,0.0,0.0,True
MPI,-0.054934737225372565,-1.908903966624883,0.05687295276937254,0.06819899468565505,False
MPL,0.3643753181276961,4.461217508474065,1.0171083286492077e-05,1.734686235965387e-05,True
MPND,0.08416584175938802,2.768123483286689,0.0058568960686007365,0.0077877855031988795,False
MPO,0.42973824356990686,2.6556735651417847,0.008179355339825056,0.010739541110161269,True
MPP1,1.2400436206791277,22.802312812350554,0.0,0.0,True
MPP5,0.1532410592287361,4.540936927550759,7.097520534848911e-06,1.2273883657247353e-05,False
MPP7,-0.3046854160872776,-6.041132232994948,3.0796980521330397e-09,6.9531638303646575e-09,True
MPPE1,-0.5930861570759216,-11.076551723362465,0.0,0.0,True
MPPED1,0.37152495084789505,8.786838495451981,0.0,0.0,True
MPRIP,-0.12451285945097457,-3.036361497992343,0.002525276462642223,0.0034857590860606076,False
MPST,0.1518345918544015,4.340825764746668,1.733577434626099e-05,2.896168015874987e-05,False
MPV17,-0.5992723028268259,-10.397197839318046,0.0,0.0,True
MPV17L2,0.010329854029997865,0.3690506982004573,0.7122533275027034,0.7357587731596843,False
MPZ,-0.3789340696936505,-7.942576427951974,1.4210854715202004e-14,4.80466203300299e-14,True
MPZL1,-0.28035579364725294,-4.5556073333818015,6.638930803548604e-06,1.1520615234419459e-05,False
MPZL2,-0.10822653358442436,-2.3051080372805393,0.02158795263830826,0.027044222560160182,False
MPZL3,-0.1670810617604781,-3.8089939380499738,0.00015771947579334977,0.00024301372948951256,False
MR1,-0.5582632861084322,-11.000926487422333,0.0,0.0,True
MRAS,-0.12719764915254084,-3.7290237351336724,0.00021526400354154873,0.00032773275929091986,False
MRC2,0.9656969351554663,13.039582988060795,0.0,0.0,True
MRE11A,-0.18116297922952063,-5.307938920422518,1.7004795971331532e-07,3.3523574327189445e-07,False
MREG,-0.1908987591133302,-3.89144854922761,0.00011378846064102888,0.00017755747468491083,False
MRFAP1,0.14210474436678933,3.230539499444253,0.0013207283273648507,0.0018721966038537676,False
MRFAP1L1,-0.2985526482542129,-4.216112257517949,2.9731422860779233e-05,4.875106902965352e-05,False
MRGPRD,0.4070242759042224,11.141072125056658,0.0,0.0,True
MRGPRE,0.28811197588029414,8.54239809764202,2.220446049250313e-16,8.732440437457957e-16,False
MRGPRF,0.45625953856514734,11.94248144194242,0.0,0.0,True
MRI1,-0.2541398442276881,-4.968324307197044,9.420581443819742e-07,1.7435038183059062e-06,False
MRM1,0.2971171766452505,10.243157340716596,0.0,0.0,False
MRP63,-0.15589703779096808,-3.838163623255008,0.0001406099789276194,0.00021764127214018379,False
MRPL1,-0.07363059015805229,-1.4356687859354382,0.1517505688981413,0.17300225684260587,False
MRPL10,-0.4439169905718261,-8.86019387541263,0.0,0.0,True
MRPL11,-0.11984667946096383,-2.160693205146479,0.031215095415874528,0.03842345416707189,False
MRPL12,-0.01171033074977057,-0.3592887046887686,0.7195377606068618,0.7422186320793804,False
MRPL13,0.03475970803290185,0.7585492928161612,0.44849601234150427,0.4791528071008892,False
MRPL14,0.07442446199015462,1.6111365409947218,0.10780995778248093,0.12512472581323905,False
MRPL15,-0.33909275114236603,-4.5649005031799526,6.363290311339753e-06,1.1062291140404862e-05,True
MRPL16,-0.30302713346941257,-5.768519225810877,1.4379491153349022e-08,3.0799062587472555e-08,True
MRPL17,-0.12813185386108206,-2.594071861042377,0.00977574078238197,0.012716742865302983,False
MRPL18,0.046169034701256884,0.9495427986236052,0.3428243776284081,0.3727927882471097,False
MRPL19,0.02218542602831608,0.66788445844389,0.5045296427071917,0.5341123935616341,False
MRPL20,-0.11142479061020083,-4.443541414107207,1.1007790561068376e-05,1.870739738461886e-05,False
MRPL21,-0.3531991553045577,-6.389364358501265,3.9578784694072056e-10,9.543535455879628e-10,True
MRPL22,-0.17176643021408555,-2.3077976711281543,0.021436519844629354,0.026860358108374362,False
MRPL23,-0.22216647052779148,-4.007930358974017,7.10357556454877e-05,0.00011263053947424265,False
MRPL24,-0.22122870204702583,-3.7177802936219613,0.00022478732880060193,0.0003416565006052926,False
MRPL27,-0.3013206237748234,-5.160214073985138,3.6224088062475346e-07,6.950569277959934e-07,True
MRPL28,-0.013139138582889842,-0.35633240149140966,0.721748850258193,0.7443661031537403,False
MRPL3,-0.22700125535270832,-2.8434733417903844,0.0046536167705859555,0.006256420585945334,False
MRPL30,-0.2365914545790102,-7.304583496372579,1.1726175586090903e-12,3.4152671700677904e-12,False
MRPL32,-0.04561391747906285,-0.8015375769633636,0.42321870695121455,0.4538313428943438,False
MRPL33,-0.6298443406362839,-10.545964934659706,0.0,0.0,True
MRPL34,-0.3848869966268005,-6.361373741872282,4.683422538676041e-10,1.1250233471162192e-09,True
MRPL35,-0.1027035208996594,-3.0769567253019936,0.002211258598729504,0.003069223737650941,False
MRPL36,-0.2315249860284032,-4.013492885076111,6.943510164991729e-05,0.00011019880626968824,False
MRPL37,0.28716936808239524,5.269182369747875,2.0772057673923428e-07,4.0602975113851004e-07,False
MRPL38,-0.18273394735370152,-5.22142952700575,2.653594735058107e-07,5.146785275826626e-07,False
MRPL39,-0.0713800252654786,-1.8599186275383774,0.06351100412476618,0.07564711575981611,False
MRPL4,-0.031020736477578748,-1.1395459864867201,0.2550461326776008,0.2828144399608475,False
MRPL40,-0.1839327663019601,-3.2748041855296135,0.0011340877006233985,0.001617777860492994,False
MRPL41,-0.09074325865810717,-2.379561468837726,0.017724621748653968,0.022387052403809764,False
MRPL42,-0.08321691852488833,-2.4624740359058728,0.014149841066262159,0.018070068652136787,False
MRPL43,-0.14275884289752483,-3.118248488534163,0.0019290353515777348,0.002689814576301165,False
MRPL44,-0.4628727828748582,-7.598892439374882,1.5898393712632242e-13,4.957596025333264e-13,True
MRPL45,-0.1785597600595148,-4.3098020191836035,1.98497933170394e-05,3.302755586002844e-05,False
MRPL46,-0.12541014536889783,-2.66398333229688,0.007982962042397679,0.010496032389724786,False
MRPL47,-0.31761557645688043,-4.186109324633088,3.378468403769652e-05,5.5060239874112365e-05,True
MRPL48,-0.18367686154305263,-2.947225909506416,0.0033631288361086753,0.004584058817079142,False
MRPL49,-0.22713141287448657,-6.018068150651533,3.5164064993153943e-09,7.903509554266152e-09,False
MRPL50,-0.018190547829119552,-0.44478807434123957,0.6566742153482883,0.6829388124410377,False
MRPL51,-0.19979684911961826,-3.4798347042475286,0.0005476613891524096,0.0008058905903994131,False
MRPL52,-0.23930194233325786,-5.332748588218593,1.4950689974924103e-07,2.959054945380597e-07,False
MRPL54,-0.31243790596637755,-5.992231720457543,4.077560733506402e-09,9.127365349642489e-09,True
MRPL55,-0.22707404797115904,-5.117663771197231,4.489183027533983e-07,8.544431476233302e-07,False
MRPL9,-0.18273774450372215,-4.517156159840402,7.906110441213698e-06,1.3608859260660578e-05,False
MRPS10,-0.3691469991096046,-9.16710967329315,0.0,0.0,True
MRPS11,-0.39838136451098105,-10.275647420523848,0.0,0.0,True
MRPS12,0.09296316636416835,3.317159526553282,0.0009786791126216166,0.001404085776346793,False
MRPS14,-0.3682723357450346,-6.386365096053998,4.0300252024394467e-10,9.707624489104975e-10,True
MRPS15,-0.09113701500685423,-1.5804442582346327,0.11466652531882326,0.13270809857806945,False
MRPS16,-0.060617855464959014,-1.2826153166246632,0.20024840810352362,0.2250840566885723,False
MRPS17,-0.23090547749207513,-5.120269047817435,4.430789590781359e-07,8.437471531858237e-07,False
MRPS18A,-0.10386607732499353,-4.024422733758646,6.638914231382742e-05,0.00010558284278793014,False
MRPS18B,-0.16365262880714537,-3.8546020190234107,0.0001317566584235763,0.00020434966317236776,False
MRPS18C,-0.36628033457251874,-6.185486754968281,1.3305023749410338e-09,3.08123378708198e-09,True
MRPS2,-0.2568298693058466,-5.887262654450263,7.401724566591383e-09,1.616005786250306e-08,False
MRPS21,-0.08939708233820198,-1.7167536661031528,0.08667191321655388,0.10180215849306455,False
MRPS22,-0.33915765704393763,-6.587617806108154,1.1813905409496783e-10,2.9570703262058553e-10,True
MRPS23,-0.44304012938461756,-6.230808660440877,1.0189402654958712e-09,2.3788352084002716e-09,True
MRPS24,-0.2716856625617856,-4.215245348963437,2.9841737278157865e-05,4.8911065979951686e-05,False
MRPS25,0.07672486996469052,3.448981021720785,0.0006124901096609126,0.0008974936254805217,False
MRPS26,-0.10814520744570322,-2.1081100904173393,0.03554131023230478,0.043488458951127976,False
MRPS27,-0.08707063863588305,-2.9521864180462654,0.0033105312659369446,0.00451450333281966,False
MRPS28,-0.013018469302025881,-0.2516831327496911,0.8013941500540338,0.8196820471028605,False
MRPS30,-0.3274489514283898,-6.3181282085816575,6.067353286454136e-10,1.4401368742358375e-09,True
MRPS31,-0.44646335433665163,-9.754709582409468,0.0,0.0,True
MRPS33,-0.034456457021045495,-0.5217741502609615,0.6020692381780459,0.6306479544032837,False
MRPS34,-0.2727566621993036,-4.937760768929935,1.0939035419710308e-06,2.01481850015419e-06,False
MRPS35,-0.23237535633153206,-4.106771602011546,4.7194058332200584e-05,7.596818864290364e-05,False
MRPS36,-0.31639508999257604,-5.8268112454154455,1.039344921238694e-08,2.2487254221916825e-08,True
MRPS5,-0.2263552189545961,-6.068681731672535,2.627141393318766e-09,5.958267712076957e-09,False
MRPS6,-0.17408343895661815,-2.8468247339347577,0.004605728395161046,0.006196377643524888,False
MRPS7,0.03424353276935488,0.73196771055237,0.46454694233198324,0.4949695891889848,False
MRPS9,0.03506689368664384,0.7316944453264793,0.464713598071679,0.4951013629474353,False
MRRF,0.006048821549450523,0.20394718860887553,0.8384815564578054,0.8544293213762791,False
MRS2,-0.08394051981594641,-3.7068796680246074,0.00023439792549240224,0.0003553138181006687,False
MRTO4,-0.0037320643393150554,-0.13294500649719806,0.8942928122738643,0.9052845675925166,False
MRVI1,-0.6654072387651064,-7.284258397481852,1.3433698597964394e-12,3.8958402353965724e-12,True
MS4A1,-0.09473084133537046,-0.9066380195967676,0.36505498695692284,0.39525034258452807,False
MS4A14,-0.30896581197196804,-3.557643674509722,0.0004115186494400014,0.000611570548690411,True
MS4A3,0.9031526927861977,4.00839079542931,7.090194404923977e-05,0.00011243385097786246,True
MS4A4A,-0.38253198386500387,-3.3203184064193914,0.000967920151650814,0.0013895814196697206,True
MS4A6A,-0.42994488614086634,-7.196707687080786,2.403410803708539e-12,6.82734625102803e-12,True
MS4A7,-0.3700205797232714,-3.2767104871352406,0.0011266277893733356,0.0016075344364909518,True
MSH2,0.00302976904863117,0.08544234374765575,0.9319455011578972,0.9387914497453274,False
MSH3,-0.4128135060856035,-6.649502768445726,8.0517370548705e-11,2.0447080938062893e-10,True
MSH5,0.1497439866974717,5.270657458392231,2.0614909224114797e-07,4.0319358832750285e-07,False
MSH6,-0.27863160472007875,-6.972014474381753,1.0432765762402596e-11,2.8223351060853803e-11,False
MSI2,0.9125677121973048,18.05503603582205,0.0,0.0,True
MSL1,-0.3296454204668322,-6.34228286857638,5.251390433613778e-10,1.254995153626496e-09,True
MSL2,-0.5536172197460703,-10.78541300913581,0.0,0.0,True
MSL3,-0.5132857726337248,-8.354242395884185,6.661338147750939e-16,2.5382717209375807e-15,True
MSN,-0.5094860385930904,-11.605152899400304,0.0,0.0,True
MSR1,-0.03269507365558688,-0.6701073182576784,0.5031129299470074,0.5328084802849663,False
MSRA,-0.33386246990089585,-5.9190695682697045,6.183951795080134e-09,1.359666744178814e-08,True
MSRB2,-0.2920769937108103,-6.522633038731904,1.7616064162950806e-10,4.3544944869749e-10,False
MSRB3,-0.0687663163184924,-1.70193880645459,0.08941696903639396,0.10484467287563334,False
MST1,0.1915790818256271,9.50551707569881,0.0,0.0,False
MST1R,0.25529285646797284,8.179719877865212,2.6645352591003757e-15,9.591494265492883e-15,False
MST4,-0.03784951213712695,-0.4576613103783135,0.647403713172388,0.6740277812755547,False
MT1E,0.14776678107595442,3.120421630492155,0.001915144012109904,0.002671414855351657,False
MT1F,-0.16130596696375843,-2.5419311617739093,0.011338763474018965,0.014639230717016864,False
MT1G,0.28252873638556686,3.7435609879420717,0.0002035134490361301,0.0003104995257545937,False
MT1M,0.2308196243291416,4.866314722544764,1.5466392502272441e-06,2.8189458106594344e-06,False
MT1X,0.0011299977897891722,0.01664586362030975,0.9867260802827176,0.9882879451237105,False
MT2A,0.3200944631705962,2.763195323693471,0.005944630368869719,0.007900795802354943,True
MT3,0.31492562413311065,9.852934053081452,0.0,0.0,True
MTA1,-0.17644272651185489,-4.754625034139419,2.6353969633241547e-06,4.7123777740656536e-06,False
MTA2,-0.18433906085206564,-6.551167452117136,1.4787260305126892e-10,3.679724593967524e-10,False
MTAP,-0.12908075341930791,-4.353542478740983,1.6395834452120894e-05,2.746707636038112e-05,False
MTCH1,-0.13290995198768485,-5.1495763502756695,3.8225250942325317e-07,7.322745145595299e-07,False
MTCH2,-0.22724927311360332,-5.860683756219947,8.596177103470382e-09,1.8693480093425585e-08,False
MTDH,-0.3971168608073592,-7.879161109530861,2.2426505097428162e-14,7.453286561375505e-14,True
MTERF,-0.11486588299010991,-3.429230347567146,0.000657677695516723,0.0009613945906925295,False
MTERFD1,-0.15496431374019748,-3.7607416749263844,0.00019040564640881996,0.00029119525238757265,False
MTERFD2,0.001387086861147857,0.0543674292022202,0.9566651402092217,0.9612281612472551,False
MTF1,-0.703330104848165,-11.919088128255257,0.0,0.0,True
MTF2,-0.39268845585600953,-10.54335218947509,0.0,0.0,True
MTFMT,-0.24040031355907798,-5.953316118565479,5.091305821380843e-09,1.129777533355537e-08,False
MTG1,0.1797495101963147,5.681997489889329,2.316667702118025e-08,4.892866751136327e-08,False
MTHFD1,-0.057479693466770954,-1.0916678835219003,0.2755289623370203,0.3040055667777909,False
MTHFD1L,-0.14107928161031769,-3.421538668279056,0.000676102329795425,0.0009875757972246386,False
MTHFD2,-0.26683336226747834,-2.8551629123922058,0.004488519737698038,0.006045750568117832,False
MTHFR,-0.5231349488454056,-10.18435322697137,0.0,0.0,True
MTHFS,-0.5299129762286023,-7.769248146255449,4.8627768478581856e-14,1.5721113250204445e-13,True
MTIF2,-0.5479022221793519,-8.247305814795663,1.5543122344752192e-15,5.7274864455918265e-15,True
MTIF3,-0.2476596495170078,-6.993793209775224,9.063416683829928e-12,2.4611385379782402e-11,False
MTM1,-0.2579626596125002,-5.202070350509835,2.929020639363955e-07,5.660971265911644e-07,False
MTMR1,-0.508518849811324,-5.4535149920822885,7.93290311218442e-08,1.6073722242612547e-07,True
MTMR10,-0.35621694896921685,-4.338830497972294,1.7487848614328172e-05,2.9211503507605308e-05,True
MTMR11,-0.29816288305181526,-4.913085476045693,1.2334821901660575e-06,2.26429981649766e-06,False
MTMR12,-0.14209384226054445,-3.1836244138294076,0.001549291210564796,0.0021832989300826873,False
MTMR14,-0.3540703371981371,-10.184084905458695,0.0,0.0,True
MTMR15,-0.06662947667662156,-1.6667968876598944,0.09620975532760712,0.11239758332846922,False
MTMR2,0.019371447506811634,0.7372273794981528,0.4613457460245409,0.49174069107584784,False
MTMR3,-0.25530346144383387,-7.995181913048025,9.769962616701378e-15,3.3574045161629824e-14,False
MTMR4,-0.5857281532866772,-9.269305780773093,0.0,0.0,True
MTMR6,-0.2082039296535898,-3.6888940381189927,0.00025110529615446353,0.0003795409928360144,False
MTMR7,0.2622060725688593,10.264400727810825,0.0,0.0,False
MTMR9,-0.17934544789363382,-3.9080221129106563,0.00010648594715623183,0.00016647823361734995,False
MTMR9L,0.1681396029528428,5.538821325937225,5.0345076996194393e-08,1.034378303827872e-07,False
MTO1,-0.40183546247091906,-5.947220172598158,5.270939684720588e-09,1.167839088830476e-08,True
MTOR,-0.08697966456943673,-3.561398920603509,0.0004058274474503243,0.0006034240825068136,False
MTP18,0.4119902036548715,12.845386531092986,0.0,0.0,True
MTPAP,0.02920632360163955,1.0813091335051308,0.28010477303791403,0.308640413298616,False
MTR,-0.0005223104513465415,-0.014159545224614207,0.9887086020245748,0.9898256897897685,False
MTRF1,-0.021922191282441883,-0.65976837057571,0.5097201969785357,0.5392603737137905,False
MTRF1L,-0.32351908641227833,-8.325500695970332,8.881784197001252e-16,3.353302922492869e-15,True
MTRR,-0.1482233105908266,-3.0343593983787875,0.0025417740853470594,0.0035072706862856705,False
MTSS1,-0.1927114472055491,-3.8731782491631397,0.00012238675272091548,0.00019045839024482917,False
MTUS2,0.27775041338959516,10.453893817333535,0.0,0.0,False
MTX1,-0.4426894976292015,-9.873927940761842,0.0,0.0,True
MTX3,-0.09951158036758789,-1.9067883976025137,0.057147171922555584,0.06851355884428786,False
MUC1,0.11845627099545286,5.207317833837867,2.8517427752561275e-07,5.516242657963952e-07,False
MUC21,0.19082059065304335,6.716544237129955,5.298161909195187e-11,1.3640931388471023e-10,False
MUC5B,0.2912724673571745,9.884095121808237,0.0,0.0,False
MUDENG,-0.3888023396860101,-5.825088947202044,1.049401787689419e-08,2.2696318423571947e-08,True
MUL1,-0.05191740680796375,-1.6845591625485137,0.0927263282645372,0.10852617103019752,False
MUM1,-0.008257393819492531,-0.3044737774421325,0.7608994599323218,0.7814470858019956,False
MUS81,-0.39038334413629716,-9.499563673716668,0.0,0.0,True
MUSTN1,-0.3432513108197752,-5.496108031663395,6.326295376446467e-08,1.2909228776135846e-07,True
MUT,-0.3287083503475965,-7.474495397240254,3.7259084706420253e-13,1.1288463880411756e-12,True
MUTED,-0.24745706798769795,-3.10642344926403,0.0020062644856617684,0.0027924311998958323,False
MVD,0.6422380300213728,12.068242484958834,0.0,0.0,True
MVK,-0.02677396608614968,-0.7097638176229386,0.4781966445876842,0.5083376844781778,False
MVP,-0.6372903402703693,-14.01900787084903,0.0,0.0,True
MX1,-0.951663244454874,-4.615716561682238,5.03991356315403e-06,8.833652515820341e-06,True
MX2,-0.7086505253251678,-9.04895302336476,0.0,0.0,True
MXD1,-0.6089243509406916,-11.646931903272701,0.0,0.0,True
MXD3,-0.3765199311914458,-7.679445304771824,9.103828801926284e-14,2.888102560434835e-13,True
MXD4,0.7839949613305888,16.17561276828167,0.0,0.0,True
MXI1,1.7693769516012017,20.515398018941372,0.0,0.0,True
MXRA7,-0.18214577435140988,-2.000580914734529,0.0460025801402284,0.05563293654963684,False
MXRA8,0.23618201000661587,8.240253915437455,1.5543122344752192e-15,5.7274864455918265e-15,False
MYADM,-0.2816066086928064,-6.756124198840027,4.1318060084449826e-11,1.072909680146027e-10,False
MYB,0.07678643026897225,1.3959005450420126,0.1633923532999575,0.18570463913785992,False
MYBBP1A,0.24962569355944897,8.706102072597407,0.0,0.0,False
MYBL1,-0.08803904238564364,-0.9355799172905754,0.34996186121627426,0.3799802695211861,False
MYBL2,0.4721442022454587,10.603995543323535,0.0,0.0,True
MYBPC3,-0.026463448918412347,-0.6147933884723144,0.5389836771466121,0.5681845865335247,False
MYC,-0.25393190529763654,-2.474631606005719,0.013683242386176797,0.01749747658152426,False
MYCBP,-0.32972455602710316,-5.239391862453293,2.420600480057544e-07,4.707563216238874e-07,True
MYCBP2,-0.524987586741462,-9.923649567535934,0.0,0.0,True
MYCL1,-0.13103507782750334,-2.172920211799941,0.030276718940361658,0.03734020615353597,False
MYD88,-0.5739142304910807,-10.672531045836855,0.0,0.0,True
MYEF2,-0.12747041225362388,-3.5951864284676422,0.00035783723622873076,0.0005338592312030501,False
MYEOV,0.23931936840234513,8.245021248498633,1.5543122344752192e-15,5.7274864455918265e-15,False
MYEOV2,-0.2605657447054295,-5.161408822519115,3.600577318518816e-07,6.914813293100741e-07,False
MYH9,-0.3094662353355222,-7.274398191593719,1.4346301924206273e-12,4.151093993090481e-12,True
MYL10,0.25543292240018367,8.96283765553027,0.0,0.0,False
MYL12A,-0.23867778701402642,-7.843427080945955,2.886579864025407e-14,9.492010691895137e-14,False
MYL12B,-0.22129144834820202,-6.467701423227201,2.463287351872623e-10,6.034582519400412e-10,False
MYL4,1.769908227161297,16.88682443435403,0.0,0.0,True
MYL5,0.1598162844499167,5.6462581290531855,2.8162393528319285e-08,5.9046707508683984e-08,False
MYL6,-0.03633795535515816,-1.117301341484174,0.2644266898220424,0.29248425581525894,False
MYL6B,0.03242330280798722,0.6390290777379413,0.5231100636715997,0.5526141620903483,False
MYL9,0.4220773214306819,4.13010006059308,4.280003573908786e-05,6.915606840770839e-05,True
MYLIP,-0.5979926666251343,-6.393281460364674,3.865556763571476e-10,9.329006570203192e-10,True
MYLK,0.22033160612817637,2.2451363468913326,0.025215695864965415,0.03134681638987013,False
MYLPF,0.39249953151100403,10.578078514320937,0.0,0.0,True
MYNN,-0.028847041259504547,-0.6011811862983671,0.5480042527802169,0.5770601506330851,False
MYO10,-0.2052121747724871,-3.9413067732931832,9.31390919758357e-05,0.00014632695041866495,False
MYO18A,-0.24473725251556644,-6.1159680903314,1.997177534462935e-09,4.567299586952262e-09,False
MYO1C,0.2129603853286981,7.753648903408499,5.417888360170764e-14,1.74814162523269e-13,False
MYO1F,-0.6904797748149818,-12.20820142626355,0.0,0.0,True
MYO1G,-0.7427266293213259,-12.62848560372062,0.0,0.0,True
MYO3A,0.18887278364961624,6.725530446891009,5.007860792716201e-11,1.291660288206402e-10,False
MYO5A,-0.3320642016580324,-5.934491053029733,5.666207947285784e-09,1.2506045093846512e-08,True
MYO7A,0.11751431544382607,4.554751564634206,6.664881764040231e-06,1.1558683083405515e-05,False
MYO7B,0.10978190739385241,1.8901013087078282,0.0593490441993616,0.07106461955638735,False
MYO9A,-0.1533114164828393,-5.024324753287366,7.149831340313995e-07,1.3356942460116267e-06,False
MYO9B,-0.40189800963134203,-9.517984154045012,0.0,0.0,True
MYOF,-0.3254083242515602,-3.357375249366742,0.000849649793585705,0.0012273784765881284,True
MYOM1,0.13849537535352807,5.465870204144662,7.429979920203778e-08,1.5099848041783223e-07,False
MYOM2,-0.058247146572329545,-0.8002347103153113,0.42397229296504135,0.4545971183714336,False
MYPOP,-0.15170840710506717,-6.358670116455866,4.760041250051472e-10,1.1413595994867383e-09,False
MYSM1,-0.26050248870120507,-5.838551229566764,9.732529004935486e-09,2.1088976976646326e-08,False
MYST1,-0.6293093093493356,-11.99163700823723,0.0,0.0,True
MYST2,-0.3599513836295136,-10.36558849635741,0.0,0.0,True
MYST3,-0.555159596409613,-10.67084818137535,0.0,0.0,True
MYST4,-0.23974469457096514,-8.500141971001854,2.220446049250313e-16,8.732440437457957e-16,False
MZF1,-0.17092481313114494,-5.098286448799513,4.947480010120131e-07,9.384163055586003e-07,False
March 1,-0.2542295934047756,-3.2728955982196624,0.001141602422851662,0.0016280943801941679,False
March 2,0.7552053112030102,11.992729844318417,0.0,0.0,True
March 3,0.7303544399786812,13.712408255864295,0.0,0.0,True
March 5,-0.4853501964670883,-6.886129179486915,1.811151228992003e-11,4.81705172171759e-11,True
March 6,0.16674089693682514,4.966946287576838,9.48442716364184e-07,1.754192621997276e-06,False
March 7,-0.3315880712962773,-4.758499849475448,2.5875660725205307e-06,4.630444863968307e-06,True
March 8,1.9726984963303869,21.641378402583747,0.0,0.0,True
March 9,0.001847293313356868,0.0473544700382916,0.9622504912632306,0.9661085512822412,False
N4BP1,-0.5550183331639253,-11.39851597040831,0.0,0.0,True
N4BP2,-0.21339796737139682,-6.0545144768619865,2.8510902527756343e-09,6.456007199080506e-09,False
N4BP2L1,-0.21546693945067386,-4.063894871737521,5.6411805867018217e-05,9.02635910240565e-05,False
N4BP2L2,-0.2776464537672032,-5.3377153394993275,1.4569425355048793e-07,2.8865705308704343e-07,False
N4BP3,0.1736262077712647,6.286860438733365,7.30988825026202e-10,1.7246340846206109e-09,False
NAA10,0.04038294751757476,0.960100814111977,0.3374897995003745,0.3674080900146313,False
NAA15,-0.24873321472208731,-4.867288646030138,1.5393983190392646e-06,2.806636473094854e-06,False
NAA16,-0.12327681164469206,-4.031195453687756,6.456582094171992e-05,0.0001027966401420417,False
NAA20,-0.38129044695814684,-5.571579658000887,4.2213834650084436e-08,8.720609062667193e-08,True
NAA25,-0.1024992810387153,-4.141378275788694,4.081807897637901e-05,6.61019895584015e-05,False
NAA30,-0.009872553858505384,-0.20628203390068955,0.8366584314844936,0.8527223918129431,False
NAA35,-0.06819107624438914,-1.8428224281763461,0.06597387386012787,0.07838608076274502,False
NAA38,-0.15073232824550242,-2.18921382419753,0.029064104785295752,0.03591390506563203,False
NAA40,-0.059315672891493865,-1.7604569608663467,0.07896974537905344,0.09316391817096646,False
NAA50,-0.043830132702547875,-0.9853116726238471,0.32496939836037697,0.3547500473572007,False
NAAA,-0.2433292098519555,-4.373350510777017,1.5028140648576382e-05,2.5252976240839e-05,False
NAALADL1,0.061667058463256375,2.071588720789743,0.0388395886847408,0.04728315599868202,False
NAB1,-0.2560538761314164,-5.5039407524418875,6.067461311154432e-08,1.240963899914558e-07,False
NACA,-0.02459210091174313,-0.7125122853365444,0.47649520372318377,0.5069968826609416,False
NACA2,0.019158411895468852,0.5973758508988654,0.5505393044755487,0.579517705222868,False
NACC2,-0.21138959272445623,-5.995330810325343,4.005892506597775e-09,8.972171064262058e-09,False
NADK,-0.5796975922308816,-11.076273951118988,0.0,0.0,True
NADSYN1,-0.20518748216941773,-4.481951897734361,9.267197105256031e-06,1.5859284423628616e-05,False
NAE1,-0.1895320728902279,-2.4280347338025265,0.015548925473086284,0.01978001905295206,False
NAGA,-0.45017192202083844,-7.770755286756646,4.8183679268731794e-14,1.5590668581362965e-13,True
NAGK,-0.7258431261968816,-11.610847311361335,0.0,0.0,True
NAGLU,-0.1755904289552217,-5.502407319358609,6.117309969688733e-08,1.250937218903684e-07,False
NAGPA,-0.06164385118430715,-1.3761448093108575,0.16942107338676649,0.19209673030214494,False
NAGS,0.06860686710050468,3.0012929327224973,0.0028289447040916738,0.003883519729046835,False
NAIF1,-0.17495027583313716,-4.341108680097363,1.7314313838667772e-05,2.8930023369250663e-05,False
NAIP,-0.910368889987839,-9.74321770887674,0.0,0.0,True
NAMPT,-0.3959298512281251,-6.411739592389955,3.4581404406708316e-10,8.379116477931702e-10,True
NANOS2,0.1746798250035151,6.023254632695108,3.413217708470029e-09,7.682074010134088e-09,False
NANOS3,0.22374873386311345,7.697015081456028,8.060219158778636e-14,2.5669246472206557e-13,False
NANP,-0.1612059613729584,-4.752068987244345,2.6674136708315643e-06,4.767406993686391e-06,False
NANS,-0.37431402965382965,-6.432515604135435,3.0497604441848125e-10,7.416126357729545e-10,True
NAP1L1,0.13341433188592422,1.9892614353618587,0.04724177631509585,0.057035742728601735,False
NAP1L4,0.5791986958762214,15.371244910770796,0.0,0.0,True
NAPA,0.3907460337158768,7.407536002087726,5.868638908168577e-13,1.7476952322438947e-12,True
NAPB,-0.044105261232698645,-1.1525670147286253,0.24966413573597723,0.2771666518449038,False
NAPEPLD,-0.0711030097005283,-2.8237069057805226,0.00494537741973633,0.00662778388574087,False
NAPG,0.03007977427768349,0.6498790618724452,0.5160824871974166,0.5456405846743498,False
NAPRT1,-0.20690079032881314,-3.4553697511713075,0.0005985051121810692,0.0008777922570936766,False
NAPSA,0.33805488073613654,11.188793872385988,0.0,0.0,True
NAPSB,-0.16001488585731494,-3.0284470188581785,0.0025910719240520574,0.0035727265373660102,False
NARF,-0.022847368930323242,-0.7110440536714996,0.4774036993993267,0.5076821651939479,False
NARFL,0.21301879263101142,10.799081601627067,0.0,0.0,False
NARG2,-0.17141097133026983,-4.395896098735709,1.3604222581564684e-05,2.294057091451378e-05,False
NARS,-0.16348459626629186,-3.361823141892418,0.0008363951532666114,0.001209444610906113,False
NARS2,0.07534336231399008,2.6168450487720225,0.00915571370426771,0.011956089577084201,False
NASP,-0.28085278336677977,-6.503847940679963,1.9761170477750056e-10,4.870109600624794e-10,False
NAT1,-0.2421908349334556,-3.2988574991923443,0.001043232423147078,0.001492052928014799,False
NAT10,-0.0008646302461867705,-0.03302201200933388,0.9736708163235999,0.9760433498591548,False
NAT14,0.219477609386451,7.117621903030703,4.0458747463389955e-12,1.1287098862455532e-11,False
NAT15,-0.34319227401410224,-7.649271038671858,1.1213252548714081e-13,3.533938607623461e-13,True
NAT6,0.26076027382198097,9.191566628115432,0.0,0.0,False
NAT8B,0.09726217159215311,2.0445602327821892,0.041445430595177246,0.05032253768586979,False
NAT8L,0.40601156988206233,11.781184003531045,0.0,0.0,True
NAT9,-0.07798592969699136,-2.1337637318268867,0.033370473713163484,0.040940940110973496,False
NAV1,-0.05361444759483769,-2.096167147239534,0.036592477964097814,0.04469870134341916,False
NAV2,0.2061554372349792,6.436679576311186,2.9737923235018116e-10,7.240240388068592e-10,False
NBAS,-0.04073361453196167,-1.1657613305271195,0.24429223077430118,0.271517001764683,False
NBEAL2,-0.691900150754579,-11.256716898523456,0.0,0.0,True
NBL1,-0.01234263827676596,-0.45743780353506347,0.6475642070739229,0.6740730255995407,False
NBN,-0.47367528585725527,-5.9004781312579215,6.869710578172317e-09,1.5058457878204933e-08,True
NBPF1,-0.2677368119664658,-6.07569635768478,2.522713149488709e-09,5.72819490813334e-09,False
NBPF8,-0.26295068142018074,-5.684570418875515,2.2842389091337623e-08,4.82614600042403e-08,False
NBR1,-0.5708188813730759,-13.876925950892241,0.0,0.0,True
NBR2,-0.1589226882750414,-4.917886716700469,1.2050415885145327e-06,2.2131495628346464e-06,False
NCALD,-0.07857811872912812,-2.104297452839683,0.03587403863505778,0.043869173991537676,False
NCAM1,0.09315969740419039,3.775473086212175,0.00017980442697296262,0.0002756410958612665,False
NCAPD2,-0.39547765499049214,-6.631107943424186,9.026313030346955e-11,2.284141032437754e-10,True
NCAPD3,-0.13461175067267028,-2.9903045811047195,0.0029307653069594597,0.004014684929345465,False
NCAPG,0.09487015771616125,1.1305371110049247,0.25881682296228026,0.28663695641789316,False
NCAPG2,-0.0007735372289645603,-0.012357068445144084,0.9901458917508958,0.9910923294298374,False
NCAPH,0.21532638669808302,5.977496437651724,4.435809497493892e-09,9.892756941264694e-09,False
NCAPH2,-0.15765078116053166,-4.239305805886198,2.692035763685041e-05,4.4299371374125697e-05,False
NCBP1,-0.17908035856830207,-5.257370244799171,2.207304203860616e-07,4.3065611660349653e-07,False
NCBP2,-0.16628397341173784,-4.614289936376563,5.073161207347354e-06,8.889221774784632e-06,False
NCDN,0.24646375426502143,9.240689399921852,0.0,0.0,False
NCEH1,0.13258125595851933,2.780682026722778,0.005638589962266183,0.007507040889429514,False
NCF1,-0.4529377031165893,-6.995545193340496,8.961276165564414e-12,2.4345504752626528e-11,True
NCF2,-0.44414150678947273,-9.681392191115505,0.0,0.0,True
NCF4,-0.5467941006550738,-10.866938318711059,0.0,0.0,True
NCK1,-0.2561028421063445,-5.286445251397901,1.900352724071297e-07,3.72788879914463e-07,False
NCK2,0.09758308650189917,2.899231954754588,0.003912879231090072,0.005296410794703471,False
NCKAP1,0.19784898719166444,2.8142309022496597,0.005091048981975099,0.006810334830260268,False
NCKAP1L,-0.5771411210643604,-11.03275995526727,0.0,0.0,True
NCKAP5L,0.14343573578891622,5.087931119927137,5.210630027452368e-07,9.860563050143555e-07,False
NCKIPSD,0.11768303203100139,2.5641263409304726,0.010648070925992403,0.01379542559852733,False
NCL,-0.1601758910850677,-2.524931559493489,0.011894470263196455,0.01532063099203399,False
NCLN,-0.09821814906952753,-4.176230795277519,3.523075418998545e-05,5.7392597583714096e-05,False
NCOA1,-0.5506835842281355,-11.184244700217636,0.0,0.0,True
NCOA2,-0.2126047414840837,-5.0548957153029574,6.143764053057055e-07,1.1550517076410024e-06,False
NCOA3,-0.5198096382526627,-15.810183693807069,0.0,0.0,True
NCOA4,1.6211543479135546,23.118350087259323,0.0,0.0,True
NCOA5,-0.15279775802737827,-3.637553951114381,0.0003051713927475497,0.0004580752245320595,False
NCOA6,-0.6004952720011127,-8.088530998252264,5.10702591327572e-15,1.7929848063097536e-14,True
NCOA7,-0.17228441473053557,-1.7033635764839905,0.08914995655054847,0.10457162364775431,False
NCOR1,-0.3354594787259133,-8.756257748525186,0.0,0.0,True
NCOR2,-0.23101176722740213,-3.749603299183925,0.00019880950500628103,0.00030360422751787765,False
NCR1,-0.19962928305828154,-3.8084155664163792,0.00015807780838694718,0.00024353327200872605,False
NCR3,0.20089116593231982,5.9209182716732975,6.119530659987049e-09,1.3457593293698133e-08,False
NCRNA00085,-0.2111816552328185,-5.278145344088843,1.9834796916029518e-07,3.8843424970374705e-07,False
NCRNA00105,0.26990478464626433,10.525802238624973,0.0,0.0,False
NCRNA00110,0.3247025369777532,11.618897519103749,0.0,0.0,True
NCRNA00114,0.2605856773513553,10.59966314358621,0.0,0.0,False
NCRNA00188,0.38156525884958903,5.79241654832343,1.2591746978429796e-08,2.711615880436209e-08,True
NCRNA00201,-0.4585737777821359,-8.567528059347012,2.220446049250313e-16,8.732440437457957e-16,True
NCRNA00204,-0.2160054997025589,-6.210823854068871,1.1463689997270876e-09,2.6682207532544598e-09,False
NCRNA00219,-0.0965882435111114,-1.4876768538145986,0.13749540219826106,0.15743633577751184,False
NCRNA00235,0.252811330313532,9.029066917379627,0.0,0.0,False
NCS1,0.22945368954819179,11.359380540414937,0.0,0.0,False
NCSTN,-0.4026025699065223,-12.798471419653536,0.0,0.0,True
NDC80,0.009974813171666153,0.22672004863686812,0.8207383467347613,0.8377567581779101,False
NDE1,-0.34505017202306476,-6.267474655296516,8.201881396274757e-10,1.92653898457767e-09,True
NDEL1,-0.518492218605318,-8.098916193244756,4.6629367034256575e-15,1.6415760356589288e-14,True
NDFIP1,0.06522519285597284,1.6839556177274542,0.09284300159495928,0.10865168499160176,False
NDNL2,-0.24831163651897192,-5.252716542892498,2.260699658584997e-07,4.409244728621839e-07,False
NDOR1,0.15203798410542824,6.1752581877225134,1.4127687908427333e-09,3.2671519176304846e-09,False
NDRG1,-0.06480855848684541,-1.7167733979699367,0.08666830312550022,0.10180215849306455,False
NDRG2,0.20308833101015278,7.465428876201025,3.963496197911809e-13,1.1973646132637326e-12,False
NDRG3,-0.28681390311151844,-9.276696992033825,0.0,0.0,False
NDST1,-0.033546002970970434,-0.9183300484428182,0.3589091767509982,0.38914484252586107,False
NDST2,-0.4290648350561197,-5.666868814042838,2.5166109862695407e-08,5.302513618225506e-08,True
NDUFA1,-0.21228402464358354,-4.515978575250983,7.9483642241307e-06,1.3677381855168006e-05,False
NDUFA10,-0.22689428321908567,-6.033343691541611,3.220891109378954e-09,7.261977821283259e-09,False
NDUFA11,0.12134112891301907,3.168259817296379,0.0016317514621995155,0.0022933315145285773,False
NDUFA12,-0.35779666075836136,-6.864997316901438,2.0727197735936898e-11,5.492445151144631e-11,True
NDUFA13,-0.0178623007414469,-0.6688291433968692,0.503927301498162,0.5335237670916663,False
NDUFA2,0.20822120145242984,5.388610830941189,1.1168197056043994e-07,2.2315084455953297e-07,False
NDUFA3,0.21953049493299126,5.328466545372654,1.5287149146558932e-07,3.0230501462525725e-07,False
NDUFA4,0.2158034411672558,2.8939900385505415,0.0039776366502197735,0.005382800349375185,False
NDUFA5,0.15914337905582476,4.575225768937238,6.069922362961222e-06,1.0563443979294503e-05,False
NDUFA6,0.17159440486717248,2.8814812364284026,0.004136129974245506,0.005588093029947688,False
NDUFA7,-0.35696548747080925,-6.373369122370901,4.35780078689163e-10,1.0484024073559875e-09,True
NDUFA8,-0.41171346231056205,-7.426077972205983,5.17585974080248e-13,1.5502009452497079e-12,True
NDUFA9,-0.49233908656346514,-9.302736809120214,0.0,0.0,True
NDUFAB1,-0.21864117228366453,-4.42516617693491,1.1947302408277238e-05,2.023829748456303e-05,False
NDUFAF1,-0.46939062709717483,-8.270738299370601,1.3322676295501878e-15,4.939295405467851e-15,True
NDUFAF2,-0.04766132996574557,-1.4552079341269892,0.1462680054398675,0.16708262144603667,False
NDUFAF3,0.35058976456780133,7.170685584247764,2.8539393071014274e-12,8.065389322497875e-12,True
NDUFAF4,0.058866758248930395,2.013577419443123,0.044613770361791705,0.05402144652554175,False
NDUFB1,-0.25546042359737076,-3.4035959760431442,0.0007209696272616473,0.001049785000180371,False
NDUFB10,-0.3994790212428603,-7.999799682235191,9.547918011776346e-15,3.2830587336612457e-14,True
NDUFB11,-0.04948613530240831,-1.0284144887636206,0.30427493231355096,0.33339131982495895,False
NDUFB2,-0.020533484378285394,-0.3043949699396282,0.7609594549388823,0.7814470858019956,False
NDUFB3,-0.15956884794579107,-2.1637206376804783,0.03098044944016287,0.03814277438020908,False
NDUFB4,-0.1969926622836855,-5.721676757618181,1.8629256359758983e-08,3.9614252170585885e-08,False
NDUFB5,-0.2974116647147076,-5.314126978425399,1.6468211638809294e-07,3.251025361909927e-07,False
NDUFB6,-0.4980426638244264,-10.116751678257934,0.0,0.0,True
NDUFB7,-0.3118970457582968,-5.399131964713471,1.0568232178265191e-07,2.1175068092091972e-07,True
NDUFB8,-0.14888492629281114,-3.230349744531594,0.0013215863464581812,0.0018731823704751802,False
NDUFB9,-0.4625062738686925,-7.722816704825092,6.727951529228449e-14,2.1509651308682347e-13,True
NDUFC1,-0.012463666673630414,-0.3448064433574844,0.7303915282375133,0.7527404503684276,False
NDUFC2,-0.5081829363498818,-8.326235128356034,8.881784197001252e-16,3.353302922492869e-15,True
NDUFS1,-0.35623112860851336,-9.602981431002798,0.0,0.0,True
NDUFS2,-0.4225573965564289,-14.828234347116993,0.0,0.0,True
NDUFS3,-0.46456868709014465,-9.530470492230368,0.0,0.0,True
NDUFS4,-0.10773866207422866,-1.6499123942172238,0.09961768165332008,0.1161198213888478,False
NDUFS5,0.0158339869051618,0.2511319947122173,0.8018199646805955,0.8200447636647235,False
NDUFS6,-0.4285102104176275,-8.92799225060428,0.0,0.0,True
NDUFS7,-0.22529657342740794,-4.3696258707013556,1.527669319423275e-05,2.5655668305054242e-05,False
NDUFS8,-0.10146242063140587,-3.232984649412042,0.0013097180714560785,0.0018577321099744577,False
NDUFV1,-0.2902186140776566,-5.963474566925346,4.805148501318968e-09,1.0680664110595466e-08,False
NDUFV2,-0.11882058530514694,-2.66764557247716,0.007897761363411915,0.01039231358751906,False
NDUFV3,0.21623155031786867,6.799129577942859,3.149525085177629e-11,8.23969553853307e-11,False
NECAB1,-0.10656474254057491,-0.9769607911037599,0.32908266171916534,0.35893411422621585,False
NECAB2,0.08821453094541987,1.7073362415139168,0.08840885116245212,0.10373653423044576,False
NECAB3,0.126695522841914,3.8245462803485997,0.00014836663973416542,0.0002291546424105459,False
NECAP1,-0.09704144975691964,-2.139554858623653,0.03289647980923127,0.040398070977923084,False
NECAP2,-0.21715077725902976,-6.713600557381958,5.396794122702886e-11,1.3882463488033619e-10,False
NEDD1,-0.21706885977563584,-3.6952204964246587,0.000245104687769615,0.000370763085806723,False
NEDD4,-0.08933308055026812,-1.256819744694616,0.20943263147660351,0.23483446724218787,False
NEDD4L,1.17548186612406,18.377241627726633,0.0,0.0,True
NEDD8,-0.17100008263615507,-5.216940239792082,2.7151374726308575e-07,5.262606183280305e-07,False
NEDD9,-0.3931648409043964,-5.788800078484789,1.2847659380810228e-08,2.765175418676252e-08,True
NEIL1,-0.07718038126032667,-1.0546910845590036,0.2920993560579783,0.32108908125125035,False
NEIL2,0.6937542835301724,13.631718393978694,0.0,0.0,True
NEK1,0.015883339773972605,0.3378722760338748,0.7356077528728338,0.7575740460744007,False
NEK2,0.015541357713060755,0.3260329920483314,0.7445420590924352,0.7660902169437929,False
NEK3,-0.03910325420004668,-1.33699510519717,0.18186007529507786,0.20539721613138562,False
NEK4,-0.1036342165720896,-2.7420970203101813,0.006333820899376841,0.008400608283237977,False
NEK6,-0.20428667866829597,-5.498791050931832,6.236448646390613e-08,1.2732657206269669e-07,False
NEK7,-0.044327934582153894,-0.6369035406241226,0.5244925322206204,0.5539729945579797,False
NEK8,0.06044466461330922,2.8518629452408226,0.004534578906469466,0.006104933897103995,False
NEK9,-0.20888892644594392,-4.200161594050912,3.182476103469334e-05,5.2005876345386945e-05,False
NELF,0.05762856453291221,2.530049263758277,0.011724679942027194,0.015113763233237605,False
NELL2,-0.033061063520969824,-0.6797277561833436,0.49700584958416005,0.5266798878895989,False
NENF,0.10494484823853334,2.1107390945940785,0.03531341889365547,0.04321879220527171,False
NEO1,-0.3170644239408782,-3.036952737055372,0.0025204233829483336,0.0034803113100194023,True
NET1,0.09612467942373293,3.4756023561901963,0.000556158097338777,0.0008178712017420365,False
NETO2,-0.2173028461114308,-4.294358140480311,2.1227628347553207e-05,3.523358082643594e-05,False
NEU1,-0.7024385731873846,-14.496705824829796,0.0,0.0,True
NEU2,0.33833563036330894,10.171848767877593,0.0,0.0,True
NEU4,0.3533418037624454,10.279940166812477,0.0,0.0,True
NEURL4,0.010424571038097685,0.3534073164910058,0.7239388889862632,0.7465181540269921,False
NEUROD1,-0.0003883036666878503,-0.009091985577277778,0.9927495377725901,0.9932807596513129,False
NEUROD2,-0.04825561097720721,-1.5740342335808313,0.11614105568574784,0.13432310811894457,False
NEXN,-0.0006503173146703567,-0.009334124674019215,0.9925564479431155,0.9932807596513129,False
NF1,-0.16227402381711142,-7.725508454546104,6.59472476627343e-14,2.1101287384084344e-13,False
NF2,-0.14515020012295787,-3.024689738922171,0.0026228545300523987,0.0036130903290688327,False
NFAM1,-0.6273327041643437,-12.69233779691502,0.0,0.0,True
NFAT5,-0.5223955256735859,-10.971692147006332,0.0,0.0,True
NFATC1,-0.2652278438224944,-6.411249446955588,3.4683944605262695e-10,8.402194698381093e-10,False
NFATC2,-0.22501445766502837,-2.526489480048855,0.011842552959483221,0.015255464945234538,False
NFATC2IP,-0.3113780339311045,-7.960505833854292,1.2656542480726785e-14,4.3031497295009394e-14,True
NFATC3,-0.5551064694104584,-8.57903929153689,2.220446049250313e-16,8.732440437457957e-16,True
NFATC4,0.16091604324994124,7.065168198761967,5.701217276055104e-12,1.57186026335277e-11,False
NFE2,-0.019571798050911582,-0.4309278898398262,0.6667150322677466,0.6926308131937385,False
NFE2L1,0.008592967168773669,0.370272870796405,0.7113431742705831,0.7348844864953226,False
NFE2L2,-0.3634781713029085,-7.957060486515721,1.2878587085651816e-14,4.3721911181733943e-14,True
NFE4,-0.20306624233741566,-4.476377933709469,9.502316956844226e-06,1.6247170702966992e-05,False
NFIA,0.4015483930367001,12.386749572318797,0.0,0.0,True
NFIC,-0.0666219763892264,-3.17436999388942,0.0015984851395658417,0.0022487726334463765,False
NFIL3,-0.5436780775745573,-7.203448175699917,2.298605750183924e-12,6.54091888250213e-12,True
NFIX,1.20327852277796,21.714658218391246,0.0,0.0,True
NFKB1,-0.4874503834364923,-11.497899490644283,0.0,0.0,True
NFKB2,0.16153523943293235,4.622127697831697,4.893067920841432e-06,8.58672294030659e-06,False
NFKBIA,-0.62385929626668,-9.440579508979585,0.0,0.0,True
NFKBIB,0.11201199968856423,4.8193507247448855,1.937584891420485e-06,3.506526373020042e-06,False
NFKBID,-0.13396250836994605,-4.866183491948157,1.5476174315409708e-06,2.820282422705338e-06,False
NFKBIE,-0.2886683111049253,-4.801289218472616,2.1119769835209468e-06,3.8095619907888798e-06,False
NFKBIL1,-0.16547455838570801,-4.407046902215789,1.2948605170981509e-05,2.1854209958173773e-05,False
NFKBIZ,-0.45262084272249226,-7.282853859470271,1.3560264022771662e-12,3.9315550283993656e-12,True
NFRKB,-0.34800121868925205,-11.289760672409786,0.0,0.0,True
NFS1,-0.43463662921487245,-9.841182748777133,0.0,0.0,True
NFU1,-0.30094947664177596,-4.734477782900897,2.898136716833477e-06,5.168545725531015e-06,True
NFX1,-0.32981216297050375,-8.068728858277247,5.773159728050814e-15,2.017628243550283e-14,True
NFXL1,0.06239966393026908,0.8356776662495328,0.40375372237846685,0.4342925696215855,False
NFYA,-0.17285539091452007,-4.980913671910181,8.85619680035532e-07,1.6424815801528408e-06,False
NFYB,0.1912049334784074,6.648946952728347,8.079603652788592e-11,2.0508804424079284e-10,False
NFYC,-0.29471981278986803,-10.116486155152657,0.0,0.0,False
NGDN,-0.402686495685725,-8.391819472222926,4.440892098500626e-16,1.713723151846858e-15,True
NGFR,0.47424169389946336,12.54623630122811,0.0,0.0,True
NGFRAP1,0.48596573423838585,4.356764001535329,1.616557102845917e-05,2.7093148941775234e-05,True
NGLY1,-0.40815382266225697,-8.387550014936378,6.661338147750939e-16,2.5382717209375807e-15,True
NGRN,0.870626879288448,13.902285186858341,0.0,0.0,True
NHEDC2,-0.009740344813247592,-0.3636897342462173,0.7162504869035005,0.7392911611685862,False
NHEJ1,-0.03104720395159788,-1.1246223355998886,0.2613134421210921,0.2891856582411787,False
NHLH1,0.27830089591020446,9.167402047573205,0.0,0.0,False
NHLRC3,-0.25482260052980044,-5.114357758676044,4.5643552137875076e-07,8.680338072910401e-07,False
NHLRC4,0.20459279746609438,6.242912134860881,9.486167407146695e-10,2.2196051668276008e-09,False
NHP2,-0.36834550966218327,-5.444278902822048,8.330307643689139e-08,1.6858189344282359e-07,True
NHP2L1,-0.1716243492789049,-3.2692844943990744,0.0011559469714057524,0.001647124339884075,False
NHSL2,-0.004052072041830446,-0.12458076777386616,0.9009078203759948,0.9114313352284458,False
NID1,0.11586302678599036,3.4153433936092914,0.0006912912732728316,0.0010088666130533064,False
NIF3L1,-0.12049180125985659,-3.696573781317808,0.0002438387458549851,0.00036899349888381156,False
NIN,-0.4070162048192145,-10.689221882004908,0.0,0.0,True
NINJ1,-0.6504308530950773,-8.634968294487186,0.0,0.0,True
NINJ2,0.4182075832992096,11.018339472771247,0.0,0.0,True
NINL,0.5159355368924117,13.962435288624775,0.0,0.0,True
NIP7,-0.19397880104502896,-4.998728251295068,8.113049869695743e-07,1.5082992486931127e-06,False
NIPA1,0.14542701604331487,5.439988289261126,8.521436134500959e-08,1.722682043406749e-07,False
NIPA2,-0.38130459110978254,-7.896594282418415,1.9761969838327786e-14,6.598206683121675e-14,True
NIPAL2,0.010828509131976638,0.15442350305291397,0.8773409928164106,0.8901691972388123,False
NIPAL3,-0.3049442145837258,-4.602840907025409,5.347719135739837e-06,9.348972032871024e-06,True
NIPAL4,0.21624679724986917,7.997628566699661,9.547918011776346e-15,3.2830587336612457e-14,False
NIPBL,-0.3483487239354277,-10.838632866310078,0.0,0.0,True
NIPSNAP1,-0.17737877791642642,-5.099963415606524,4.906092823109276e-07,9.311794896918068e-07,False
NIPSNAP3A,-0.04845865110348413,-0.7032911568901486,0.4822166769971945,0.5121856986934701,False
NISCH,-0.3617140731854631,-8.424910313212282,4.440892098500626e-16,1.713723151846858e-15,True
NIT1,-0.4289480301410391,-12.245336737451295,0.0,0.0,True
NIT2,-0.10713290757676086,-2.3036944548409544,0.021667914576888547,0.027141442802433576,False
NKAP,-0.4802854163103225,-11.115061406707873,0.0,0.0,True
NKAPL,-0.05206746094360737,-1.4765481292790072,0.14045518590396178,0.160713547872031,False
NKD1,0.22649322993430676,7.795992508337647,4.0190073491430667e-14,1.3085060953866306e-13,False
NKG7,-0.38261717957132557,-3.3062991702218367,0.0010165221698446025,0.0014560207503655778,True
NKIRAS2,-0.04981675001130803,-2.0752297579262127,0.03849945814940603,0.04688394739644868,False
NKRF,-0.15522655429619636,-3.5384393730890054,0.0004418110022408328,0.0006549833892937134,False
NKTR,-0.41278625943223446,-7.416367417938194,5.526690216584029e-13,1.6501281649774866e-12,True
NKX1-2,0.5282199200959092,13.386743297850812,0.0,0.0,True
NKX2-8,0.2661870482643658,10.518204396405917,0.0,0.0,False
NKX3-1,0.04775613313055649,1.1480758709677419,0.25151139969440717,0.2791098085818763,False
NKX6-3,0.2593677471132221,9.682067545736183,0.0,0.0,False
NLGN2,0.2848181171701061,10.858810895027947,0.0,0.0,False
NLGN3,0.47314115109660815,11.68102770997632,0.0,0.0,True
NLK,-0.16147928380334697,-2.0898623338308533,0.037158039080227745,0.04534390181058872,False
NLN,-0.023069235989695347,-0.6473736102216557,0.5177009053068988,0.5472010211259101,False
NLRC3,-0.11643773213631903,-1.5257541635595886,0.1277323696035313,0.1467679965549204,False
NLRC4,-0.4264073986417767,-6.852608685206889,2.2429613721897113e-11,5.92992243430188e-11,True
NLRC5,-0.4640849096045754,-8.64756541865105,0.0,0.0,True
NLRP1,-0.5118383886959941,-6.81613747683637,2.8278712704832287e-11,7.416723398154898e-11,True
NLRP12,-0.586308515170705,-9.290653659294362,0.0,0.0,True
NLRP2,0.04053014390899312,1.2352009791763094,0.21736240100326087,0.24299276952218188,False
NLRP3,-0.5406127171791866,-7.392704861665524,6.485922909860165e-13,1.9275373064674725e-12,True
NLRP6,0.11475781261261053,4.02900328333516,6.515071853652188e-05,0.00010369920226919933,False
NLRX1,-0.12468683901983368,-2.5470793526213185,0.011175095807782975,0.014440871506602209,False
NMD3,-0.10808047348017613,-2.8364904901380403,0.00475485121515673,0.006385790468281159,False
NME1,-0.2657542158441837,-2.9029559577086426,0.0038674589565990125,0.0052355458598030355,False
NME1-NME2,-0.3675673097179919,-5.506034819222423,6.000024876939847e-08,1.227389212528327e-07,True
NME3,-0.24029922209865884,-4.41511045626683,1.249346139409191e-05,2.1126274485987183e-05,False
NME4,0.9719480968523486,12.641860378619826,0.0,0.0,True
NME6,-0.5473203173136842,-12.45310858051644,0.0,0.0,True
NME7,-0.07864862970054975,-2.5913666164171705,0.009851834688844763,0.012811389002122694,False
NMI,-0.4355245665905283,-7.513651130530791,2.8532731732866523e-13,8.722625712072438e-13,True
NMNAT1,-0.2481427892602941,-7.847462558322103,2.7977620220553945e-14,9.228929190164974e-14,False
NMNAT2,-0.21373173823923652,-5.2984741225802665,1.785846250879075e-07,3.512835205579929e-07,False
NMNAT3,0.46410857289501006,12.814142136375205,0.0,0.0,True
NMRAL1,-0.4602689809622733,-6.857103696702791,2.1796564553255848e-11,5.767852678358698e-11,True
NMT1,-0.39475823001832655,-9.3936206716756,0.0,0.0,True
NMT2,-0.06841890196451139,-2.014504515000439,0.0445160711494621,0.05390881240229751,False
NMUR1,0.18194705498025332,6.607965820758485,1.0417955387254096e-10,2.6253429907193163e-10,False
NNAT,0.1596871537527944,5.213532305294714,2.762777229214919e-07,5.350442317304413e-07,False
NNMT,0.21557677548666154,3.5628415637164963,0.0004036607483297594,0.0006003653559135564,False
NNT,-0.17326173543481715,-3.721704886101975,0.000221418961684261,0.0003367208161891615,False
NOB1,-0.2526687518603179,-3.9214578032066494,0.00010089392374768025,0.00015803604944921522,False
NOC2L,-0.036153728655465844,-1.1271296656515717,0.26025306922183145,0.2880890932506512,False
NOC4L,-0.0802108599655047,-3.0393433009389743,0.002500887999435708,0.0034545783505815953,False
NOD1,0.057140803247147876,1.5503151961552026,0.12172759750412099,0.1404286625588352,False
NOD2,-0.15831664512010946,-2.6624170207896682,0.00801965310955044,0.010541302741205422,False
NODAL,0.30654392884516657,8.268075976799317,1.3322676295501878e-15,4.939295405467851e-15,True
NOL10,-0.19201230405626113,-6.094292929557797,2.2650996633899467e-09,5.16123668759464e-09,False
NOL11,-0.14810186908505774,-2.7816362933433085,0.005622306762885998,0.0074870926707148915,False
NOL12,-0.2649398135423402,-10.526441720568696,0.0,0.0,False
NOL3,0.1701608258317613,6.3063317328724064,6.509728311954177e-10,1.5413270385488216e-09,False
NOL6,0.29334807234140037,10.63777722837795,0.0,0.0,False
NOL7,-0.13380623912147271,-2.9431813810515743,0.0034065777310761103,0.004638341475681526,False
NOL8,-0.24674657530556843,-5.668533044694646,2.4938193954326948e-08,5.2583389375781095e-08,False
NOLC1,-0.10471690965366598,-2.3982100495982888,0.01685778241220426,0.02136951640873565,False
NOMO1,-0.16338518104761768,-3.145310003780715,0.0017624902009969468,0.002467143592816117,False
NOMO2,-0.16117100078587043,-2.9189672540178098,0.0036775982824659437,0.004990840553219275,False
NONO,-0.3221183845592881,-9.349083430002663,0.0,0.0,True
NOP10,-0.48674168307158716,-10.021832702644451,0.0,0.0,True
NOP16,-0.11564513919091013,-2.970631061765025,0.003121484031362032,0.004265793635930625,False
NOP2,-0.16662943979762934,-5.9545442290133,5.055846186152735e-09,1.1223413416514424e-08,False
NOP56,-0.29733696985689484,-4.518619393265876,7.853907160626505e-06,1.3521021758071546e-05,False
NOP58,-0.13292944741838042,-1.9668777088165899,0.04977524042268322,0.05998127360904781,False
NOSIP,-0.33483175711001056,-7.050590237510318,6.269207375453334e-12,1.7230971070829624e-11,True
NOTCH1,-0.5303160899054449,-8.89194942458649,0.0,0.0,True
NOTCH2,-0.39831009775128035,-8.829294537605739,0.0,0.0,True
NOTCH2NL,-0.3564406459123215,-8.475491552385428,2.220446049250313e-16,8.732440437457957e-16,True
NOTCH3,0.3626913721698326,10.478843128465158,0.0,0.0,True
NOV,0.04192214203350142,1.1399502295984876,0.25487783852405643,0.2826550324404165,False
NOVA2,0.2949409368954674,9.633527716933802,0.0,0.0,False
NOX4,0.19702288288832914,6.851651697464836,2.2566615243135857e-11,5.963405390816286e-11,False
NOXA1,0.1765156381810753,6.714216563099298,5.376010747681903e-11,1.3832090194895653e-10,False
NPAS1,0.41480590728949496,12.555650006424985,0.0,0.0,True
NPAS3,0.27359699900983614,11.70980520636823,0.0,0.0,False
NPAT,-0.09031227617349247,-2.6537782772298213,0.008224751687849308,0.010796685435024066,False
NPB,0.3941232809588686,11.723381713569866,0.0,0.0,True
NPC1,-0.15818862153635127,-4.195210055841758,3.250266913523703e-05,5.305345696029408e-05,False
NPC2,-0.23039813136857745,-6.107927713497158,2.092738649039916e-09,4.77635357604335e-09,False
NPCDR1,-0.0979128688776747,-2.5415178736647874,0.011351994550103495,0.014654670539352477,False
NPDC1,0.21752720363123412,5.175195149873945,3.357699203121456e-07,6.458062634956762e-07,False
NPEPL1,-0.2708894591415154,-6.436263417495737,2.981299651594327e-10,7.255776608222068e-10,False
NPEPPS,-0.5615908578385369,-11.73744885127377,0.0,0.0,True
NPFF,-0.11530106809852869,-3.1072602877769677,0.002000706891192916,0.0027850323479941025,False
NPHP3,-0.08269830765921382,-2.7279050540538523,0.006608403111780792,0.00874465197525594,False
NPHP4,0.04434979740042477,1.3359064374308003,0.18221544012846103,0.20575822515829256,False
NPL,-0.27311046171100717,-4.614078697410885,5.078102025102282e-06,8.896525814015693e-06,False
NPLOC4,-0.03799723678663458,-1.492560972593592,0.13621175934550078,0.15598203160362098,False
NPM1,-0.1195274124165353,-1.6776949811849862,0.09406025270934215,0.10999797471664083,False
NPM3,-0.08553206255733103,-2.1467870291052167,0.0323126680805792,0.03970659522297758,False
NPPA,0.27698581745007056,8.274562756937774,1.3322676295501878e-15,4.939295405467851e-15,False
NPR1,0.37017902345343234,12.190785037497504,0.0,0.0,True
NPRL2,-0.3765984605448587,-7.615998043931582,1.412203687323199e-13,4.4240343416578543e-13,True
NPRL3,1.4459184084382377,14.566746208866544,0.0,0.0,True
NPTN,-0.12242723582161652,-1.3988993383781634,0.1624915936107887,0.184735557323596,False
NPW,0.356737083875732,11.853564898654104,0.0,0.0,True
NQO2,-0.484477934143392,-5.482648601846801,6.79633818112535e-08,1.3843858445337384e-07,True
NR1D1,0.4104612210530525,11.86897508166862,0.0,0.0,True
NR1D2,-0.0314291073185311,-0.9364606237783041,0.3495088900027963,0.3795242179432702,False
NR1H2,-0.3420303076443547,-9.155141544483579,0.0,0.0,True
NR2C1,-0.22798805311650705,-6.401584982185499,3.676769999572116e-10,8.8882924711587e-10,False
NR2C2,-0.3653029386826372,-8.99258206269574,0.0,0.0,True
NR2C2AP,0.2684340221312991,7.747514320506918,5.6621374255882984e-14,1.8228664339114478e-13,False
NR2E1,-0.04707035841147089,-1.0447143619123616,0.2966829607102399,0.3256614279036834,False
NR2F1,0.20805533626159356,7.5033907657497085,3.0597746558669314e-13,9.331624109327821e-13,False
NR2F6,0.23791415947763328,9.221581801074262,0.0,0.0,False
NR3C1,-0.3829164509049878,-5.90018269960819,6.881185621310237e-09,1.5080741471056434e-08,True
NR4A1,0.19860737857121746,7.946303837321737,1.3988810110276972e-14,4.7337574518296254e-14,False
NRAP,0.33944406876558864,12.248525674482313,0.0,0.0,True
NRARP,0.3073654217174049,9.891381967629444,0.0,0.0,True
NRAS,-0.09366245055294353,-1.3217916254301614,0.18686968710147545,0.21074524434324415,False
NRBF2,-0.5774947628135481,-6.946357160252664,1.230859858480926e-11,3.313218847772315e-11,True
NRBP1,-0.3297394110662113,-11.202813416233782,0.0,0.0,True
NRBP2,0.3448920297993845,9.738989252674884,0.0,0.0,True
NRD1,-0.18622132108878375,-5.424299851292304,9.257222588487934e-08,1.8652080985970356e-07,False
NRF1,-0.08898464475280132,-5.035607682373344,6.761248412257004e-07,1.2674177454969638e-06,False
NRG1,-0.051713560480027176,-1.0554605141015336,0.29174785007357307,0.32073329690756713,False
NRGN,0.2617971219348538,1.9940662466094483,0.046712372913288114,0.05644391310061531,False
NRIP1,-0.27605631849890777,-4.671572017734371,3.890813845108809e-06,6.884529136990534e-06,False
NRM,-0.2097264037784461,-4.902124972997354,1.300855685615332e-06,2.3830401785310127e-06,False
NRN1,-0.13444610485699915,-1.3629915454950436,0.1735267912572458,0.19652493446978805,False
NRP2,0.24446826298760982,10.021266569197953,0.0,0.0,False
NRSN1,0.5122474959312728,13.371751827998919,0.0,0.0,True
NRSN2,0.21862988981348774,7.693780261893994,8.237854842718662e-14,2.622046143500311e-13,False
NRTN,0.38001960687898473,10.678120831309752,0.0,0.0,True
NRXN2,0.2221128853213914,7.730053776538865,6.394884621840902e-14,2.0478920199884724e-13,False
NSA2,-0.22010401585758643,-3.3607728564845702,0.0008395075182756617,0.0012136404496758718,False
NSD1,-0.4409439831532618,-14.178023565019704,0.0,0.0,True
NSDHL,-0.022684638557441072,-0.6554984940658061,0.5124621623519396,0.5419123885184974,False
NSF,-0.21815212039825482,-8.218544022834196,1.9984014443252818e-15,7.261699128448871e-15,False
NSFL1C,-0.5808083749147945,-12.953544480148256,0.0,0.0,True
NSL1,-0.1884051400316782,-7.524633100325135,2.646771690706373e-13,8.110711121374492e-13,False
NSMAF,-0.4884472738751251,-6.818825598811859,2.7800650670428695e-11,7.294662757919547e-11,True
NSMCE1,-0.6356490349313715,-11.013336838859535,0.0,0.0,True
NSMCE2,-0.09743886196904228,-1.496080333936953,0.13529256877184914,0.15496023661956154,False
NSMCE4A,-0.21100402786479266,-4.4257561019518885,1.1915981916077456e-05,2.0188291762214476e-05,False
NSUN2,-0.2486286089294607,-6.308070683806693,6.442586464316946e-10,1.5260570323353259e-09,False
NSUN3,1.212649304971138,16.134586391095336,0.0,0.0,True
NSUN4,-0.01555969098121368,-0.5600580959418283,0.5757021417573696,0.6045134886876153,False
NSUN5,-0.32969297453569535,-5.749321798357652,1.5992647428575424e-08,3.4139975116708734e-08,True
NSUN5P1,-0.225503495112648,-4.949000803007556,1.035499227031167e-06,1.9103003837559277e-06,False
NSUN5P2,-0.18016989027390595,-2.545748111283075,0.011217214679061671,0.014492047542408187,False
NSUN6,-0.34135597769871673,-5.558828080351951,4.521456165029747e-08,9.318778594556747e-08,True
NSUN7,-0.6055553053377203,-5.748070785931261,1.610368016713437e-08,3.436426303171931e-08,True
NT5C,-0.20870154642282346,-4.6600754698761575,4.1045382470628056e-06,7.2515607466129536e-06,False
NT5C2,-0.5600444291484878,-12.610326840567016,0.0,0.0,True
NT5C3,-0.17966501533425117,-3.3227316429889386,0.0009597749570038339,0.0013783378294136843,False
NT5C3L,0.1581363671207323,5.488577289702174,6.585251766111355e-08,1.3423379064561443e-07,False
NT5DC1,-0.07408117087850385,-2.1889302043767267,0.0290848485197599,0.03593568273078561,False
NT5DC3,-0.09549860549659384,-2.3728709919489708,0.018045032632720615,0.022776762096899928,False
NT5E,0.0010569393077903833,0.038919771767276845,0.9689706000178417,0.9718391242146729,False
NT5M,0.74435305900976,7.470926498814043,3.816946758661288e-13,1.1555166810254764e-12,True
NTAN1,0.574560607206358,12.37702099570866,0.0,0.0,True
NTHL1,0.04683956588780447,1.4460550736615514,0.14881701023125715,0.16975867903088246,False
NTN3,0.17825592555180814,6.109582425611469,2.0727137783893568e-09,4.735341137101746e-09,False
NTNG2,-0.4737081846314055,-6.269807569238632,8.08914712990827e-10,1.9016099140696606e-09,True
NTRK3,0.20435632420410954,7.264625637635582,1.531219595563016e-12,4.42058108303017e-12,False
NTSR1,-0.16933086318053014,-2.3113158858263883,0.021239837159154673,0.02663709137031058,False
NUB1,-0.287292098804536,-5.244866807480396,2.3536150761671593e-07,4.5842563514321115e-07,False
NUBP1,-0.4740628515304768,-7.547719850651968,2.2581936320875684e-13,6.951398302516488e-13,True
NUBP2,-0.027126811219599034,-0.9564727965185231,0.33931683764398035,0.36929238972231765,False
NUCB1,0.05576266016218412,1.3185405741677405,0.18795406913388435,0.2119266760330084,False
NUCB2,0.034974183488897914,0.44242648395841155,0.6583807103634225,0.6845899442748027,False
NUCKS1,-0.20851782328429014,-4.124632590441137,4.379349365435381e-05,7.069187968112409e-05,False
NUDC,-0.33589494036573253,-6.890853711729373,1.7572610033766978e-11,4.6812880429917164e-11,True
NUDCD1,-0.07593879223976074,-2.205825527456212,0.027871215333392207,0.034521347250037075,False
NUDCD2,-0.11781212937756447,-2.283130434634457,0.02286073797170518,0.02855485151768293,False
NUDCD3,-0.11957436308838743,-3.7175088864443557,0.0002250220448110074,0.0003419414421602393,False
NUDT1,0.6198039186313862,12.734300215285987,0.0,0.0,True
NUDT15,-0.05933206222491405,-1.707886661924829,0.08830656364919531,0.1036270687321802,False
NUDT16,-0.35021953477969126,-6.4621066728918635,2.5485302757033423e-10,6.235454597669244e-10,True
NUDT16L1,-0.17591004290703793,-5.778132516168996,1.3632413864428372e-08,2.9264214555413792e-08,False
NUDT16P1,0.03258403654067399,1.0875853655689804,0.2773262028130925,0.30584208044078626,False
NUDT17,0.42514136613450804,13.347132353225298,0.0,0.0,True
NUDT18,0.0416457263261516,1.0646231307032967,0.28758392138554134,0.3163972483705874,False
NUDT19,-0.2822972759196354,-3.340957157816781,0.0009002859735438573,0.0012964613238219394,False
NUDT21,-0.10557676989857434,-2.0817198873309875,0.03789947376665381,0.04618747760453717,False
NUDT22,-0.2615949850732955,-7.736062284632228,6.128431095930864e-14,1.9663899106971483e-13,False
NUDT3,-0.4195048068723679,-6.979581480506201,9.935385847370526e-12,2.6909407377348012e-11,True
NUDT4,1.7806051848688398,22.775449358278447,0.0,0.0,True
NUDT5,-0.5225584154424512,-7.84929218140563,2.7755575615628914e-14,9.158306374002562e-14,True
NUDT7,-0.16665555535051535,-3.92176162866555,0.00010077074405456798,0.00015786457238740222,False
NUDT8,0.37274284086902876,11.127998296949835,0.0,0.0,True
NUDT9,-0.16705169976316459,-2.880953851798639,0.0041429368049823445,0.005595320560041227,False
NUFIP1,-0.11347413861520828,-5.500157776580011,6.191158852253409e-08,1.2651403019178112e-07,False
NUFIP2,-0.5285849677193513,-10.49994592579019,0.0,0.0,True
NUMA1,-0.21931577901802157,-5.76130730814779,1.4965994443727482e-08,3.2007666171054006e-08,False
NUMB,-0.6399567163516062,-11.090056617248848,0.0,0.0,True
NUMBL,0.28246269454700457,9.10868540920757,0.0,0.0,False
NUP107,-0.2358538706448341,-3.798095431363845,0.00016460234683468578,0.00025307720677906375,False
NUP133,-0.21604234142854306,-5.401726922321376,1.0425136331981832e-07,2.0902897373037202e-07,False
NUP153,-0.2505423511054383,-4.385779129423938,1.4226440134601503e-05,2.394773694439204e-05,False
NUP155,-0.07877289968845513,-2.9703570445915313,0.0031242187715156966,0.00426902443998687,False
NUP160,-0.14372950132093232,-4.094369586779026,4.970145765881284e-05,7.981473452835146e-05,False
NUP188,0.005036289104968894,0.13664828038493407,0.8913663376127134,0.902967974932798,False
NUP205,-0.2838614243255284,-5.149118694654881,3.8313703454306847e-07,7.335189798459648e-07,False
NUP210,-0.038520096109619484,-0.9703908231457223,0.3323424137340498,0.36221518249621726,False
NUP214,-0.4580782758938886,-9.157547421463086,0.0,0.0,True
NUP37,-0.21051538406276693,-4.796457768437358,2.1611323570702723e-06,3.893350581966292e-06,False
NUP43,-0.16986601494036435,-4.675749664976957,3.815833689468917e-06,6.757046620905835e-06,False
NUP50,-0.25502057639305686,-6.220157831796824,1.0850234044568197e-09,2.5274791902807087e-09,False
NUP54,-0.25727948010536217,-4.557681989284539,6.5764192898054574e-06,1.142246287684998e-05,False
NUP62,-0.3144833654042545,-8.05565960288541,6.439293542825908e-15,2.240236252486005e-14,True
NUP85,-0.3368627859087625,-7.494063136086323,3.2596148002994596e-13,9.909607517722216e-13,True
NUP88,0.36014974959550106,7.377867156777785,7.169820293029261e-13,2.120933743076632e-12,True
NUP93,-0.29347884820895587,-4.717936727584548,3.132525047133683e-06,5.569309464104475e-06,False
NUP98,0.07331464000957677,1.9496039658712292,0.051807623364594546,0.062332568783869294,False
NUPL1,-0.4167319319755203,-7.523163226081255,2.673417043297377e-13,8.188006094587207e-13,True
NUPL2,-0.15482468699189278,-5.035789129052261,6.755169350558532e-07,1.2664843058119097e-06,False
NUS1,-0.15918545292292752,-2.3092508493401285,0.021355089174291297,0.02676414668683075,False
NUSAP1,0.25057725460443026,3.6194264434899304,0.00032674547410405097,0.0004891203529830492,False
NUTF2,0.2838188856652266,7.417220168377546,5.495603971894525e-13,1.6412720288372578e-12,False
NVL,-0.026248300177593276,-1.0971520218552653,0.2731272614262321,0.3015000406678264,False
NXF1,-0.49563930580538695,-10.98423583406464,0.0,0.0,True
NXNL1,0.2575385860764787,10.947128797829835,0.0,0.0,False
NXPH4,0.3942281288865819,9.946655047935167,0.0,0.0,True
NXT1,-0.3626623972152432,-5.340527998488984,1.4357717526003455e-07,2.8456047519276287e-07,True
NXT2,-0.2658004420317108,-4.505334561692532,8.340242701798672e-06,1.4318633272991091e-05,False
NYX,0.3432410386659033,9.790041739361612,0.0,0.0,True
OAF,-0.09605518119061607,-3.010523789181774,0.002745924961152557,0.003773599335184479,False
OAS1,-0.6728091401864074,-4.460996709851225,1.0181148710763921e-05,1.7361458475098386e-05,True
OAS2,-0.410902427510059,-3.4823597441270446,0.0005426501453704713,0.000798924721948167,True
OAS3,-0.6867411409091231,-3.5086191974693053,0.0004930150412485457,0.0007283622239504934,True
OASL,-0.9684731500957335,-5.396061709820843,1.0740001510356478e-07,2.1496798852788232e-07,True
OAT,-0.06273927776135135,-0.7725880517452672,0.4401479996240354,0.4706712768534592,False
OAZ1,0.42041821671928226,14.965998420795106,0.0,0.0,True
OAZ2,0.06785567270477433,1.69522048928913,0.09068474947874283,0.10624467343832777,False
OBFC1,-0.6879331743578723,-7.436181489216843,4.833911049217932e-13,1.4504251465470528e-12,True
OBFC2A,-0.42627345189879673,-4.698532398937929,3.4307629905860892e-06,6.0882697409584285e-06,True
OBFC2B,0.06141433783642336,2.460364282399848,0.014232230627596598,0.01816521491404822,False
OBSL1,0.4182462957181259,11.49188654796526,0.0,0.0,True
OCEL1,-0.16668648371105066,-3.9657677319726683,8.435808771056763e-05,0.00013300312241144657,False
OCIAD1,0.0038416126921454463,0.08574103888078646,0.9317081742535547,0.9386344638120253,False
OCIAD2,-0.17535701488693078,-2.8874169395985616,0.004060218209697375,0.005490040328384091,False
OCRL,-0.11996663560442311,-2.427494014848577,0.01557183281643848,0.019804785493270936,False
ODC1,1.6280227567391954,16.193169849937533,0.0,0.0,True
ODF2,-0.11180132701934298,-3.274145485256845,0.0011366760162414558,0.0016212693203424132,False
ODF3B,-0.002160873071351599,-0.0657045879094338,0.9476404863533114,0.9531846631421406,False
ODZ1,-0.050918031325146274,-1.1921590704070117,0.23379030435738102,0.260447825521535,False
OFD1,-0.1747789221571483,-4.302455768922818,2.0494186442787665e-05,3.405547224963519e-05,False
OGDH,0.05000611621688078,2.065766578879862,0.03938878963738279,0.047921363311471524,False
OGFOD1,-0.18264869382115023,-3.5341009939228383,0.00044893746396934553,0.0006652914765808429,False
OGFOD2,0.17426692078862116,7.657533653551896,1.0591527654923993e-13,3.3453196341395527e-13,False
OGFR,-0.32499487373391744,-10.026146265161914,0.0,0.0,True
OGFRL1,-0.2891601392310603,-5.422434955179331,9.348685203747209e-08,1.8826486863979739e-07,False
OGG1,0.1365457596602595,5.678298817733153,2.3640718049833254e-08,4.990240630676732e-08,False
OGT,-0.2527987570567616,-4.409662175071329,1.2799275994179737e-05,2.160850947925493e-05,False
OIP5,0.1667349748048208,3.137875648163869,0.0018068707467222556,0.0025261978555035395,False
OLA1,-0.03862023344920473,-1.3018799259232734,0.19358437240365745,0.2180190052520268,False
OLAH,-0.426237474490895,-2.2634576696289677,0.02405501916148456,0.029975093652222052,True
OLFM4,0.1064644879862584,0.41232014869309913,0.6802896099140701,0.7054605704537426,False
OLFML2A,0.14363422020535355,4.777530292807406,2.364532438958733e-06,4.247161884354537e-06,False
OLFML2B,0.43437708514923346,13.66378146704617,0.0,0.0,True
OLIG1,-0.29212732593232094,-3.0127501445922635,0.0027262388114990266,0.0037478869637972653,False
OLIG2,0.18070033796786378,5.98144568010178,4.336887737821371e-09,9.681513537202397e-09,False
OLR1,0.26470797918529065,1.7402569372209062,0.08245737854796054,0.09703990023436426,False
OMA1,-0.6681439958694009,-8.127231140770155,3.774758283725532e-15,1.3407783123723221e-14,True
OMG,-0.09510256337616729,-2.3108133370073,0.02126783482293204,0.026666397009399607,False
OMP,0.10795931925890745,4.0409299463490225,6.202824057743861e-05,9.885214488261142e-05,False
OPA1,0.3493083523530407,7.495367648915663,3.2307490016592055e-13,9.824445023788908e-13,True
OPA3,-0.048961487233985856,-2.1669872277611177,0.030728972232411778,0.037849340370525154,False
OPHN1,0.4435540096444637,12.505092789480178,0.0,0.0,True
OPLAH,-0.42829663160859344,-4.2852712598044205,2.2080509597621756e-05,3.6622806343413246e-05,True
OPN3,-0.4112066129658749,-6.287889401766977,7.265295032254926e-10,1.7152886549814408e-09,True
OPRD1,0.21285341437370064,6.323190221722381,5.886675591426638e-10,1.3995586406118357e-09,False
OPRL1,-0.5406945437846913,-9.440755842214214,0.0,0.0,True
OPTN,1.7293688140336956,20.375031078423003,0.0,0.0,True
OR10A4,0.3355831360844683,12.124044246713044,0.0,0.0,True
OR10G4,0.705217616359171,11.015507512891485,0.0,0.0,True
OR10G7,0.2453170728852725,8.916741366115927,0.0,0.0,False
OR10H1,0.3084115139766399,10.958865623444172,0.0,0.0,True
OR13H1,0.20588020578185295,7.578905823321289,1.822986206434507e-13,5.65400595366696e-13,False
OR14I1,0.2533437700671124,9.324667113005107,0.0,0.0,False
OR1L1,0.1267496547046978,4.388654155122219,1.4046903454856263e-05,2.365934798895881e-05,False
OR1N1,0.1497306740926776,5.116864436685818,4.5072477372620767e-07,8.577397436894409e-07,False
OR1N2,0.28750472414732364,9.718460903257576,0.0,0.0,False
OR2A1,0.1560936574028906,5.546923425169906,4.8202583036172086e-08,9.915099178458327e-08,False
OR2A14,0.5098671977080382,12.925458245004862,0.0,0.0,True
OR2A2,0.2369412777471398,8.902523813994883,0.0,0.0,False
OR2M1P,0.2540311118486156,8.320334356270145,8.881784197001252e-16,3.353302922492869e-15,False
OR2T2,0.12281836401513058,4.229682954241282,2.8054420084799858e-05,4.609312009083006e-05,False
OR2T3,0.2225606677592573,7.437467255654494,4.791722574282176e-13,1.438141019623668e-12,False
OR2T34,0.6619473222360708,13.798633647019937,0.0,0.0,True
OR2T6,0.3154682965270501,10.654062683989052,0.0,0.0,True
OR2W3,1.487607729512531,19.490519799415164,0.0,0.0,True
OR4N2,0.14451212017439508,4.750969851357555,2.681296141338052e-06,4.791475372645519e-06,False
OR51D1,0.10028428003060919,3.6408015194747594,0.0003014505765641662,0.00045260808021932095,False
OR51E1,0.16637806723517645,5.199532963024289,2.967111696339231e-07,5.730744404783971e-07,False
OR52R1,0.08697244814666893,3.4450410507011893,0.0006212661968159061,0.0009099002315476698,False
OR56A4,0.2854829654979265,10.828422502363498,0.0,0.0,False
OR5A2,0.05512890314787011,1.97706133253892,0.04860879433475973,0.05864314012799511,False
OR5H1,0.0006221975109168554,0.014528146749658032,0.9884146846180752,0.9896174491191315,False
OR7D4,0.13573449914051228,4.545992492557243,6.936156702108676e-06,1.2011062695668948e-05,False
OR9K2,0.34802266904510537,10.712265025367921,0.0,0.0,True
ORAI1,-0.43213107979754994,-9.027283338920995,0.0,0.0,True
ORAI2,-0.3836887317224429,-7.103825236755835,4.4286796452297494e-12,1.2298447645468051e-11,True
ORAI3,-0.19948121903721372,-6.2976282834618615,6.85619561124895e-10,1.6213614708679257e-09,False
ORAOV1,0.23443507289075294,8.681283960334822,0.0,0.0,False
ORC2L,-0.08865363415091432,-3.125339472926212,0.0018840473413965775,0.002629949263881141,False
ORC3L,-0.22019457692414468,-6.781772008778655,3.514810664739798e-11,9.166199693714679e-11,False
ORC4L,-0.2955192540224214,-5.719814125825483,1.882138245257181e-08,4.000802813640426e-08,False
ORC5L,0.0037355214228669276,0.09240990803261792,0.926411078579547,0.9339514453140033,False
ORM1,-0.28988298097015086,-2.123874478064781,0.034193446968609154,0.041892609618316194,False
ORM2,-0.1223607036465797,-0.9890882939416872,0.3231202756163869,0.3528652308328745,False
ORMDL1,-0.22396934887659414,-4.549847962021941,6.815469529186657e-06,1.1809174715207749e-05,False
ORMDL2,-0.23516060049360288,-6.771300179011765,3.7549519049662194e-11,9.774755026735792e-11,False
ORMDL3,0.5923540996522356,16.68388611160235,0.0,0.0,True
OS9,-0.4991016190149393,-14.552252537734992,0.0,0.0,True
OSBP,-0.21964368762758602,-10.20897691682133,0.0,0.0,False
OSBP2,1.6443019380749,22.789329127917384,0.0,0.0,True
OSBPL11,-0.4089884952325109,-6.07197082941666,2.577660307423457e-09,5.8483492379773104e-09,True
OSBPL1A,-0.293886231353377,-2.920766537942861,0.0036568025929255565,0.00496378848313805,False
OSBPL2,-0.1620392974708622,-5.200181624225662,2.957328641972623e-07,5.712807081482919e-07,False
OSBPL3,-0.09991729563942053,-3.205648873479149,0.0014377866586989807,0.002032629420907408,False
OSBPL5,0.03872696849086976,1.57033888921585,0.11699788246485587,0.13528393978244074,False
OSBPL6,0.13506594180080356,4.198642791175749,3.203125206652224e-05,5.232846299167065e-05,False
OSBPL7,0.18156718383200188,5.661067155309963,2.5976612416656053e-08,5.45930666716769e-08,False
OSBPL8,-0.41312693562632763,-6.599728555773985,1.0962408758530273e-10,2.7529101044148727e-10,True
OSBPL9,-0.49062294395269923,-7.037823862534053,6.8121064344950355e-12,1.8691913772974825e-11,True
OSCAR,-0.5071569170720887,-8.99487730812126,0.0,0.0,True
OSGEP,-0.10820189323840612,-2.4871782436887364,0.013216056132944853,0.016920723640701543,False
OSGEPL1,-0.12379066921504656,-3.5159074936581964,0.0004800113178451415,0.0007099705149278614,False
OSGIN1,0.17984410933270079,6.521220877288008,1.7769052895744153e-10,4.3904272909926403e-10,False
OSGIN2,-0.16030229298502263,-3.20527247953296,0.0014396282523971848,0.0020349831684087828,False
OSM,-0.0874453185588262,-1.6307130329873614,0.10360947742303872,0.12046811047097841,False
OST4,0.49674632031095456,11.758461623824727,0.0,0.0,True
OSTC,-0.15956932309750105,-2.3009845762007624,0.021821927260192275,0.027331388508226032,False
OSTF1,-0.44818026390147025,-12.55037655294374,0.0,0.0,True
OSTM1,-0.2888516119292195,-4.884840219603374,1.4143746229766663e-06,2.585650100312366e-06,False
OSTalpha,-0.1888445726399426,-1.6570547683121093,0.09816447388580496,0.11454179241193146,False
OTOF,0.38599495451488997,11.067791419941093,0.0,0.0,True
OTOS,0.1900465857179947,6.0445287662180345,3.020034666789684e-09,6.827827149509395e-09,False
OTUB1,-0.1952907287886645,-8.601839413968339,2.220446049250313e-16,8.732440437457957e-16,False
OTUD1,-0.25246812042784406,-2.3089585069888305,0.021371449198318793,0.026781736653115118,False
OTUD3,-0.06487317547934657,-2.0916759861722465,0.03699458906485931,0.04516115636266579,False
OTUD4,-0.08965582119207971,-1.6605952869267386,0.09745043338876003,0.11376624528277357,False
OTUD5,0.14551094233568485,4.8664785544940905,1.5454188979635575e-06,2.8171673185064437e-06,False
OTUD6B,-0.11973847235368051,-3.7753660088890437,0.00017987943432484776,0.00027571938842154645,False
OTX1,0.10279878155656741,2.5156185541533076,0.012209067186723432,0.01570126659862311,False
OVOS,0.26871397643345585,2.2604116966304444,0.02424470289811187,0.030188599360431372,False
OXA1L,-0.2533606449127914,-7.2975238023930125,1.2294609774698984e-12,3.5735960129890885e-12,False
OXCT1,0.13321704330284145,6.023688451751643,3.4047218377963873e-09,7.66594817231755e-09,False
OXCT2,0.1551059026597459,5.363152182561338,1.2760001566469725e-07,2.539378127774171e-07,False
OXER1,-0.07997729352700578,-1.5411964174626978,0.12393061653878013,0.1427842340378284,False
OXNAD1,0.00224192008233004,0.0535094012637957,0.9573483928054558,0.9617736034123536,False
OXR1,-0.11500877852323654,-2.089525103679113,0.0371884988469684,0.045373828854806585,False
OXSM,-0.06710534286859238,-2.2936525793169733,0.02224343240624882,0.027832076676904207,False
OXSR1,0.023313653260173872,0.462384605414467,0.6440159048385541,0.6709251341082847,False
P2RX1,-0.5036470568378304,-6.268535830616713,8.150411456853135e-10,1.9148396812459973e-09,True
P2RX3,0.2879033368380495,9.904929792646822,0.0,0.0,False
P2RX4,-0.286837836413643,-6.765989795061538,3.882827392942545e-11,1.0100787881505235e-10,False
P2RX5,-0.17705489961218435,-2.1748024599219513,0.03013444483550254,0.03718066303129325,False
P2RX7,-0.13527422697166136,-3.9449827360860197,9.176634821117524e-05,0.00014422930345811538,False
P2RY10,-0.11804010205872872,-1.947405778386534,0.05207118368175956,0.06263658780599293,False
P2RY11,0.1445391982707629,5.1014115397475965,4.87062309817432e-07,9.247520597967693e-07,False
P2RY13,-0.7742814570130134,-12.106384146537449,0.0,0.0,True
P2RY14,-0.5172012547921354,-3.0093562122217126,0.002756301044670284,0.003786955120891818,True
P2RY8,-0.25463144636317736,-3.800465795324628,0.0001630816628974685,0.0002508270051607604,False
P4HA1,-0.12172048249515299,-1.413306320967175,0.15821644193911877,0.1801062550347573,False
P4HB,-0.32053926188068615,-6.749745749355025,4.301070610779334e-11,1.1146014030498795e-10,True
P4HTM,-0.006033468815655585,-0.2570381353343654,0.797259921956113,0.8156791756245364,False
PA2G4,1.4141958204061984,20.305514750476206,0.0,0.0,True
PAAF1,-0.00739120073051458,-0.26403607278887176,0.7918659021882029,0.810872373304819,False
PABPC1,-0.0551087968948476,-1.6029214257318594,0.10961246094639443,0.12715266240095846,False
PABPC1L,-0.4411229971346602,-8.379408774928319,6.661338147750939e-16,2.5382717209375807e-15,True
PABPC4,-0.2335293644932861,-3.9358322703811828,9.521958901981264e-05,0.0001494140794586525,False
PABPC5,0.2904562588267181,10.351710203361993,0.0,0.0,False
PABPN1,-0.5074081907961174,-14.069233258713794,0.0,0.0,True
PABPN1L,0.364454507036307,11.042585767477899,0.0,0.0,True
PACS1,-0.10370773413518508,-3.193355787560311,0.0014990733774282727,0.0021151183530862656,False
PACS2,0.08877782374645227,3.945068518360369,9.173454391131486e-05,0.00014419899171867303,False
PACSIN1,0.31883057744144594,11.407517010047718,0.0,0.0,True
PACSIN2,-0.3523168832770791,-8.049515096624939,6.661338147750939e-15,2.3146894155035618e-14,True
PADI2,-0.37595954380858565,-8.17490984474722,2.6645352591003757e-15,9.591494265492883e-15,True
PADI4,-0.25459221005608335,-3.5055502431917707,0.0004985886284099017,0.0007362187425527058,False
PAF1,-0.4322388537828359,-11.130771075832898,0.0,0.0,True
PAFAH1B1,-0.3690563086689549,-13.435851678188088,0.0,0.0,True
PAFAH1B2,-0.46244451547075993,-14.167074896164154,0.0,0.0,True
PAFAH1B3,-0.01124291724888593,-0.2714610416842101,0.7861536399247673,0.8055242642139651,False
PAFAH2,-0.04800953401301111,-1.3008742444041763,0.1939281667058066,0.21837731370855967,False
PAG1,-0.3066355111919412,-4.324956053053588,1.8581133236938996e-05,3.097931303463602e-05,True
PAGE2,1.579410311651341,21.57768708470275,0.0,0.0,True
PAGE5,0.35773859145056086,12.646141077182852,0.0,0.0,True
PAH,0.18565894063079647,6.756082468666891,4.132894027009115e-11,1.072950333493757e-10,False
PAICS,-0.11946144311290485,-2.706132602326936,0.007050558113336658,0.00931155456403634,False
PAIP1,0.062287915670087735,1.381671756214543,0.1677178385386422,0.19022664258828473,False
PAIP2,0.2739870250894221,6.527983309935329,1.7048051859092084e-10,4.223150739029714e-10,False
PAK1,-0.5788345717948742,-9.029961291070032,0.0,0.0,True
PAK1IP1,-0.20375315677678785,-4.784135619674039,2.2915397188683073e-06,4.120550424858575e-06,False
PAK2,-0.4118505120227809,-13.344577457029107,0.0,0.0,True
PAK3,-0.05674307053235417,-1.227935219366786,0.2200755132844192,0.24593032960062328,False
PAK4,0.3588351783623702,12.376299811266255,0.0,0.0,True
PAK6,0.19643219990968053,6.523114141428152,1.7564238952161304e-10,4.342615764969866e-10,False
PALB2,0.11633136481713402,4.271214332743494,2.3464633292391568e-05,3.8829063481548404e-05,False
PALLD,-0.2026929641791253,-3.3410830337158504,0.0008998872969046001,0.0012960492339389959,False
PALMD,0.14322015123685672,3.982347755681368,7.885884173819413e-05,0.00012460562386587903,False
PAM,-0.20121464664538014,-3.7248266277982562,0.00021877366084499528,0.0003329001055843462,False
PAN2,-0.08338655124000027,-1.9728937222379914,0.049083344767455905,0.059197052494641876,False
PAN3,-0.4172031366781619,-8.777757285092308,0.0,0.0,True
PANK2,-0.5207318729101162,-11.71492008398592,0.0,0.0,True
PANK3,0.1385131656919274,2.6305715006246837,0.008799231110056205,0.01151668482635353,False
PANK4,-0.5796467844598512,-10.41536878826615,0.0,0.0,True
PANX1,0.06989519980387104,3.038313391451536,0.0025092871889924595,0.003465764883693542,False
PANX2,-0.05341521847857145,-1.5875560219610776,0.11304790480551707,0.13092688673383784,False
PAOX,-0.08817617808858325,-3.1849343094096985,0.0015424422714116481,0.002173913192755509,False
PAPD4,-0.26476600468683387,-3.2493237432076936,0.0012382984019623233,0.0017616350861064593,False
PAPD5,-0.43387934024776165,-10.119634688985112,0.0,0.0,True
PAPD7,-0.10229754581414241,-1.9467536228072162,0.05214959249271467,0.06272435584458393,False
PAPOLA,-0.19397116115922586,-4.828819487858718,1.8517908064730193e-06,3.3570629996478923e-06,False
PAPOLG,-0.36497205109844,-6.827600350631676,2.6294966204432058e-11,6.912179728636533e-11,True
PAPPA2,0.2061311970382942,6.044882520333939,3.0138860296347048e-09,6.815263677927397e-09,False
PAPSS1,-0.3244971298452901,-4.132026031308501,4.2455216730852285e-05,6.860853556715594e-05,True
PAPSS2,-0.16235351668190479,-3.4151330601959007,0.0006918124886905463,0.0010094993738569043,False
PAQR3,0.10271500963751024,5.595243179088432,3.715022889316799e-08,7.710513272439677e-08,False
PAQR4,0.3311976092878428,12.10932715882626,0.0,0.0,True
PAQR6,0.07562952730212347,2.3198750306463842,0.020767916952917354,0.02607932359976616,False
PAQR8,-0.16036604689545264,-3.92252718851324,0.00010046099495575334,0.0001574007346157947,False
PAQR9,0.21953475692559632,7.697384897982361,8.038014698286133e-14,2.560561153472289e-13,False
PARD3,0.16625800755043318,4.348797910062472,1.6740678199234083e-05,2.8020324350040305e-05,False
PARD6A,0.05300496039459501,1.3925314993791826,0.16440882570779958,0.18678619817813819,False
PARD6G,0.3272477200665662,11.785344703007347,0.0,0.0,True
PARK7,-0.1005502736767534,-2.7105063243949163,0.006959654421910599,0.009196031456090744,False
PARL,-0.6052536632891226,-6.753856257054515,4.191225144722921e-11,1.0873586135599848e-10,True
PARN,-0.6364783284340669,-11.87094774027061,0.0,0.0,True
PARP1,-0.22047430955316694,-4.759639052243693,2.5736634350348453e-06,4.606281713512489e-06,False
PARP10,-0.0011464807572401092,-0.02821710345720543,0.9775007711075334,0.9796268820591332,False
PARP11,-0.1819635998562137,-3.6108506772029276,0.0003374433275684652,0.0005046098520396145,False
PARP12,-0.6418324212209621,-5.257912683048465,2.201160529402557e-07,4.296029843813632e-07,True
PARP14,-0.6137242701047825,-5.358784441023079,1.3054368186438126e-07,2.593536859944477e-07,True
PARP16,-0.1079355385157843,-2.3097150412261547,0.021329134607315003,0.026734526827166653,False
PARP3,-0.0666251220855818,-1.8876216374631452,0.05968218819698601,0.07142640268478771,False
PARP4,-0.279099004215853,-9.03532789065971,0.0,0.0,False
PARP6,-0.28672566185937853,-7.033710285603782,6.9968475457926615e-12,1.9175990216508606e-11,False
PARP8,-0.3890567090145609,-7.10157157076407,4.494404848287559e-12,1.2471946385792432e-11,True
PARP9,-0.780284217666849,-9.063241103199898,0.0,0.0,True
PARVB,0.2016620265618072,4.677947152490384,3.776952952616597e-06,6.69231211524236e-06,False
PARVG,-0.075277390933433,-3.0851355208045863,0.002152510157644949,0.002990298059638771,False
PASK,-0.09441219015024815,-1.5398951274254686,0.12424752604257905,0.1430634998485074,False
PATL1,-0.47446157888570806,-9.088519532535651,0.0,0.0,True
PATL2,-0.34140622391823783,-4.4581226160253165,1.0313042116960602e-05,1.7573362743383016e-05,True
PATZ1,-0.07540482562257589,-2.883251562669475,0.004113355156722953,0.005559279367627795,False
PAX3,0.30392782546609487,8.60281545308641,2.220446049250313e-16,8.732440437457957e-16,True
PAX5,0.24795992610848439,10.777165112475517,0.0,0.0,False
PAXIP1,-0.22809124843149098,-5.039364997507867,6.636438447671367e-07,1.2448320221254922e-06,False
PBLD,-0.2397291351535893,-5.917933510012502,6.223867199395272e-09,1.3681817990426363e-08,False
PBRM1,-0.28407807715638356,-5.435873349100839,8.708736642937254e-08,1.7590029351217643e-07,False
PBX1,1.1777631499436958,19.614394231931378,0.0,0.0,True
PBX2,-0.4038626225629418,-8.744222426709507,0.0,0.0,True
PBX3,-0.433501543706881,-9.129896890940786,0.0,0.0,True
PBX4,-0.05226245075742231,-1.4331281328477157,0.15247484532423816,0.17375917523643644,False
PBXIP1,-0.13144052429451492,-3.8203629157630687,0.00015082956648004853,0.00023286500151235476,False
PCBD1,0.08467259933567028,1.890592852931633,0.05928318938008226,0.07099314465840187,False
PCBP1,0.20486330308870393,5.931146383504647,5.774776434819273e-09,1.2740787158146563e-08,False
PCBP2,-0.13799236902196377,-4.8738795376488175,1.4912485850615553e-06,2.721434165292151e-06,False
PCBP4,0.19012916588234674,6.45515877002296,2.6584223711267896e-10,6.494669627361503e-10,False
PCCA,-0.13638848259854974,-3.770646431134833,0.00018321495660500453,0.00028064535706556477,False
PCCB,0.24303096340553276,8.49249648122305,2.220446049250313e-16,8.732440437457957e-16,False
PCDH1,0.6228527264200285,13.36045869080713,0.0,0.0,True
PCDH9,-0.12781132109046167,-2.058317571483879,0.04010108445352922,0.0487570605678914,False
PCDHA11,0.2078111134184355,6.907025909116793,1.5844658918240384e-11,4.2346780992856375e-11,False
PCDHA13,0.2445670905507602,8.920675445143909,0.0,0.0,False
PCDHA4,0.4559295244295698,15.87573403494448,0.0,0.0,True
PCDHGA1,0.25858242257071495,9.746917350291486,0.0,0.0,False
PCDHGA8,0.2282438335124226,8.865385314644916,0.0,0.0,False
PCDHGB4,0.43501059124314523,13.945762525882966,0.0,0.0,True
PCF11,-0.3700142861934985,-4.46889935617676,9.826771171450588e-06,1.6781998091021396e-05,True
PCGF3,-0.21082914456571444,-3.018245614390492,0.0026781985394186414,0.0036849222378838183,False
PCGF5,0.9345079841375918,16.27993735598147,0.0,0.0,True
PCID2,-0.06225184050233912,-1.541628739562104,0.12382547117761633,0.14267736345853382,False
PCIF1,0.00878604941072858,0.37801641401112845,0.7055861848130882,0.7293294385195588,False
PCK2,0.26970524642540994,6.623677874705157,9.45197253798824e-11,2.388707144911947e-10,False
PCM1,0.18716192898918216,5.7049470098342825,2.042564339888031e-08,4.332222174768961e-08,False
PCMT1,-0.12607935700058714,-1.942278703748579,0.05269028905224671,0.06335484755666282,False
PCMTD1,0.28756270653523774,4.364912188047089,1.5596886095314844e-05,2.6178133605119e-05,False
PCMTD2,0.17449140488728165,3.0899489547685866,0.002118609669101712,0.002945596231548898,False
PCNA,-0.20653325416932944,-1.7937726873981268,0.07348129089467337,0.08688472488357038,False
PCNP,0.21404900978339203,2.9685298742913524,0.0031425103461333315,0.004293000080302401,False
PCNT,0.2769177468641182,5.765933852296719,1.4587122176834555e-08,3.123216735222253e-08,False
PCNX,-0.6175504597874761,-10.984290474714472,0.0,0.0,True
PCNXL3,-0.039128806039776975,-1.2882793335965785,0.19827189972218928,0.22305830773512045,False
PCOLCE,0.4709786619151286,10.94234409477596,0.0,0.0,True
PCOLCE2,-0.44847411756412026,-2.981931702384671,0.003010590558777393,0.004119623740384508,True
PCP2,0.22394831956398997,7.587305348362728,1.7208456881689926e-13,5.347294707855038e-13,False
PCSK1N,0.43254646180078105,10.301288340600594,0.0,0.0,True
PCSK4,0.2747422932491266,9.268160836009345,0.0,0.0,False
PCSK5,-0.010606391649047975,-0.2379936516468751,0.8119879864497928,0.829922852336918,False
PCSK6,0.3436676447083551,5.133423034731718,4.147008834110011e-07,7.910149819525288e-07,True
PCSK7,-0.333397366176273,-6.7602222341313105,4.026534661250025e-11,1.0469899043552831e-10,True
PCSK9,0.20600798407664156,6.323689202431705,5.869154051652004e-10,1.3959691414614788e-09,False
PCTP,0.5133342034175197,7.502137695081181,3.086420008457935e-13,9.40292834631763e-13,True
PCYOX1,-0.11565345274021954,-3.379260608275254,0.0007862656231378828,0.0011408229894099096,False
PCYOX1L,-0.27717587316221337,-4.200440472213974,3.178698388084378e-05,5.195151352489209e-05,False
PCYT1A,-0.480622868131924,-7.2191760633253805,2.071010030135767e-12,5.921063424456168e-12,True
PCYT1B,0.27078715121468644,7.502195757055659,3.084199562408685e-13,9.39864940724488e-13,False
PCYT2,0.3372901210352701,12.188635736786154,0.0,0.0,True
PDAP1,-0.08557311956134761,-3.048180987675836,0.0024298678209746516,0.003360505154257055,False
PDCD1,0.20489771550741276,7.911136054737637,1.7763568394002505e-14,5.956871741790826e-14,False
PDCD10,0.5649776185389861,6.823106885707324,2.705591306551014e-11,7.107344643138228e-11,True
PDCD11,0.006274098281896734,0.23807352970308263,0.8119260691691852,0.829922852336918,False
PDCD1LG2,0.2695986057764608,9.208429125191184,0.0,0.0,False
PDCD2,-0.13553189969621027,-3.7174858968611506,0.00022504193706196496,0.0003419414421602393,False
PDCD4,-0.3411406506784225,-5.6427340220816555,2.8708343036143447e-08,6.016946932920967e-08,True
PDCD5,-0.3095614438965373,-6.1004309658243185,2.185855496605882e-09,4.982954574589977e-09,True
PDCD6,-0.19220437967804038,-7.14294428334906,3.426148253993233e-12,9.604721766305197e-12,False
PDCD6IP,-0.3952088217233749,-8.737205847157474,0.0,0.0,True
PDCD7,-0.29954691914409226,-6.349410122781358,5.031872696292794e-10,1.2052847076023435e-09,False
PDCL,-0.02257174434471798,-0.7497311070227985,0.4537854466311546,0.4844443521542419,False
PDCL3,-0.26825407505898946,-6.891473340785956,1.7503110072425443e-11,4.6649311643745646e-11,False
PDDC1,0.16296627649286677,7.826341505109608,3.26405569239796e-14,1.0687509244096675e-13,False
PDE12,-0.29524969339402674,-6.034039912716153,3.2080167411407956e-09,7.234366648629762e-09,False
PDE1B,0.27646623878779186,9.579236319313162,0.0,0.0,False
PDE1C,0.1977515541757926,7.7882428893933335,4.263256414560601e-14,1.385287747230566e-13,False
PDE2A,0.2224119129922606,7.572680254486165,1.9029222642075183e-13,5.887660908247758e-13,False
PDE3B,-0.12930998876417465,-2.2775698800857076,0.023192950560536163,0.0289478380655343,False
PDE4A,-0.37404463082975203,-5.1343586562175565,4.1275083217939823e-07,7.875562093547272e-07,True
PDE4B,-0.24712939969624825,-3.055201608639254,0.002374774629952947,0.003287864057984134,False
PDE4D,-0.0544338474824575,-0.7088204560757512,0.4787814001974835,0.5088653763494013,False
PDE4DIP,-0.09123625753747433,-2.367314075630718,0.018315014014408826,0.02310487859292249,False
PDE5A,0.32481678963206306,3.302219340665782,0.001031086154839933,0.0014750473692997006,True
PDE6D,-0.486515391067341,-9.920893380496155,0.0,0.0,True
PDE6G,0.19312169965144932,5.8728255983456314,8.028865572384802e-09,1.7489505016698286e-08,False
PDE7A,-0.3470311141245155,-8.116154012044351,3.9968028886505635e-15,1.4152835067434934e-14,True
PDE8A,-0.09430979210936741,-2.364831182415571,0.01843678696598161,0.023250859323532096,False
PDGFA,0.14397002857603125,2.221198104009536,0.02680527010961864,0.03322964984854683,False
PDGFB,0.1311924167171865,4.433945211940275,1.1489241036999331e-05,1.949684259062983e-05,False
PDGFC,-0.15036959485533918,-1.68738235089384,0.09218213512033246,0.10792214802836768,False
PDHA1,-0.10708416573708313,-2.1258135373855684,0.03403072273712748,0.04170655337897346,False
PDHB,-0.4061322542399344,-8.312861334690961,8.881784197001252e-16,3.353302922492869e-15,True
PDHX,-0.0930470113948556,-2.5000142485362886,0.012752789419066879,0.016362149846093937,False
PDIA3,-0.19580760913251005,-4.970853625831455,9.304472783355777e-07,1.7236767769616468e-06,False
PDIA4,-0.27620274557187763,-3.703858871824526,0.0002371288977189856,0.0003593117301795574,False
PDIA5,-0.20541349927133012,-3.572566665354113,0.00038933511681782385,0.0005796498915115048,False
PDIA6,-0.278129983536612,-3.6694973606534793,0.0002703758602466966,0.000407651771489751,False
PDIK1L,0.07081712726475864,1.7931179981480947,0.0735860492725613,0.08699966145649529,False
PDK1,-0.4269915471678898,-6.29039800891106,7.157687775816157e-10,1.6905762864389238e-09,True
PDK3,-0.5296276975146927,-9.335683301413129,0.0,0.0,True
PDK4,-0.1219527432171863,-1.1273263475342568,0.26017001717599286,0.288024836890943,False
PDLIM1,0.24036260872577753,2.3397935196521806,0.019705029023484588,0.024782424863142152,False
PDLIM2,-0.500823191254911,-7.845497501504982,2.842170943040401e-14,9.359338791561572e-14,True
PDLIM4,0.2609289971918174,9.012310228046896,0.0,0.0,False
PDLIM5,-0.4323318135705394,-9.407251536253783,0.0,0.0,True
PDLIM7,-0.008375354869874396,-0.3759569291189078,0.7071156894620201,0.7307137011674002,False
PDP1,-0.2765549165187391,-6.199366617147602,1.226319490399419e-09,2.8502772820643476e-09,False
PDPK1,-0.4983542172242874,-13.019825035462338,0.0,0.0,True
PDPR,-0.2716222352973099,-7.500212740254403,3.126388037344441e-13,9.517141596768134e-13,False
PDRG1,-0.19181058927702743,-5.3597665029342,1.2987612629800083e-07,2.582055745299744e-07,False
PDS5A,-0.15780458615524084,-3.8973267117794674,0.00011114586825522466,0.00017359854324500783,False
PDS5B,-0.2886912522510334,-8.85023076442522,0.0,0.0,False
PDSS1,-0.32695960228973453,-3.659752672080153,0.0002805739727378409,0.00042258519769445467,True
PDSS2,-0.02576774091201539,-0.9135843084662393,0.3613958234913883,0.3915461334459464,False
PDXDC1,0.011880983140299506,0.429185737422706,0.667981405421908,0.6938838316399096,False
PDXK,-0.25128493594646706,-6.161867813931925,1.5280168241815772e-09,3.5244745289842988e-09,False
PDXP,-0.06839411298932374,-1.742197906095247,0.08211691164817747,0.09665897253988925,False
PDZD11,-0.23027462471201154,-6.239213688362405,9.695857450253698e-10,2.267747857248169e-09,False
PDZD3,0.27330601166201696,8.97989697907924,0.0,0.0,False
PDZD8,0.12554758431735324,1.9958124371930823,0.04652121911716178,0.05623653300562353,False
PDZK1IP1,1.270579122585037,9.48495180891757,0.0,0.0,True
PEA15,-0.174698568776809,-3.7388479664068175,0.00020725513895003544,0.0003159989338935087,False
PEBP1,-0.31655013672709753,-4.1661793101853535,3.6762553790037344e-05,5.978651095686011e-05,True
PECAM1,-0.6129242338222207,-8.120520201822085,3.9968028886505635e-15,1.4152835067434934e-14,True
PECI,-0.3258193109168408,-4.875180320010729,1.4819188951520346e-06,2.7052652540818205e-06,True
PECR,-0.05146836701694113,-0.5890594400560587,0.5560996366003943,0.5849965035616386,False
PEF1,-0.23800521093205074,-5.606714772267286,3.491322142501474e-08,7.263236366168409e-08,False
PELI1,-0.46648420175836147,-4.365278309744487,1.5571787912893598e-05,2.6139817104141847e-05,True
PELI2,-0.2601000563915159,-5.021507161319577,7.250186742080444e-07,1.3529062219670279e-06,False
PELO,-0.7470954941749621,-12.287577685822596,0.0,0.0,True
PELP1,0.09592714256748369,3.486345079156349,0.0005348278865084932,0.0007880125894974844,False
PEMT,-0.07561308479060713,-2.134170990375854,0.033336949721046505,0.040904167430414855,False
PEPD,-0.6391103759698487,-8.049394689436038,6.661338147750939e-15,2.3146894155035618e-14,True
PER1,-0.15782060737828596,-1.7033266754041503,0.08915686395039457,0.10457162364775431,False
PER2,-0.4175129007738403,-6.738467976103585,4.617151105890116e-11,1.1943625328710587e-10,True
PERP,0.16743746173083185,5.971204979671425,4.597966674069198e-09,1.0236563223541379e-08,False
PET112L,-0.06373435741841327,-2.112139409163529,0.0351925461085183,0.043080997382842406,False
PEX1,-0.24680143364084994,-6.700366747266547,5.862976770742989e-11,1.5041342855721266e-10,False
PEX10,0.09736191261121352,3.0230994858260614,0.0026364137488641415,0.0036309002837357778,False
PEX11B,-0.3040583389426854,-9.330459690724258,0.0,0.0,True
PEX11G,0.16543800592277913,3.796646920501043,0.00016553820230780225,0.00025441421646211793,False
PEX12,-0.0720086678694436,-2.5196379382214613,0.012072394732975056,0.015534172802629543,False
PEX13,-0.19226345472562345,-5.912810010417239,6.407027575150437e-09,1.4073712936338268e-08,False
PEX16,-0.19851502137782795,-4.598518471179019,5.45504079063619e-06,9.532253468953013e-06,False
PEX19,-0.4492157924859841,-8.886060572649331,0.0,0.0,True
PEX2,-0.1954718923679697,-3.2389025080436604,0.0012834213077204115,0.0018229013617301383,False
PEX26,0.17957517841904647,6.151950341744836,1.6192496232747544e-09,3.727888482009608e-09,False
PEX3,-0.14150160964852398,-3.9906963192841856,7.622020533482043e-05,0.00012058515935335757,False
PEX5,-0.27136314279462415,-5.9680342504474035,4.681868226441566e-09,1.0413292160722224e-08,False
PEX6,-0.15862428315831556,-3.91880401041173,0.0001019759267317788,0.00015966571972588826,False
PEX7,-0.11422492511717275,-3.71549769841588,0.00022676854779857258,0.0003442924610638932,False
PF4,0.3306016501593554,3.549645691824992,0.00042389001481413224,0.0006293876102918264,True
PF4V1,0.7493526192252755,6.373214084160929,4.3618642031617583e-10,1.0491608635669302e-09,True
PFAS,0.16813031898609365,7.620553282481888,1.3677947663381929e-13,4.294256722117646e-13,False
PFDN1,-0.11718382806761429,-2.7528559013438665,0.006132571559183342,0.008142126762359718,False
PFDN2,-0.06983139532355276,-1.4542436075684335,0.14653497344715904,0.16730462475347657,False
PFDN4,0.20515307290828355,4.409761575625554,1.279363297368441e-05,2.1602148669579408e-05,False
PFDN5,0.45750347995971197,6.603467006808893,1.0711942444174838e-10,2.6941236902718335e-10,True
PFDN6,-0.11634012066797572,-2.7997793474601393,0.0053207094781146935,0.007099415322414358,False
PFKFB2,-0.061693496444750195,-0.4730238045261689,0.6364120912708913,0.6634858557311925,False
PFKFB3,-0.28520190027008496,-4.429771078030338,1.170489627444482e-05,1.9839420274474674e-05,False
PFKFB4,-0.4111542067802292,-11.297383686726203,0.0,0.0,True
PFKL,0.2440157529474507,8.072127749684334,5.551115123125783e-15,1.942384419905404e-14,False
PFKM,0.13610067481298582,3.793144468982633,0.0001678218628162753,0.00025775200503742337,False
PFKP,0.04314117165800102,0.6820806129403039,0.49551830291646515,0.5252001593020575,False
PFN1,-0.4401562834505466,-8.746121824738015,0.0,0.0,True
PFN3,0.3218250587583409,10.258762978797913,0.0,0.0,True
PGAM1,-0.31804340814107945,-7.477750040965563,3.643751966819764e-13,1.1042456960220167e-12,True
PGAP1,0.2460440093582661,9.060732728317118,0.0,0.0,False
PGAP2,-0.13275557470728883,-5.006816203981053,7.79589234278788e-07,1.4507412584260676e-06,False
PGAP3,0.20279807022925977,9.088917019177018,0.0,0.0,False
PGBD2,-0.011376595954829316,-0.4137326644936099,0.6792554396449164,0.7045149837267956,False
PGBD4,-0.1910251549160109,-6.620863197942224,9.618306151537581e-11,2.4286117614984964e-10,False
PGBD5,0.29497249307285367,12.437548566016897,0.0,0.0,False
PGC,0.5647800787764066,14.662419780071613,0.0,0.0,True
PGCP,-0.6304262045590123,-9.194862394901929,0.0,0.0,True
PGD,-0.7172189415813346,-10.467093697438866,0.0,0.0,True
PGGT1B,-0.339969556633831,-4.078988725673767,5.298727922298241e-05,8.49610898342893e-05,True
PGK1,-0.2811039785455627,-5.490676606481332,6.512045724882398e-08,1.3278855497419073e-07,False
PGLS,-0.5079298707948423,-11.147397328914794,0.0,0.0,True
PGLYRP1,-0.11228745414225738,-1.0019654925979753,0.31686713118401877,0.3463951564004638,False
PGLYRP4,0.47793315669153413,12.47340807075832,0.0,0.0,True
PGM1,-0.584391403426447,-8.752847101460297,0.0,0.0,True
PGM2,-0.292772449965665,-4.516389984852332,7.933577578445039e-06,1.3654098330510743e-05,False
PGM2L1,0.3752346383852294,5.992375804915941,4.074201198633887e-09,9.121617805065839e-09,True
PGM3,-0.21044938817766967,-4.767769386997299,2.4765098731727164e-06,4.439296176326878e-06,False
PGM5,-0.06656802531104278,-1.0938203288375667,0.27458461143472035,0.30305069839192716,False
PGP,-0.46984605765415655,-8.947397148377375,0.0,0.0,True
PGPEP1,-0.03608958926003103,-1.0867577131941077,0.27769153339982067,0.30619615342708106,False
PGRMC1,0.2934944772432644,3.4756206034723083,0.0005561212018272421,0.0008178712017420365,False
PGRMC2,-0.08193355469979613,-2.616186962982042,0.009173124878737227,0.011976110787506985,False
PGS1,-0.4984921129325386,-7.55899460601414,2.091660178393795e-13,6.452553185569931e-13,True
PHACTR1,0.015817637744389046,0.26411738323285444,0.7918032861446358,0.810872373304819,False
PHACTR2,-0.42653356620260485,-6.053126221189375,2.874012805520465e-09,6.504077309781972e-09,True
PHACTR4,-0.5157462804064163,-10.812472958654139,0.0,0.0,True
PHAX,-0.18191513555124006,-6.916466365762029,1.4914292023604503e-11,3.9925105698326814e-11,False
PHB,-0.17381972871907125,-4.63137192526304,4.6885471598479e-06,8.242883811704511e-06,False
PHB2,-0.38357353954532414,-8.486465143545562,2.220446049250313e-16,8.732440437457957e-16,True
PHC1,-0.0657678865739455,-2.3501006164494926,0.019173967267978043,0.024146160376061997,False
PHC2,-0.6483725963414741,-10.545765329021956,0.0,0.0,True
PHC3,-0.0806119590404979,-1.7177256203727693,0.08649423169879888,0.10163491328557221,False
PHF1,0.02380809826552266,0.4869354681886321,0.6265272368148473,0.6541255543252268,False
PHF10,0.016978455115142843,0.4767588592619287,0.6337516882602494,0.6609493614368324,False
PHF11,-0.5787982901230224,-8.466015783943735,2.220446049250313e-16,8.732440437457957e-16,True
PHF12,-0.17458253407552693,-5.673443529377285,2.4277353682933267e-08,5.119934768833913e-08,False
PHF13,-0.3256102081390493,-5.566077762404708,4.3484009948357993e-08,8.97334845208054e-08,True
PHF14,0.028198233868221845,0.7390390591939993,0.46024597131344747,0.4907955326383634,False
PHF15,-0.06014457309999477,-2.0707844244514475,0.03891506706482484,0.047370036724053405,False
PHF17,-0.3946898668940042,-7.265242761101501,1.525002346625115e-12,4.4037357810916775e-12,True
PHF19,-0.2278001476146625,-4.957146989705632,9.950647670287083e-07,1.8380614258184237e-06,False
PHF2,-0.43282624102327816,-12.490014178306641,0.0,0.0,True
PHF20,-0.5170688626419508,-10.420710707194404,0.0,0.0,True
PHF20L1,-0.3957388890987419,-10.36387114648138,0.0,0.0,True
PHF21A,-0.41821361416137925,-9.45704227192637,0.0,0.0,True
PHF21B,0.3465157503067422,10.735733336439388,0.0,0.0,True
PHF23,-0.462677092529451,-12.002739407730344,0.0,0.0,True
PHF3,-0.5872834540392677,-13.252907622220757,0.0,0.0,True
PHF5A,-0.20797801257080062,-4.1080614092282834,4.69403095342269e-05,7.557029008032979e-05,False
PHF6,-0.12628179727582722,-2.0262008179999036,0.04329896496138197,0.05249008391813922,False
PHF8,-0.21741469421576687,-6.578674006035394,1.2484036027160528e-10,3.1193841864829093e-10,False
PHGDH,0.053790935466575096,1.0555451001360099,0.2917092252173381,0.3207214436650298,False
PHIP,-0.35691890031731166,-8.275353116442814,1.3322676295501878e-15,4.939295405467851e-15,True
PHKA2,-0.5613295810181311,-10.609108344682356,0.0,0.0,True
PHKB,-0.1641041859534207,-3.5393856444881364,0.00044027074121300025,0.0006527839706567833,False
PHKG1,0.06611110266437459,2.1285997241620604,0.033798071125482165,0.04143465105304694,False
PHKG2,-0.26615240321747,-8.006420509559696,9.103828801926284e-15,3.1387909000116395e-14,False
PHLDA3,0.3288192672222956,10.181195992009275,0.0,0.0,True
PHLDB1,0.22278603648293416,10.758328221898799,0.0,0.0,False
PHLDB3,0.04674850402043562,1.629397360856321,0.10388762612596603,0.12076713748561939,False
PHLPP1,-0.17254303714409192,-4.553901916431084,6.690743408421795e-06,1.1600041138111176e-05,False
PHOSPHO1,1.2825584105463284,14.024303610706928,0.0,0.0,True
PHOSPHO2,-0.054797957456837576,-2.0529345268844637,0.040622622626710125,0.04937553973167394,False
PHPT1,-0.47761648001912516,-6.5660355337179155,1.349496070446321e-10,3.364685115902851e-10,True
PHRF1,-0.0740562920794905,-2.86633565218478,0.004335716084043373,0.005847455048834518,False
PHTF1,-0.3815896700263508,-6.447866831577682,2.778748342535664e-10,6.77713363490754e-10,True
PHTF2,-0.04975080184737113,-1.1486473541212179,0.2512758118305669,0.27887523619580884,False
PHYH,-0.17923632284802604,-5.71220436940387,1.9626556380103466e-08,4.1658062086311375e-08,False
PI16,0.3405450574818625,12.892185849132858,0.0,0.0,True
PI3,-0.6702742203462142,-3.0148394529285967,0.0027078822121235913,0.0037248740388645383,True
PI4K2A,0.3539335897442588,8.29416180680852,1.1102230246251565e-15,4.157561450148628e-15,True
PI4K2B,0.053087367859379064,0.8495956378731138,0.39597519235312784,0.4264393171759011,False
PI4KA,-0.4361191978666712,-10.91408358254735,0.0,0.0,True
PI4KAP2,0.42332774607682744,10.86943837496473,0.0,0.0,True
PI4KB,0.03279725424201452,1.1451926977959928,0.25270231397962917,0.28037737957342984,False
PIAS1,-0.7906346318048856,-17.02585790937656,0.0,0.0,True
PIAS2,-0.036215148067067826,-0.9612818971158247,0.3368963872298436,0.3668660885328577,False
PIAS3,-0.03955972573357425,-2.0468419803736726,0.04121984847483029,0.050053914672313946,False
PIAS4,-0.053730414944186844,-2.10860060487402,0.03549869545280826,0.04344092987579925,False
PIBF1,-0.007149152294635641,-0.3207867532595157,0.7485121756190627,0.7697626775248624,False
PICALM,-0.5202771208433346,-8.123272928223816,3.9968028886505635e-15,1.4152835067434934e-14,True
PICK1,0.13405473514773902,4.251004090200017,2.5600550839444125e-05,4.225429791081199e-05,False
PID1,-0.12176942024161619,-2.093829866325484,0.03680127519396148,0.04494422062757022,False
PIF1,-0.11332735247094083,-3.5796187945689493,0.0003792465447101101,0.0005651411317614175,False
PIGA,-0.08430083361651786,-2.3797375902987983,0.0177162551827732,0.02237893885846743,False
PIGB,-0.555348919325561,-7.617154055759447,1.4011014570769476e-13,4.391642907229758e-13,True
PIGC,-0.02378424913824073,-0.5807426443110513,0.5616875712874103,0.5906051240218786,False
PIGF,-0.26049114677556506,-7.281298801397098,1.3700152123874432e-12,3.967120470460271e-12,False
PIGG,-0.16727408285090783,-4.729324510462689,2.9692864675912034e-06,5.28888368952885e-06,False
PIGH,-0.24485736683361692,-9.825700017800383,0.0,0.0,False
PIGK,-0.17547601233910992,-3.7621769414133492,0.00018934743087184458,0.0002896537923257341,False
PIGM,-0.15102441666404642,-2.9733315355452183,0.003094649688238027,0.004229623844187688,False
PIGN,-0.07596517464846908,-3.3805231677567975,0.0007827468357652911,0.0011358605191711247,False
PIGO,0.0958983383100609,2.9422230112999324,0.003416947992090913,0.004651911585024846,False
PIGP,-0.12631508825320914,-3.430202623856715,0.0006553823417838611,0.0009581608319594233,False
PIGQ,0.5266094548622324,15.6075881161225,0.0,0.0,True
PIGS,-0.2461510658233781,-7.477849152225822,3.6415315207705135e-13,1.1038631996777775e-12,False
PIGT,-0.15083622064084912,-6.341410153174298,5.278906201056088e-10,1.2610477090411672e-09,False
PIGU,-0.025930376307105263,-1.1322862827433389,0.25808168694262745,0.28590526561763085,False
PIGV,-0.13692647863376628,-3.5862895166750173,0.0003699296454031664,0.0005515427886874287,False
PIGX,-0.5547283971128287,-6.837920789666896,2.4626523043025372e-11,6.48691788091949e-11,True
PIGY,-0.05729196722805785,-1.116575859155001,0.2647365917559463,0.2927708141740347,False
PIH1D1,0.013848299753209226,0.4020920956697785,0.6877959565445859,0.7124109004079745,False
PIK3AP1,-0.45116416892946987,-5.94753662399894,5.261464375294622e-09,1.1659639888229848e-08,True
PIK3C2A,-0.3047466391572895,-6.228166358119744,1.0349576751167433e-09,2.4142724705690087e-09,True
PIK3C2B,-0.015059708936795868,-0.41773453688922374,0.6763287698731391,0.7018586576728548,False
PIK3C3,-0.6165266347194569,-13.33597640956247,0.0,0.0,True
PIK3CA,-0.30694981150545697,-4.12691989284377,4.3375242324783514e-05,7.004618201867114e-05,True
PIK3CB,-0.22286684489302155,-3.7757026533381723,0.00017964371528234047,0.00027543137978667376,False
PIK3CD,-0.2720073817382689,-8.265397866969481,1.3322676295501878e-15,4.939295405467851e-15,False
PIK3CG,-0.5896559468053759,-12.213723890624161,0.0,0.0,True
PIK3IP1,0.05873100554780253,1.456866450414636,0.14580972861275598,0.16657564850643022,False
PIK3R1,-0.3118878438254189,-8.025480517683604,7.993605777301127e-15,2.7684409184826125e-14,True
PIK3R2,0.3840810034931015,13.213799515921824,0.0,0.0,True
PIK3R4,-0.37900646482213274,-8.297731564158148,1.1102230246251565e-15,4.157561450148628e-15,True
PIK3R5,-0.32535189633406336,-8.275830816345486,1.3322676295501878e-15,4.939295405467851e-15,True
PIKFYVE,-0.0497455902933579,-1.2109397935648787,0.22651676613629945,0.2527115379296885,False
PILRA,-1.0069114641565289,-9.06955306494511,0.0,0.0,True
PILRB,-0.3011233854995421,-5.137611526148882,4.060399272365345e-07,7.756507333064081e-07,True
PIM1,1.151479776468939,18.08028172597241,0.0,0.0,True
PIM2,0.029598863517247054,0.3352209227507141,0.7376054839720125,0.7593598686096713,False
PIM3,-0.681823446441074,-9.779698681147229,0.0,0.0,True
PIN1,-0.23077243592157792,-5.77977504583121,1.3508609564283347e-08,2.9020080859936565e-08,False
PIN4,-0.12220319374604749,-4.3853414969319315,1.4253960746613004e-05,2.3990557253102748e-05,False
PINK1,1.0428563035559444,19.38216534635494,0.0,0.0,True
PION,-0.2825818679244385,-2.9614069036534576,0.0032147563827724657,0.004389613415499767,False
PIP4K2A,1.6190316856933409,21.925149237156862,0.0,0.0,True
PIP4K2B,-0.3748585423311708,-7.442908262770694,4.618527782440651e-13,1.3868827300816962e-12,True
PIP4K2C,-0.6247559048634841,-12.55718914557265,0.0,0.0,True
PIP5K1A,0.06902523388037052,2.698222289605148,0.007217686794012579,0.009525725731007207,False
PIP5K1B,1.0883847460073506,19.631277767659753,0.0,0.0,True
PIP5K1C,-0.12340573899692098,-3.255291383416247,0.0012131254220859589,0.0017262497513289884,False
PISD,-0.4196752753423567,-8.846896846258701,0.0,0.0,True
PITPNA,-0.22983331228132808,-5.525003445277128,5.421447513143107e-08,1.112193301939367e-07,False
PITPNB,-0.21860270386658254,-8.280688928839952,1.3322676295501878e-15,4.939295405467851e-15,False
PITPNC1,-0.4276683721006904,-6.827839645057071,2.6255220220150477e-11,6.903307046699688e-11,True
PITPNM1,-0.44336092797046023,-10.234112579790468,0.0,0.0,True
PITPNM2,0.1465328026308299,4.2573800329499125,2.4907445111965743e-05,4.115158638048385e-05,False
PITRM1,-0.1707580334848342,-5.426533484088045,9.14881888025576e-08,1.8449797738386923e-07,False
PITX3,0.19692950590876368,7.3257392875371155,1.0178524689763435e-12,2.976553082035669e-12,False
PIWIL4,-0.07818878452115507,-1.1950003754029275,0.23267936659092747,0.2592854429487176,False
PJA1,-0.15938879562007058,-4.550610027813588,6.791854394672114e-06,1.1771798190223907e-05,False
PJA2,-0.31418790055543067,-3.9313709941732733,9.694750198363522e-05,0.0001520406093055812,True
PKD2,-0.0002750245623310832,-0.008155732706860984,0.993496141089838,0.9938412548166602,False
PKIG,0.3161780949000885,8.273015520606979,1.3322676295501878e-15,4.939295405467851e-15,True
PKM2,-0.3700255402465866,-6.652730431374591,7.89170950810103e-11,2.004953723507185e-10,True
PKMYT1,0.16114652160714815,6.956358425101791,1.1540990385583427e-11,3.113364596054695e-11,False
PKN2,-0.4241715985312924,-5.693088766608164,2.1799981375636435e-08,4.613521687781666e-08,True
PKNOX1,-0.22409304925874363,-8.455346242915926,4.440892098500626e-16,1.713723151846858e-15,False
PKNOX2,0.27345187395559334,10.30289185858199,0.0,0.0,False
PKP1,0.24336216939714816,8.311946854715426,8.881784197001252e-16,3.353302922492869e-15,False
PKP3,0.22646608439503124,8.179894934576827,2.6645352591003757e-15,9.591494265492883e-15,False
PKP4,-0.07217932127914573,-1.9239917705162333,0.05494895935866406,0.06596738539368956,False
PL-5283,1.369641908299494,18.840748857983634,0.0,0.0,True
PLA2G12A,0.24096738047088584,4.344785955697094,1.7037674455933072e-05,2.848845580750371e-05,False
PLA2G15,0.013735868302681364,0.382850207941666,0.70200099513769,0.726014496587453,False
PLA2G16,0.33254739471762296,7.420405674922489,5.377920331284258e-13,1.6077930001573676e-12,True
PLA2G4A,-0.18141413437752174,-4.21536874042142,2.9826011886946446e-05,4.88922486019263e-05,False
PLA2G4F,0.2965777862934349,10.880347546817218,0.0,0.0,False
PLA2G6,0.05710259435553722,1.6447282952901678,0.10068319613809451,0.11727876795578022,False
PLA2G7,0.12177086216186428,1.6580301553034207,0.09796734384099737,0.11433493755870808,False
PLAA,-0.24638192169210082,-5.4028899964119015,1.0361612190479264e-07,2.0781063681496522e-07,False
PLAC8,-0.5058518215562824,-4.850827522426373,1.6662937030176295e-06,3.029840120767178e-06,True
PLAG1,-0.1104148622624983,-2.6502758488084135,0.008309238167285127,0.010901379777785576,False
PLAGL1,-0.7084232763861067,-7.006836897869085,8.3295592645527e-12,2.2704257730331885e-11,True
PLAGL2,-0.15307480508934823,-5.033041557401067,6.847790365860362e-07,1.2825967028348864e-06,False
PLAT,0.33534509487212905,11.887243754909985,0.0,0.0,True
PLAU,0.06494985064540248,1.8068748184009569,0.07141038910327357,0.08458367836304455,False
PLAUR,-0.5693330257847604,-7.210646586582906,2.191580250610059e-12,6.253359649932443e-12,True
PLB1,-0.4191839269491089,-6.605754283688836,1.0561462815417144e-10,2.6585989984875454e-10,True
PLBD1,-0.4471273725780023,-8.804388778005173,0.0,0.0,True
PLBD2,0.1728715015155009,5.811632453681136,1.131311555546688e-08,2.4435735624118317e-08,False
PLCB1,-0.09966711008942397,-2.567698866594923,0.010540474625505114,0.013663710017014788,False
PLCB2,0.17045864545674405,5.278359267359956,1.9812935647678387e-07,3.881381049755227e-07,False
PLCB3,0.27544109985001297,8.001901466245707,9.325873406851315e-15,3.2124621941842196e-14,False
PLCD1,-0.12354975679962532,-3.05241615979667,0.0023964942377903142,0.0033163403562117525,False
PLCG1,0.01311406292937356,0.3758403480448772,0.7072023055384742,0.7307376531662795,False
PLCG2,-0.5272220355323975,-10.620035991177689,0.0,0.0,True
PLCH2,0.3784092279617717,12.400999289026096,0.0,0.0,True
PLCL1,-0.11046224011708583,-2.1923321032514433,0.028836877232550018,0.035652247380245104,False
PLCL2,0.6202858510382301,11.86379861253032,0.0,0.0,True
PLCXD1,-0.14504994787404968,-3.9548863771627785,8.816271547540389e-05,0.00013871688561141612,False
PLCXD2,-0.07557438082250423,-1.587464413779142,0.11306863917757726,0.13093773546662435,False
PLD1,-0.08516116454696077,-2.3919033376744423,0.01714666549713173,0.021709435025440798,False
PLD2,-0.05563138434734993,-1.792386538980033,0.07370323666279477,0.08712926756144632,False
PLD3,0.32883721797615983,8.233606927749253,1.7763568394002505e-15,6.487588596401866e-15,True
PLD6,0.3734667717955853,6.418860914090952,3.3124658571637156e-10,8.032904043930282e-10,True
PLDN,0.03136453580548082,0.8417375998416438,0.4003557047975501,0.4308789464227768,False
PLEC,-0.5047233910626572,-7.984683582886986,1.0658141036401503e-14,3.647389382005612e-14,True
PLEK,-0.4731372984176705,-9.708332123811408,0.0,0.0,True
PLEK2,2.298590618795062,17.59311892026204,0.0,0.0,True
PLEKHA1,-0.1472609546363266,-2.9213676801788457,0.0036498786774130654,0.004955557812956282,False
PLEKHA2,-0.36755681601677725,-10.211826900028177,0.0,0.0,True
PLEKHA3,-0.042272309851933976,-0.534643038075452,0.5931452749963506,0.6218092849183621,False
PLEKHA4,0.266150322668806,9.089904418495799,0.0,0.0,False
PLEKHA5,-0.04849991286101618,-1.5406537256727857,0.12406270391077934,0.14287925278426986,False
PLEKHA8,-0.009286377235314447,-0.42109130160509173,0.6738776583978017,0.6995671185187704,False
PLEKHB1,0.18603068300605896,7.842278530820564,2.90878432451791e-14,9.559568226568276e-14,False
PLEKHB2,-0.3072224338972429,-9.678138131778198,0.0,0.0,True
PLEKHF1,0.05112980730383798,1.1036205422253753,0.270312973959663,0.2985364474632175,False
PLEKHF2,-0.2261154799498737,-2.7430011098117717,0.006316682880912916,0.008378842711335316,False
PLEKHG1,-0.3353019127378607,-4.62955879250674,4.7280024182416724e-06,8.308445439469997e-06,True
PLEKHG3,-0.22862274757883583,-4.073054296072873,5.430943123663212e-05,8.697210321350833e-05,False
PLEKHG5,0.34842286157897284,14.111078993226869,0.0,0.0,True
PLEKHG6,0.2709768429646209,10.75683056520872,0.0,0.0,False
PLEKHH3,0.2260977977281895,7.473525050175722,3.750333377183779e-13,1.1359476774067827e-12,False
PLEKHJ1,-0.31321320806329034,-7.782410545243655,4.440892098500626e-14,1.44138168730991e-13,True
PLEKHM1,-0.5077713745928296,-14.573549377692206,0.0,0.0,True
PLEKHM1P,-0.25268039931381514,-7.392858748040739,6.479261571712414e-13,1.9260545559885235e-12,False
PLEKHM2,0.0663529913968377,2.5939454505014337,0.009779284758518081,0.012719916568808692,False
PLEKHM3,-0.006991249242948694,-0.27946373611563846,0.7800098277768228,0.7993712816869414,False
PLEKHN1,0.23086614739893863,9.884010071377197,0.0,0.0,False
PLEKHO1,-0.44705563005632776,-5.106733560503534,4.7423868609897113e-07,9.01147381256029e-07,True
PLEKHO2,-0.7463664996271726,-14.38460830014348,0.0,0.0,True
PLGLA,-0.24996458790096998,-2.6451064209133124,0.008435359887715155,0.01105803010658824,False
PLGLB1,-0.3300127860800699,-5.647696909688144,2.7942416602755316e-08,5.86175007916843e-08,True
PLGLB2,-0.1711741831198581,-3.2793059016707877,0.0011165443229999017,0.0015937390404753243,False
PLIN2,-0.3625483079608971,-3.9700539034196956,8.290260661270032e-05,0.00013076203280455907,True
PLIN3,-0.7424760669453532,-13.746911616980897,0.0,0.0,True
PLIN4,0.22445537343149136,7.171648537461198,2.8359536941025e-12,8.022433841445651e-12,False
PLIN5,-0.5784337644878601,-6.824284392535917,2.685429656423821e-11,7.055990924348995e-11,True
PLK1S1,-0.24662732484183136,-5.953972737734914,5.072316788812259e-09,1.1257806761142274e-08,False
PLK3,-0.30237228785645254,-4.7243923504171095,3.0389558329790844e-06,5.409632551396395e-06,True
PLOD1,-0.5429528143360609,-9.580260092033821,0.0,0.0,True
PLOD2,0.3154793548643191,6.324197626422966,5.851352735675164e-10,1.3920225560149157e-09,True
PLOD3,0.10953852516537177,4.19654029720602,3.231920791302301e-05,5.2768951941901066e-05,False
PLP1,0.078209743579011,2.548966142424192,0.01111564143212207,0.014368878201842007,False
PLP2,-0.46362612013096793,-7.846770774274197,2.8199664825478976e-14,9.29418996064928e-14,True
PLRG1,-0.21268156846678776,-7.143993745552811,3.4026115258711798e-12,9.543384993063093e-12,False
PLSCR1,-0.4099103434106617,-4.587975081351061,5.725568017700411e-06,9.989823992107094e-06,True
PLSCR3,-0.0351914224482579,-0.7381031457067958,0.4608139309746966,0.49131022499977134,False
PLTP,0.3698263499431933,9.210391971297089,0.0,0.0,True
PLXDC2,-0.6001983805914763,-8.114987072639204,4.218847493575595e-15,1.4897886044910262e-14,True
PLXNA2,-0.10752543544502702,-2.89093256112778,0.00401585727104381,0.005433246406524976,False
PLXNA3,0.22806855229390477,6.677392584318714,6.767808535812492e-11,1.7285673286923304e-10,False
PLXNB1,0.3494906038615624,10.218042166076842,0.0,0.0,True
PLXNB2,-0.2574966972572983,-4.337162080086619,1.761598936544928e-05,2.9412752790347916e-05,False
PLXNC1,-0.6733468172207111,-9.776071007031575,0.0,0.0,True
PLXND1,-0.11254616219271263,-2.9520484169932906,0.0033119843050564146,0.004515950190571123,False
PM20D2,-0.17110798942869554,-3.0689173892886594,0.0022704385883052236,0.003148330576464171,False
PMAIP1,-0.02143879351818656,-0.4438714738113976,0.657336342023805,0.6835657058564782,False
PMF1,-0.35115865449864714,-7.02234218197243,7.532863222081687e-12,2.061070105823253e-11,True
PML,-0.19303649985620197,-4.5413013430551015,7.0857696674586634e-06,1.225724294931016e-05,False
PMM1,-0.328864818474762,-8.148603308127985,3.3306690738754696e-15,1.1896426995960166e-14,True
PMPCA,-0.006619727109487883,-0.14882785238987914,0.8817522296848774,0.8941723684954752,False
PMPCB,-0.23447926521876816,-9.419792973907613,0.0,0.0,False
PMS1,-0.1030932908864508,-1.8776308014734628,0.06104026199545309,0.07296832481585971,False
PMS2,-0.22846066449318725,-6.891573407775077,1.749200784217919e-11,4.6630511070137034e-11,False
PMS2CL,-0.26271907762586233,-8.29672092392957,1.1102230246251565e-15,4.157561450148628e-15,False
PMS2L11,0.22017241445889102,7.357119500665514,8.244516180866412e-13,2.429485338639043e-12,False
PMS2L5,-0.11109423716426514,-3.9077265272126214,0.00010661220913843472,0.00016665301086519604,False
PMVK,-0.1530797670269628,-3.8853178652641858,0.0001166078480758781,0.0001819076113198862,False
PNKD,-0.1078499989431414,-2.7632779601898245,0.00594314947937713,0.007899739078345853,False
PNKP,-0.5507416599439345,-9.458035468431056,0.0,0.0,True
PNMA1,0.047926934120950726,0.7507104365503829,0.4531962762051551,0.48386021926102346,False
PNMA3,0.18313399827949528,6.112935425352728,2.0327095562322484e-09,4.645789955999855e-09,False
PNMA5,0.21239024165116627,7.453893525782494,4.285460875053104e-13,1.2909054346165457e-12,False
PNMT,0.23073443109296177,8.021328958520405,8.215650382226158e-15,2.843632113968243e-14,False
PNN,-0.32118566961901696,-5.559297229357344,4.5100574164180784e-08,9.298613098213684e-08,True
PNO1,0.2788168514942142,5.15882214670093,3.648004966994023e-07,6.997730094055645e-07,False
PNOC,0.0017615078373292015,0.035341185586502254,0.9718224337395016,0.9742752492815769,False
PNP,1.5904393689121914,21.330976274840808,0.0,0.0,True
PNPLA1,-0.1688531234886912,-3.393887121162249,0.0007463895711448121,0.0010848784189296014,False
PNPLA2,0.49347209471934717,12.773067864635182,0.0,0.0,True
PNPLA4,-0.02393924419603044,-0.6731573895242693,0.5011724405205038,0.530851065963741,False
PNPLA6,-0.33132196449484663,-5.133640158206362,4.142475549251401e-07,7.902811502455596e-07,True
PNPLA8,-0.12153517880758535,-1.5237458647078739,0.12823341146186285,0.1473143180043082,False
PNPO,0.10469543409414062,4.079413233193232,5.289388373830306e-05,8.482314447744856e-05,False
PNPT1,-0.4190398479708537,-4.277411369111938,2.2844526677223698e-05,3.7846412022859166e-05,True
PNRC1,0.19204070449620847,4.084202622845977,5.185095892934477e-05,8.317381923229668e-05,False
PNRC2,-0.03092194499776646,-0.3944945532304937,0.6933918722806371,0.7179488518472502,False
POC1A,0.18038291330235356,5.72413132369808,1.8378988775324956e-08,3.9096504469615544e-08,False
POC1B,1.210870092460782,20.47753358171778,0.0,0.0,True
POC5,-0.2200704430311542,-6.711222733124181,5.4777959945795374e-11,1.408768297869205e-10,False
PODN,0.40929139303530304,12.69736425560351,0.0,0.0,True
PODNL1,0.2671354213099084,8.893755134352974,0.0,0.0,False
POFUT1,0.13328552753211564,4.721468820228979,3.080992000414895e-06,5.481919501510531e-06,False
POFUT2,-0.06956558290527015,-2.5368753832574056,0.011501567474244911,0.014841106277117412,False
POGK,-0.14279877567186272,-4.644298799904362,4.416276986773937e-06,7.778454833432567e-06,False
POGZ,-0.41719664942711265,-13.660534472532118,0.0,0.0,True
POLA1,-0.09347171296950085,-2.31917583885754,0.020806120975108033,0.026110219796521346,False
POLA2,0.12645417985767615,4.413746601221556,1.2569352223934516e-05,2.124836634392452e-05,False
POLB,-0.6628547061210579,-5.935499357797247,5.633870703292132e-09,1.2441824507519568e-08,True
POLD2,-0.027511519368199622,-0.48892924135664423,0.6251160145387145,0.6527113280884201,False
POLD3,-0.3568104508270564,-9.667958847667657,0.0,0.0,True
POLD4,0.10495231150724127,2.844902859497326,0.004633135207683825,0.006231794074884398,False
POLDIP2,0.10521807405343964,4.019717288194705,6.768458482597772e-05,0.00010752430459390944,False
POLDIP3,-0.2181474288276788,-7.856841330231477,2.6201263381153694e-14,8.667787274196135e-14,False
POLE,-0.08360410508741589,-1.4780212258894412,0.14006060327234726,0.16027797427917428,False
POLE3,-0.19876872085223418,-4.2519343114247174,2.5498295569414964e-05,4.2097587310318326e-05,False
POLE4,-0.39766882865264996,-6.389354714038465,3.9581093957963276e-10,9.543535455879628e-10,True
POLG,-0.4362077861125222,-11.919506564837405,0.0,0.0,True
POLI,-0.21772598819776734,-5.462222223827568,7.575157101591401e-08,1.53813211093304e-07,False
POLK,-0.4181857566743732,-8.112700058018143,4.218847493575595e-15,1.4897886044910262e-14,True
POLL,0.8359747122856449,17.128525381423156,0.0,0.0,True
POLM,-0.22125325264474593,-6.142112693989097,1.715001030078156e-09,3.940773362351941e-09,False
POLQ,0.004764690290564921,0.13389854875934706,0.8935391455335395,0.9047712216421274,False
POLR1B,-0.19097734046566872,-5.2455700812166866,2.3451419073339252e-07,4.5692979754024837e-07,False
POLR1C,-0.002420319960756867,-0.08089210055988294,0.935561615008361,0.9418575636498262,False
POLR1D,1.226930381485511,21.125679899990853,0.0,0.0,True
POLR1E,0.0030600212208438116,0.10333261697633296,0.9177423214755236,0.9263471609776163,False
POLR2A,-0.2621792444337392,-7.957970062541254,1.2878587085651816e-14,4.3721911181733943e-14,False
POLR2B,-0.47324519576475854,-7.401169053392345,6.126210649881614e-13,1.8220454550990528e-12,True
POLR2C,-0.07869441007603672,-3.039825401987948,0.0024969652073723037,0.0034495733057953422,False
POLR2D,-0.1396296219833415,-4.143946350588906,4.037915562693506e-05,6.54279777277627e-05,False
POLR2E,-0.09854375481445299,-2.631937086404677,0.00876445558925898,0.011472473174167521,False
POLR2F,-0.4266958769711371,-9.99569783673799,0.0,0.0,True
POLR2G,-0.33246041902986345,-7.418645576897863,5.442313266712517e-13,1.6257781773667398e-12,True
POLR2H,-0.10833069845891163,-2.0903371901118453,0.03711518458300955,0.045298772113974047,False
POLR2I,-0.07101737557263377,-1.3005701645744185,0.19403220549895828,0.21845928796232042,False
POLR2J,0.061156805395959246,1.8818739831530398,0.06046037290967998,0.07229762644519919,False
POLR2J2,0.11441452448242018,2.734914732236568,0.006471467501308226,0.00857231303444911,False
POLR2K,0.25219383964034936,3.36019044753062,0.0008412380421027876,0.001215837014677793,False
POLR2L,0.10675283442494177,2.0869924758768925,0.037417936482933234,0.04563443201131899,False
POLR3A,-0.004820715176796941,-0.15388047253705753,0.8777689166577436,0.8905249384340803,False
POLR3B,-0.10571996053982202,-3.6256330795806315,0.0003192025020097855,0.0004782639985237668,False
POLR3C,0.1495864718098714,5.434950014398347,8.751310254240252e-08,1.766672674703706e-07,False
POLR3D,0.253950903234085,7.918802303893905,1.687538997430238e-14,5.670583929812985e-14,False
POLR3E,0.4206456213853591,9.576861747083244,0.0,0.0,True
POLR3F,-0.14719971099334028,-4.8235756688376155,1.8988407235465132e-06,3.4385703968766365e-06,False
POLR3GL,-0.41023855268544196,-7.6133691922470925,1.438849039914203e-13,4.5013856846202343e-13,True
POLR3K,-0.336605916963038,-6.041745378919718,3.0688429575320697e-09,6.9313729466297865e-09,True
POLRMT,-0.04425604633106239,-0.9822842761387676,0.3264566612437225,0.35623856393202347,False
POM121,-0.49661168566758374,-11.09998020876212,0.0,0.0,True
POM121L8P,-0.23590091106674027,-3.4845148284711867,0.0005384070518019701,0.0007929617699504329,False
POM121L9P,0.1138955386541789,4.021348378553603,6.723284067255975e-05,0.00010686561221294545,False
POMC,0.11335062087887504,2.6069350597067613,0.009421062806818536,0.012278934427669462,False
POMGNT1,0.20592417095122784,7.990293581091112,1.021405182655144e-14,3.501656636608513e-14,False
POMP,-0.13203768742340483,-3.695783770732542,0.0002445770184666962,0.00037001348512186416,False
POMT1,0.21469953145756948,9.20948016179855,0.0,0.0,False
POMZP3,-0.11905806062957325,-3.3348050267108635,0.0009199724731057124,0.001323487313313938,False
PON1,0.2690124625485333,9.72458691964926,0.0,0.0,False
PON2,0.006560009372085673,0.18775931807542207,0.8511449929410877,0.8660311963332206,False
POP4,-0.44624488270406637,-8.484684566245505,2.220446049250313e-16,8.732440437457957e-16,True
POP5,-0.2222402791138114,-3.966744800065203,8.402418265163192e-05,0.00013249480629214897,False
POP7,0.6972739731425213,14.435251290402578,0.0,0.0,True
POR,-0.35177388330361303,-6.190744065675304,1.2900605028676182e-09,2.9923896360314326e-09,True
POT1,-0.32192866956112987,-5.891235153675107,7.237715982100212e-09,1.581997161248811e-08,True
POU2AF1,-0.16310563048751092,-1.1065957393834287,0.2690252618763742,0.29717126884867223,False
POU2F1,-0.2409642140899484,-5.057187149235108,6.074136189582191e-07,1.1423342819232206e-06,False
POU2F2,-0.14503374527378465,-3.877325303010804,0.00012038280383652733,0.00018756790442215045,False
POU3F3,0.22921425014038066,10.130951867148802,0.0,0.0,False
PPA1,-0.13969862171825564,-1.782713439739902,0.07526741444837848,0.08893274664384776,False
PPA2,-0.290852609044725,-4.877559371101356,1.4650009039218759e-06,2.6748051057657457e-06,False
PPAN,-0.07432479925019608,-2.336883893495773,0.019857257594677158,0.02496297612496848,False
PPAP2A,-0.0035007246130689396,-0.14045226105745856,0.8883618254660883,0.9002410369969097,False
PPAP2B,-0.04085688075163718,-1.1212769686289676,0.2627328889410241,0.2906944719730724,False
PPAPDC1B,-0.1397168632856225,-2.9739851355876192,0.0030881867233527593,0.0042222935152878855,False
PPAPDC2,-0.2227408926922534,-4.718499228870819,3.1242630209593614e-06,5.555477884907515e-06,False
PPARA,-0.00851777169881851,-0.4039744711580834,0.686412138824009,0.7111054435752999,False
PPARG,-0.010032820729565461,-0.23036032429024006,0.8179103288094094,0.8353142191289641,False
PPAT,-0.10468467508983936,-3.2567629609457147,0.0012069912504797387,0.0017179454113772532,False
PPBP,0.42084150203670134,4.070017767776839,5.4998017617879924e-05,8.805033564146753e-05,True
PPCDC,-0.36833777866965756,-8.72628100455548,0.0,0.0,True
PPCS,-0.3573891729591212,-6.404287712928496,3.617293131696897e-10,8.750020912225233e-10,True
PPDPF,0.37668903107388196,6.013518607533003,3.609426313389008e-09,8.104674796087326e-09,True
PPFIA1,-0.40515711641580054,-10.252461106180542,0.0,0.0,True
PPFIA4,0.08972638721568016,3.2342034803175603,0.0013042615936800228,0.0018504482445621609,False
PPFIBP2,0.021952952631713707,0.6315770151532376,0.52796518160959,0.557232080535172,False
PPHLN1,-0.43686032383778883,-12.300633164656075,0.0,0.0,True
PPIA,-0.08750698383692512,-2.15748117185031,0.03146572014801641,0.03871954175675686,False
PPIAL4G,-0.27901621151700695,-6.682853286986682,6.54105658526305e-11,1.6736212973266343e-10,False
PPIB,-0.3744014718751014,-7.828304495577752,3.219646771412954e-14,1.0545098424767078e-13,True
PPID,-0.6445576764912877,-7.776564840760725,4.618527782440651e-14,1.496506934625425e-13,True
PPIE,-0.2083953407781456,-4.124882826217451,4.3747549793859974e-05,7.062761402599482e-05,False
PPIF,-0.17430300861876669,-3.819547543981497,0.0001513140854514372,0.0002335504422236507,False
PPIG,-0.5569376086155025,-8.854117774930183,0.0,0.0,True
PPIH,-0.19862052554366416,-3.608430764585001,0.00034052100363402005,0.0005090800053030858,False
PPIL1,0.04351379218751683,0.9113971331516851,0.36254548661604535,0.39275476914607604,False
PPIL2,-0.026742079868553592,-1.4709618014074972,0.1419593322855106,0.16235400601636185,False
PPIL3,-0.24369228403632892,-3.245597291657373,0.001254262012445606,0.0017839046945747545,False
PPIL4,-0.32045784526879784,-4.607856684185079,5.225723915369684e-06,9.141247347174395e-06,True
PPIL5,-0.1603332695987678,-3.0634886789789015,0.0023112205546376163,0.003202568214708373,False
PPIP5K2,-0.26422094185354883,-3.4178646945765476,0.0006850718119388866,0.0010005505517591015,False
PPM1A,0.34155444668244694,8.914893009906159,0.0,0.0,True
PPM1B,-0.25089889585693737,-4.2843804439949285,2.2165859187461834e-05,3.675378321295133e-05,False
PPM1D,-0.2895521134975434,-6.524657838263564,1.739894894825511e-10,4.3054456054769204e-10,False
PPM1F,-0.38767127413620006,-7.975394533006998,1.1324274851176597e-14,3.8638720974734366e-14,True
PPM1G,-0.27382025098187857,-6.997901152306611,8.82560691195522e-12,2.4003793706666924e-11,False
PPM1H,-0.09574564069871627,-2.8085743307167133,0.00517984931972415,0.006921086221308721,False
PPM1K,-0.22323466164758532,-3.360281756817408,0.0008409665137114608,0.0012155970976838145,False
PPM1M,-0.6794971046637288,-8.877322546612577,0.0,0.0,True
PPM1N,-0.22665541150377688,-2.087502497268509,0.03737163532257126,0.04558278984336069,False
PPME1,0.33811326980235323,8.299271662009941,1.1102230246251565e-15,4.157561450148628e-15,True
PPOX,1.0545366229922393,15.713905288492944,0.0,0.0,True
PPP1CA,-0.28412895712505204,-8.974281147548457,0.0,0.0,False
PPP1CB,0.552732764511422,7.902415131814136,1.9095836023552692e-14,6.385048915973976e-14,True
PPP1CC,-0.15698672215673248,-2.6439382263209557,0.00846409787873359,0.011094440539955874,False
PPP1R10,-0.38062013009885654,-10.723061631364505,0.0,0.0,True
PPP1R11,-0.5436662088482889,-13.823269882364109,0.0,0.0,True
PPP1R12A,-0.4989268093058463,-7.846074822587065,2.842170943040401e-14,9.359338791561572e-14,True
PPP1R12B,-0.21521441327528112,-2.3446497970271136,0.019453230201248894,0.024480929683104155,False
PPP1R12C,-0.2367399225733049,-7.022991683586221,7.501110843577408e-12,2.0528699407737743e-11,False
PPP1R13B,0.24975583178336036,8.851253580912843,0.0,0.0,False
PPP1R14A,0.16295403805700426,3.0239316054392735,0.002629310723289535,0.003621550905365557,False
PPP1R14B,-0.6370005486740009,-10.852958380353298,0.0,0.0,True
PPP1R15A,0.16520527783209005,3.6435872293321734,0.00029829292302330224,0.0004479254569554711,False
PPP1R15B,-0.37528368013832214,-6.5734203544068315,1.2894907364113806e-10,3.2164668238897125e-10,True
PPP1R16B,-0.11805672164203962,-1.5517041359820614,0.12139475386473841,0.14010080851296683,False
PPP1R1A,0.4425839113292729,11.444912607701825,0.0,0.0,True
PPP1R2,-0.3159770415464074,-6.871744101649162,1.9854118349371674e-11,5.267148532160578e-11,True
PPP1R3B,-0.6400422006331201,-10.18544626104487,0.0,0.0,True
PPP1R3D,-0.48661408427623165,-7.105923805850103,4.368283512690141e-12,1.2139507305832988e-11,True
PPP1R7,-0.5094311476039861,-12.815066753374847,0.0,0.0,True
PPP1R8,-0.23911084776912528,-5.245077899375034,2.3510686930627855e-07,4.5800710765077335e-07,False
PPP1R9B,0.1095137922934466,1.559495126228354,0.11954095012958788,0.1380858608646934,False
PPP2CA,-0.305478559177887,-5.934883224784238,5.653609136402338e-09,1.248062929134123e-08,True
PPP2CB,-0.3128069927109127,-4.303590463598366,2.039336573189665e-05,3.390260930375487e-05,True
PPP2R1A,-0.5022374206128366,-12.835699939682542,0.0,0.0,True
PPP2R1B,-0.08862967581891334,-3.065349447881876,0.0022971667437317045,0.003183477348537717,False
PPP2R2A,-0.5051048087296524,-13.026969057066115,0.0,0.0,True
PPP2R2B,0.009679073280609352,0.23819682764043815,0.8118304973896895,0.8299144035704503,False
PPP2R2D,-0.3052920951085927,-8.628536330003595,0.0,0.0,True
PPP2R3B,-0.15995611842692758,-4.18806019402635,3.35058734870497e-05,5.461357813744523e-05,False
PPP2R3C,-0.3292129410410771,-8.130989042577385,3.774758283725532e-15,1.3407783123723221e-14,True
PPP2R4,0.14434879480416596,5.7304957220584365,1.7745231506438586e-08,3.776927600197082e-08,False
PPP2R5A,-0.34806697059506764,-6.354100746133132,4.892328764327658e-10,1.1723473067670126e-09,True
PPP2R5B,0.8681091535650607,14.691638032542222,0.0,0.0,True
PPP2R5C,-0.47785013284174216,-9.90305873314893,0.0,0.0,True
PPP2R5D,-0.25617041690624154,-8.115768660335993,4.218847493575595e-15,1.4897886044910262e-14,False
PPP2R5E,-0.4393541875449207,-11.129151776106896,0.0,0.0,True
PPP3CA,-0.4951004966384298,-8.5069924686652,2.220446049250313e-16,8.732440437457957e-16,True
PPP3CB,0.2589968350614953,5.5999692480242045,3.621222743888097e-08,7.523965509893036e-08,False
PPP3CC,-0.169113248741398,-2.6340049089796036,0.008712031634091177,0.011407740410719139,False
PPP3R1,0.6255963898158257,11.872483398081531,0.0,0.0,True
PPP4C,-0.5089711802142176,-13.284713783839104,0.0,0.0,True
PPP4R1,-0.5047152571020819,-7.582651423878999,1.7763568394002505e-13,5.515324645027354e-13,True
PPP4R2,-0.09599402982882044,-1.2114051137941102,0.2263386326270651,0.25256172713660396,False
PPP6C,-0.2703210999586352,-8.181249276815244,2.6645352591003757e-15,9.591494265492883e-15,False
PPPDE1,-0.4480983866670263,-9.494731193707015,0.0,0.0,True
PPPDE2,0.02658242315787973,0.7095707782024309,0.4783162708474049,0.508417931520832,False
PPRC1,-0.03940671467208068,-1.0455253186262858,0.2963085907457834,0.3253124911171063,False
PPT1,-0.6486427931102625,-8.440364537685737,4.440892098500626e-16,1.713723151846858e-15,True
PPT2,0.2667797844315567,11.897014080421167,0.0,0.0,False
PPTC7,-0.6252333602505127,-7.364564073487878,7.840394999902855e-13,2.313358350509247e-12,True
PPWD1,-0.37173960281191,-6.99749370112701,8.848921595472348e-12,2.4057287670107615e-11,True
PQBP1,0.08300543308207509,2.4019616046118966,0.01668798030425478,0.02117290947513061,False
PQLC1,0.50907045749618,10.745588536418163,0.0,0.0,True
PQLC2,0.11482171536630004,3.8064923637906274,0.00015927487146738528,0.0002452134782722282,False
PQLC3,-0.3337414736645159,-4.273453184698406,2.3238771291289595e-05,3.8466361043880564e-05,True
PRAF2,-0.22882914239457275,-6.862747416074178,2.1026735907980765e-11,5.5692566319620694e-11,False
PRAM1,-0.7057927358361713,-10.663495636929941,0.0,0.0,True
PRAMEF1,0.6587724329484326,15.137747908602417,0.0,0.0,True
PRAP1,0.25615395471006996,7.957695941548581,1.2878587085651816e-14,4.3721911181733943e-14,False
PRC1,0.08588017981554019,0.8773214502670931,0.38075272587723186,0.4110487956307248,False
PRCC,-0.4518859327966993,-11.13557813529298,0.0,0.0,True
PRCP,-0.52766350392384,-9.468050172983336,0.0,0.0,True
PRDM1,-0.26347648505117505,-5.062261739831716,5.92264417731414e-07,1.1153006094242533e-06,False
PRDM10,-0.2542197210446471,-3.8690970945910994,0.0001243896271274636,0.00019341848203040674,False
PRDM15,0.005415905089010131,0.16258579896308556,0.870913267718419,0.8840368285908061,False
PRDM2,-0.3890284333509513,-11.444815512234891,0.0,0.0,True
PRDM4,-0.47698690319378123,-13.616884578533256,0.0,0.0,True
PRDM8,-0.23062810321011185,-4.796486637256949,2.1608353975022254e-06,3.893350581966292e-06,False
PRDM9,0.35483329174745704,13.359050319956244,0.0,0.0,True
PRDX1,0.2105159095863005,3.681850325366763,0.00025794871552342613,0.0003894248039468343,False
PRDX2,2.20948321953563,22.252312116151295,0.0,0.0,True
PRDX3,-0.21708369622094992,-2.789029790220469,0.005497582426999603,0.007327777363643651,False
PRDX4,-0.18574547883804726,-2.2825529148159025,0.02289504754050009,0.028588773702456525,False
PRDX5,0.05011696108567243,1.1872195853161365,0.23573058822304183,0.2625331766161867,False
PRDX6,0.38954465485193523,9.895416569680949,0.0,0.0,True
PREB,-0.3958843912841119,-10.85788815093277,0.0,0.0,True
PRELID1,-0.5112925562717425,-11.401137022474016,0.0,0.0,True
PRELP,0.21481766036092909,6.557370368432637,1.4233991763035192e-10,3.5474113180095715e-10,False
PREP,-0.3541782040552466,-7.8838720868285375,2.1760371282653068e-14,7.242349517621517e-14,True
PREPL,-0.050867219392377816,-1.4475485299561814,0.14839878645955573,0.16929836795361222,False
PREX1,-0.6827488907269332,-10.786591212336862,0.0,0.0,True
PRF1,-0.12815389643547537,-1.1009820600487157,0.2714584921099785,0.29968663701503184,False
PRH1,0.09278851967487567,3.3853314276237496,0.0007694799054531742,0.0011177350606450332,False
PRIC285,-0.4117474888240875,-7.2329672965755565,1.8900436771218665e-12,5.4144275346348614e-12,True
PRICKLE1,-0.14898805975249907,-3.4154122510205567,0.0006911207211528492,0.0010087455127926596,False
PRICKLE3,-0.25201218853859864,-7.337607644187516,9.399148126476575e-13,2.7562831404154997e-12,False
PRICKLE4,0.40418871666270206,8.079894821268166,5.329070518200751e-15,1.867525503472907e-14,True
PRIM1,-0.03160168395843144,-0.61538999812618,0.5385900283500522,0.5678735502575973,False
PRKAA1,-0.26525627430037835,-4.164581746609508,3.701178242554448e-05,6.018333169958313e-05,False
PRKAB1,-0.4082375746051863,-9.60153273382751,0.0,0.0,True
PRKAB2,-0.004027213076979397,-0.08750764049662459,0.930304653950415,0.9374664778982443,False
PRKACA,-0.3631469291374225,-10.448264781567246,0.0,0.0,True
PRKACB,0.19919866406997233,2.8501935815723307,0.004558042204922952,0.006135088590617841,False
PRKAG1,-0.2430220300227779,-8.637792533813164,0.0,0.0,False
PRKAG2,-0.30687574660476047,-5.216453615380096,2.721890992596343e-07,5.274808604259299e-07,True
PRKAR1A,-0.2533148551851152,-4.9703931595535105,9.325507126511923e-07,1.727295651877968e-06,False
PRKAR1B,0.2915414232943263,7.575563322123226,1.865174681370263e-13,5.78018486809364e-13,False
PRKAR2A,-0.34564302819079584,-10.668061459024406,0.0,0.0,True
PRKAR2B,0.6336839314181733,7.153751711106803,3.191003017377625e-12,8.96953727603047e-12,True
PRKCA,-0.28277120353320573,-3.48990109725512,0.0005279373731519321,0.0007781587461723744,False
PRKCB,-0.4875650236258027,-10.760232670347776,0.0,0.0,True
PRKCD,-0.5711650185383794,-12.56838231651975,0.0,0.0,True
PRKCE,-0.288058035494847,-4.507648055940056,8.253522769230415e-06,1.417509002218058e-05,False
PRKCG,0.2299436208600989,7.196140615696775,2.41229258790554e-12,6.850887159784003e-12,False
PRKCH,-0.33123953251239246,-4.209028901193045,3.064429173349481e-05,5.016222772177444e-05,True
PRKCI,-0.4411767478280173,-10.68412317853718,0.0,0.0,True
PRKCQ,-0.04474098468835619,-0.8142923259429503,0.415882923972124,0.4465469240524698,False
PRKCSH,-0.08307368924456382,-2.703608245385091,0.007103509951610132,0.009378261447862133,False
PRKCZ,-0.4283298068804329,-6.359858972945011,4.726199431814848e-10,1.1339531609055454e-09,True
PRKD2,-0.8592411399526387,-11.583101293405216,0.0,0.0,True
PRKD3,-0.27646312300641807,-6.165493249550213,1.4959362637512186e-09,3.452552559036323e-09,False
PRKDC,-0.3346580954582117,-3.7628314145900923,0.00018886673369489237,0.0002889568210162658,True
PRKRA,0.008393276364367708,0.2300773391093149,0.8181300865855148,0.8354645804413604,False
PRKRIP1,-0.13903851985400761,-5.624881744427353,3.16361505880991e-08,6.611335606391754e-08,False
PRKRIR,-0.02871422004889279,-0.4183836500333222,0.6758545176765831,0.7014296953884639,False
PRKX,-0.05780323877633675,-1.9372956232823184,0.0532979094665309,0.06406538861994882,False
PRKY,0.013876600835254216,0.4006045926968289,0.6888902286137619,0.7134801783314084,False
PRL,-0.06880985996144418,-1.3586543008386662,0.17489686118993308,0.19795980584129305,False
PRMT1,0.022997596495743622,0.5726259833255631,0.5671671622146066,0.5959316374669391,False
PRMT10,-0.11561616705331401,-3.300492775094435,0.0010373077085465976,0.0014837635036319705,False
PRMT2,-0.3342877240466686,-7.575274290230886,1.8696155734687636e-13,5.790831350036754e-13,True
PRMT3,-0.13315218339238966,-3.6198193164968693,0.0003262630943670075,0.0004884617343402079,False
PRMT5,-0.5917557467918293,-8.25673342496794,1.5543122344752192e-15,5.7274864455918265e-15,True
PRMT6,0.07710378417092434,2.9786665297940322,0.0030422556066465045,0.004160976292206255,False
PRMT7,-0.029318791450636983,-0.8055694079885863,0.42089166025893787,0.4515461520464474,False
PRNP,-0.16944111768180115,-2.7045605013933405,0.007083493152700404,0.009353978863459355,False
PROCA1,-0.09203596063142871,-3.265637239718884,0.0011706045999388959,0.0016675976238803045,False
PRODH,0.5546626404767707,14.131685305770649,0.0,0.0,True
PROK2,-0.5386421850086762,-5.500067606375047,6.194137003312505e-08,1.2655243728477608e-07,True
PROM1,0.2741870944546547,8.42273250607959,4.440892098500626e-16,1.713723151846858e-15,False
PROM2,0.2922570353174505,9.052632639524935,0.0,0.0,False
PROS1,0.455119829289262,6.468204554664877,2.4557600397656643e-10,6.017421803458984e-10,True
PROSC,-0.5199774173404137,-9.732222103901755,0.0,0.0,True
PROZ,0.3955712816353385,12.653881046397942,0.0,0.0,True
PRPF18,-0.15736993389221343,-1.8822662793164548,0.06040699233531277,0.07224879500679761,False
PRPF19,-0.34657910088400445,-6.831063741283848,2.5722979302145177e-11,6.769545318286733e-11,True
PRPF3,-0.3031176867414631,-6.72487145637567,5.028599758816199e-11,1.296719064737045e-10,True
PRPF31,-0.2457817264201485,-7.22609004943739,1.978195385277104e-12,5.658513196674189e-12,False
PRPF38A,-0.4236510267489302,-8.797937863713317,0.0,0.0,True
PRPF38B,-0.22336604308340569,-4.357498175903115,1.611352908281738e-05,2.700985761131743e-05,False
PRPF39,-0.15265361093900065,-4.241820407245221,2.6631295692691737e-05,4.3861294693182175e-05,False
PRPF4,-0.478840745211226,-12.481678857382484,0.0,0.0,True
PRPF40A,-0.4744928452355994,-11.338570940368328,0.0,0.0,True
PRPF40B,0.32056294572559185,8.601832774896172,2.220446049250313e-16,8.732440437457957e-16,True
PRPF4B,-0.1828895297099553,-4.376409604489054,1.4826898869335636e-05,2.4925722136000756e-05,False
PRPF6,-0.2861038524429085,-7.162870329498264,3.0049296384504487e-12,8.477537228829468e-12,False
PRPF8,-0.4944450630859425,-10.924453646683352,0.0,0.0,True
PRPS1,-0.06892985101641802,-1.4757425184667639,0.14067133871747206,0.16094488981789437,False
PRPS2,-0.1950470155006654,-3.158520431908365,0.0016861003834920396,0.0023645228046560514,False
PRPSAP1,-0.229781978716193,-4.190410279387253,3.317291952975587e-05,5.410915605540327e-05,False
PRPSAP2,0.28976091828770967,9.564518990972562,0.0,0.0,False
PRR12,0.12913743752891715,5.354341731046964,1.3360544359741766e-07,2.652992768141103e-07,False
PRR13,-0.534124167116385,-15.256865463568124,0.0,0.0,True
PRR14,-0.5229803361173477,-12.496302956092997,0.0,0.0,True
PRR15L,0.350033295785281,11.938618632095299,0.0,0.0,True
PRR24,-0.33843585219044225,-7.007660301866478,8.285150343567693e-12,2.2588555457409765e-11,True
PRR25,0.2547312906644619,7.997763765674082,9.547918011776346e-15,3.2830587336612457e-14,False
PRR5,0.6087087626384782,14.471502245480863,0.0,0.0,True
PRR5L,-0.113201445606955,-1.9162504216122362,0.055929223263038175,0.06709526377493613,False
PRR7,0.11580742654829335,3.770919904166515,0.0001830201005412757,0.00028042146024673514,False
PRRC1,-0.2877847586423674,-5.887452139144688,7.393819778656052e-09,1.6148921128240248e-08,False
PRRG4,-0.37717056124508685,-5.574134475362777,4.163636568854656e-08,8.604400724190309e-08,True
PRRX2,0.37693614834516653,12.63262228652986,0.0,0.0,True
PRSS1,0.23675779197192437,8.007283523149702,9.103828801926284e-15,3.1387909000116395e-14,False
PRSS22,0.40036501284383474,13.0982131386884,0.0,0.0,True
PRSS23,0.018679550221186947,0.49735828557024225,0.6191650810060696,0.64714296053978,False
PRSS33,0.2296070082537991,5.024806887193966,7.132794033193335e-07,1.332727566396659e-06,False
PRSS41,0.30547684463418046,10.566328815231309,0.0,0.0,True
PRSS54,0.29847523943782184,10.830544497723668,0.0,0.0,False
PRSS8,0.06627712318756096,1.8715851764227698,0.06187445652807644,0.07387353490328695,False
PRSSL1,0.19853224568247363,5.222155851575085,2.6437655731292864e-07,5.129448481872368e-07,False
PRTN3,0.041550689989193756,0.38080105627849686,0.7035200292703316,0.7273895715972489,False
PRUNE,0.16039451248097336,5.57587877418856,4.124652086545666e-08,8.531489923670232e-08,False
PRUNE2,0.07343551359986611,1.0003178121087062,0.3176627694535199,0.34713570262167687,False
PS1TP4,-0.502555974363331,-6.2872830487926175,7.291540704557065e-10,1.720779704482541e-09,True
PSAP,-0.348359492320812,-9.045807696001386,0.0,0.0,True
PSAT1,0.01448761342517546,0.3645273867738625,0.7156254116284246,0.7387783757436659,False
PSD,0.34600854731051855,9.081211971279771,0.0,0.0,True
PSD4,-0.47768317467043264,-11.142021718793941,0.0,0.0,True
PSEN1,-0.4555230474636982,-12.927762946400003,0.0,0.0,True
PSEN2,0.12460031077233413,5.583650114704979,3.955237226627162e-08,8.191365985889658e-08,False
PSENEN,-0.4621422900533121,-11.440367141819458,0.0,0.0,True
PSG1,0.18276352917498428,5.566895793578069,4.3292832874186615e-08,8.935497973082881e-08,False
PSG6,0.021536375766483484,0.6869827972213998,0.49242667083198954,0.5222116388615068,False
PSG7,0.24191647441631714,8.991811080139902,0.0,0.0,False
PSIP1,-0.1734967531708289,-4.577412564897561,6.00947789752837e-06,1.0466159041673617e-05,False
PSKH1,0.13121870024469473,3.8728449859647376,0.00012254915504317232,0.00019068535957615857,False
PSMA1,-0.2023864239550468,-5.666965462922096,2.51528184946892e-08,5.300682697408066e-08,False
PSMA2,-0.13500183603382876,-2.174965787611511,0.03012212655202018,0.0371694457153423,False
PSMA3,-0.3928426234328324,-5.869535971983761,8.178856703011661e-09,1.7806133124549485e-08,True
PSMA4,-0.28051197565447783,-3.8063018985949504,0.00015939388770047636,0.00024536391720189594,False
PSMA5,-0.3745789669809403,-7.655971333809047,1.0702549957386509e-13,3.379459236818399e-13,True
PSMA6,-0.13785782327362117,-1.7149508796745505,0.08700226059488436,0.10213810026421453,False
PSMA7,-0.16661024621943277,-4.555242645739727,6.649977981165733e-06,1.1534572559109785e-05,False
PSMB1,-0.3583426551412181,-9.577244658965627,0.0,0.0,True
PSMB2,-0.41336669412008575,-8.339938247396518,8.881784197001252e-16,3.353302922492869e-15,True
PSMB3,-0.5840163093107797,-16.2048147335986,0.0,0.0,True
PSMB4,-0.6531309544784802,-15.195155534903039,0.0,0.0,True
PSMB5,-0.031426589983682085,-0.8495357743559722,0.3960084534968846,0.4264393171759011,False
PSMB6,-0.27538061002108893,-6.10826604081703,2.0886290474919633e-09,4.767918747138312e-09,False
PSMB7,-0.2619028547617006,-6.019331608230699,3.49099193996949e-09,7.849450743023336e-09,False
PSMB8,-0.6460393998098191,-11.141405819783524,0.0,0.0,True
PSMB9,-0.5944985660725113,-6.8985305282528575,1.6730394847286334e-11,4.466220585072799e-11,True
PSMC1,-0.49293201977974554,-13.089913932968832,0.0,0.0,True
PSMC2,-0.328164941719991,-7.1588490307443235,3.085531830038235e-12,8.696413298314273e-12,True
PSMC3,-0.06661076840734381,-1.3367175252367296,0.18195063440486692,0.2054793487950649,False
PSMC4,-0.16794140962247717,-4.497749532424471,8.63073261525571e-06,1.480306864132378e-05,False
PSMC5,-0.5279994616124792,-11.842248948124594,0.0,0.0,True
PSMC6,-0.020171877433782015,-0.18663334315228952,0.8520272936658098,0.8667758010895047,False
PSMD1,-0.35416405921209915,-8.274433107000958,1.3322676295501878e-15,4.939295405467851e-15,True
PSMD10,-0.08146080064164618,-1.250553370996043,0.21170919563100377,0.23711018225313876,False
PSMD11,-0.45110678764046774,-9.907859294868953,0.0,0.0,True
PSMD12,-0.4047472808953856,-7.467388201562497,3.9102054927298013e-13,1.1821957236418525e-12,True
PSMD13,-0.45157052929947206,-11.632140492108176,0.0,0.0,True
PSMD14,-0.08913117680640337,-1.2615908887607379,0.20771124577055566,0.23297233106436518,False
PSMD2,0.11472587339506468,2.889293262307178,0.004036487114215115,0.00545923389323047,False
PSMD3,-0.16439650296428265,-4.0810471445496805,5.25358666454423e-05,8.426074183916037e-05,False
PSMD4,0.12758280953803336,3.9715404026251977,8.24034111162053e-05,0.00012999245311525183,False
PSMD5,-0.2786383462003754,-7.442791822147579,4.620748228489902e-13,1.3871878770908307e-12,False
PSMD6,-0.2820338929141126,-6.278573580586771,7.678928604093471e-10,1.8084968020967632e-09,False
PSMD7,-0.5422275885462113,-11.529484207405538,0.0,0.0,True
PSMD8,-0.1283286278213538,-4.377563786436655,1.4751643103494416e-05,2.4810071092006452e-05,False
PSMD9,0.04124742192033448,1.5741572909793313,0.11611260812020063,0.13431423307256388,False
PSME1,-0.3111069531976316,-5.6667659676768265,2.5180260987411884e-08,5.3045249874542334e-08,True
PSME2,-0.4367686018298187,-4.967008407741026,9.481540070854777e-07,1.7539402613806997e-06,True
PSME3,-0.297997814576652,-9.84195616757638,0.0,0.0,False
PSME4,0.9218493236586278,19.43713693789127,0.0,0.0,True
PSMF1,1.2036351099439324,20.81974367018494,0.0,0.0,True
PSMG1,-0.19757329977842542,-3.790620028189951,0.0001694862438275102,0.00026016951527839686,False
PSMG2,-0.5082131328376986,-10.44326554409293,0.0,0.0,True
PSMG3,-0.010197713352502191,-0.31864732357297737,0.7501331280600647,0.7713607839782078,False
PSMG4,-0.05182598764821256,-1.96905236136958,0.04952419482074366,0.05971623575213506,False
PSPC1,-0.30994183147936116,-8.381366161433657,6.661338147750939e-16,2.5382717209375807e-15,True
PSPH,-0.08172859602450622,-2.0527123902954236,0.04064426775464591,0.04939663644922623,False
PSTPIP1,-0.20659048122827706,-8.110242613645633,4.218847493575595e-15,1.4897886044910262e-14,False
PSTPIP2,-0.3726701265468071,-4.413409251575368,1.258819178651116e-05,2.127709188390639e-05,True
PTAFR,-0.6856272355249322,-12.262044264012198,0.0,0.0,True
PTAR1,-0.17375168043832367,-2.1758082600178397,0.030058655643647736,0.037095099031409715,False
PTBP1,-0.2810228793985008,-7.3303137735896495,9.869882688917642e-13,2.890698670064641e-12,False
PTBP2,-0.09554099748476075,-1.2986382979580993,0.19469414033090793,0.21911888641638771,False
PTCD1,-0.09265935169223205,-2.841602389427593,0.004680547280260239,0.006290424002020498,False
PTCD3,-0.22117936507801517,-6.4325719488234645,3.0487212754337634e-10,7.415164774434442e-10,False
PTCH1,-0.06699466609170557,-2.2660138833878714,0.0238968320261026,0.02978764290755068,False
PTCHD1,0.09908012201460625,3.1344214253036893,0.0018278398520861217,0.0025536552160315383,False
PTCRA,0.36439406554218534,9.182590916676443,0.0,0.0,True
PTDSS1,-0.3278593544404629,-6.206106697426349,1.178648956212669e-09,2.7411381640649574e-09,True
PTDSS2,0.17141187646645495,6.985760787492687,9.546585744146796e-12,2.588070632780112e-11,False
PTEN,-0.4590968651113778,-8.786921111901293,0.0,0.0,True
PTER,-0.24945049617561077,-6.862245688504502,2.109401542327305e-11,5.5857922680616607e-11,False
PTGDR,0.061903401065016794,2.0795066170797036,0.038103178370647806,0.04642590561153925,False
PTGDS,-0.07616037200925652,-0.8987892210963926,0.3692174004664608,0.39934415361250347,False
PTGER2,-0.5323206816462749,-6.192784733457376,1.2746887989578681e-09,2.958521111262479e-09,True
PTGER4,-0.3435817139889741,-2.80675893714334,0.005208644677929364,0.00695714031134837,True
PTGES,0.26353023130720077,7.6813521153336675,8.970602038971265e-14,2.847406031604023e-13,False
PTGES2,0.04705388108600772,1.574251059019216,0.11609093515534186,0.13430264959871274,False
PTGES3,0.29967874161871233,4.341425461993647,1.729031452457619e-05,2.889830716897753e-05,False
PTGFR,-0.07155180415232287,-1.5341039030780468,0.12566558889250024,0.14460958226300802,False
PTGIR,0.3226071209258152,5.508105980037707,5.934042945909823e-08,1.2145387472269946e-07,True
PTGR1,-0.11934088733481785,-3.117940951653398,0.0019310086939350324,0.002692240274199666,False
PTGS1,0.2763511644153782,3.2153657182385857,0.0013909921879597942,0.0019693754932533026,False
PTGS2,-0.11456759120806037,-1.3403364589814486,0.1807726057134409,0.20426042752148962,False
PTK2,0.1036141597366389,2.654246789009431,0.008213508796673263,0.010783155667754653,False
PTK2B,-0.18409400836038436,-6.8382600105171365,2.457345438244829e-11,6.474419511240207e-11,False
PTK6,0.30324527092652387,11.77088749491487,0.0,0.0,True
PTMA,-0.040139213115883976,-1.2146542640390408,0.22509758952512082,0.25122557249683813,False
PTMS,0.6501078906488313,12.871540731533702,0.0,0.0,True
PTOV1,0.0818691436537149,1.9894247091037314,0.04722370376616536,0.057019899757071155,False
PTP4A1,-0.32350997552290117,-4.24426229951721,2.6353427293956955e-05,4.3422275639978567e-05,True
PTP4A2,0.004916134124702154,0.1489954376477926,0.8816200625019532,0.8941170540552914,False
PTP4A3,-0.13247831724362458,-2.1499867548002065,0.03205722757435048,0.039401110161005455,False
PTPLA,0.432675691031315,13.82512510101731,0.0,0.0,True
PTPLAD1,-0.19225720192007678,-3.2824158833891697,0.0011045719673485888,0.0015770407154051059,False
PTPLAD2,-0.16838934102280056,-4.411155391593774,1.2714755693643554e-05,2.1484710405615386e-05,False
PTPLB,-0.19154308689326172,-4.102086840399004,4.8126729021324977e-05,7.738299715196014e-05,False
PTPMT1,-0.09847565524870117,-3.4719023735842827,0.0005636867930385314,0.0008284139026551216,False
PTPN1,-0.5452790584091574,-10.928381109638025,0.0,0.0,True
PTPN11,-0.06136971550506409,-1.0442776581116413,0.2968846920193946,0.3258207667084038,False
PTPN12,-0.15352446408520937,-1.7016558219092492,0.08947007926890826,0.10489626901766455,False
PTPN18,-0.04359139632285203,-1.217835097678218,0.22388737109025159,0.2500202256508588,False
PTPN2,-0.29728961524009545,-4.976555349263537,9.047781848181558e-07,1.6772030754619144e-06,False
PTPN22,-0.23047309469004773,-2.9260272628650577,0.00359661419441637,0.004886118516981031,False
PTPN23,-0.14262971666714686,-3.9402274272673803,9.354584105469854e-05,0.00014690586818119598,False
PTPN4,0.6263246241774949,7.626336596053035,1.3145040611561853e-13,4.1325797708673853e-13,True
PTPN6,-0.5818547012231949,-14.963958378317665,0.0,0.0,True
PTPN7,0.03526602390472622,0.6592075161013522,0.5100799181412512,0.5395418344416044,False
PTPN9,0.032591628034145614,1.0867375748589136,0.2777004266735581,0.30619615342708106,False
PTPRA,-0.3306641995475714,-7.409849962087262,5.777600620149315e-13,1.7219193154851216e-12,True
PTPRC,-0.4190415397524827,-10.298533358800325,0.0,0.0,True
PTPRCAP,-0.17846450801183344,-1.7950723912070412,0.07327368476285168,0.08665704053216514,False
PTPRE,-0.5504910606576017,-11.81219619787013,0.0,0.0,True
PTPRF,0.22674699080274685,7.010241961382136,8.147704733119099e-12,2.2229609384367338e-11,False
PTPRH,0.19949767924731487,7.544380650435824,2.311484337269576e-13,7.107845189804657e-13,False
PTPRJ,-0.5897531787200556,-12.136519803793592,0.0,0.0,True
PTPRM,0.05795789910765459,1.4932105268018891,0.13604174513588618,0.15580282980913432,False
PTPRN,0.1893408878758409,9.243144526065581,0.0,0.0,False
PTPRN2,-0.4845775557899521,-5.730306601068134,1.7763753135113802e-08,3.7801712980486956e-08,True
PTPRO,0.037391593829294134,1.1695844246866673,0.24275102917650138,0.26988216437449275,False
PTPRS,0.1508247099943456,5.673459438298395,2.42752407064728e-08,5.119934768833913e-08,False
PTRH1,0.05786066228146014,1.7601413415177902,0.07902329802420605,0.09321725152320927,False
PTRH2,-0.0439190896151862,-0.7558455641586083,0.45011405290093864,0.48083685202317655,False
PTTG1,0.3605412954321672,3.736071917759587,0.00020948929121278326,0.00031923629388544124,True
PTTG1IP,-0.29567639971319704,-7.240260698931786,1.8005597013370789e-12,5.172231221870776e-12,False
PTX3,0.010282489818509433,0.09433158295333818,0.9248852850988669,0.9326581107462005,False
PTX4,0.21269335416361024,7.326721010975573,1.0111911308285926e-12,2.9578239299173584e-12,False
PUF60,-0.4865174184996386,-10.576059101904853,0.0,0.0,True
PUM1,-0.6038802214824575,-12.88011920731155,0.0,0.0,True
PUM2,-0.037545326509932586,-1.123798610183722,0.2616624561452787,0.2895379281784309,False
PURA,-0.26224930477720854,-4.431610912158562,1.1609368435472334e-05,1.9689092315695792e-05,False
PURB,-0.25745374442186275,-6.7531960909062,4.2086778506700284e-11,1.0913948708209828e-10,False
PUS1,-0.0157322142957268,-0.4635726010219312,0.6431649715290857,0.6701598649519256,False
PUS3,-0.31926071834348413,-4.9059265304204045,1.277095170948428e-06,2.3406299561105716e-06,True
PUS7,0.0207823679410315,0.7047179601646422,0.4813289391518303,0.5113842510689848,False
PUS7L,-0.07341628220282015,-2.27459957394464,0.02337212713583492,0.029153810401697625,False
PUSL1,-0.015594056413872348,-0.49727192099846707,0.6192259287942217,0.6471478383034511,False
PVALB,0.06161192620074729,0.8784266658146953,0.3801534902982675,0.41055578986928026,False
PVR,0.059506346313281,3.1679752998206245,0.0016333159563399757,0.0022952502746224446,False
PVRIG,-0.4772635253125488,-3.9864589235105012,7.754882677923902e-05,0.00012261785176422376,True
PVRL1,0.00813524222431461,0.2680892683113261,0.7887462404582357,0.8080369925149784,False
PVRL2,-0.39350646188344873,-4.485997984351421,9.100029381814423e-06,1.559173560153508e-05,True
PWP1,-0.2950937953048469,-6.902559544737678,1.6304513295040124e-11,4.354548774532047e-11,False
PWP2,-0.3179454625137321,-7.790344204550516,4.196643033083092e-14,1.3644123933978022e-13,True
PWWP2A,-0.27262619547511013,-6.062890866042919,2.716523228585288e-09,6.158557581199357e-09,False
PWWP2B,-0.10107622598535038,-2.4024303828269633,0.016666868799348533,0.021148453591065847,False
PXK,-0.466424964140395,-10.332578385792617,0.0,0.0,True
PXMP2,-0.09585246550466442,-1.8602257828894921,0.0634674619764728,0.07560307078665875,False
PXMP4,0.11363987999358116,4.782744347135164,2.306731345713686e-06,4.147219973665671e-06,False
PXN,-0.6435371030162704,-14.201511594500149,0.0,0.0,True
PYCARD,-0.6109685213250913,-12.770425094251324,0.0,0.0,True
PYCR1,0.26703369420356937,12.58910209517891,0.0,0.0,False
PYCR2,0.12735927117723334,3.110216348924342,0.0019811884272791236,0.002759195924776717,False
PYCRL,0.22189085264305497,8.730937833540747,0.0,0.0,False
PYGB,0.03527427255851068,0.8977325283123031,0.36978004361590844,0.3999151556108956,False
PYGL,-0.5383079333111951,-9.570149729039038,0.0,0.0,True
PYGO2,0.051371062948615265,2.260722441195524,0.024225292316667257,0.030170952772806806,False
PYHIN1,-0.09220671088888821,-1.7625134519774472,0.07862153538614391,0.09276262072242054,False
PYROXD1,-0.3162365729727754,-5.398657785713735,1.0594585475587337e-07,2.1220488626898023e-07,True
PYY2,0.26072876677851253,8.704415445611959,0.0,0.0,False
ProSAPiP1,0.271271581044243,9.232782522337677,0.0,0.0,False
QARS,-0.2471333049249509,-6.482372785792633,2.252795727741841e-10,5.527146749277586e-10,False
QDPR,-0.16765934115715853,-3.8320020773910404,0.00014407099807445256,0.0002227888074667229,False
QKI,-0.37436245331793394,-6.943927628360124,1.2502443524908813e-11,3.3640655679379725e-11,True
QPCT,-0.43511870424525156,-6.54428285658983,1.542601602011473e-10,3.8337061172751146e-10,True
QPCTL,0.3099280562885993,10.057317917498501,0.0,0.0,True
QRICH1,-0.1460833453299042,-4.385155514451849,1.4265671709257077e-05,2.400676003198426e-05,False
QRSL1,-0.08574856718441515,-1.9466511039107368,0.052161927367806005,0.06273264161095816,False
QSER1,-0.17842990958617122,-3.365475226185992,0.000825656123557561,0.0011951159697486235,False
QSOX1,-0.27542462696557113,-4.948285889956276,1.039122537793702e-06,1.916370879418132e-06,False
QSOX2,-0.10941239851899365,-3.416357647623527,0.0006887830428268238,0.0010057157903818207,False
QTRT1,0.2970889256081133,10.701836780248456,0.0,0.0,False
QTRTD1,-0.22227593724670314,-6.443615961689249,2.851336944331706e-10,6.952526733986632e-10,False
R3HCC1,-0.32526138431252694,-7.47059450111971,3.8258285428582894e-13,1.1579011819544045e-12,True
R3HDM1,-0.19193692424969377,-4.5498025894436225,6.8168780313904165e-06,1.1809838779303084e-05,False
R3HDM2,-0.5171008746626278,-11.644228708812378,0.0,0.0,True
RAB10,-0.2648111487947009,-5.301356290556648,1.759420178437665e-07,3.4649959027908124e-07,False
RAB11A,-0.1385907015761383,-2.8692900229965015,0.0042961094532201205,0.005798111867796434,False
RAB11B,0.2846752375074999,11.399359821090902,0.0,0.0,False
RAB11FIP1,-0.5083175425567337,-8.85042743856232,0.0,0.0,True
RAB11FIP2,-0.34696449737256607,-8.212392549144436,1.9984014443252818e-15,7.261699128448871e-15,True
RAB11FIP3,0.12264790389749791,3.4963014688721064,0.0005157440028407123,0.0007609651810839203,False
RAB11FIP4,-0.3420216278201247,-7.084457767303783,5.026867810897784e-12,1.390597750089615e-11,True
RAB12,-0.3668995094637584,-7.457970561536865,4.1677772344428377e-13,1.2570993967935858e-12,True
RAB13,0.3806457934680276,5.300215014419365,1.769838662291079e-07,3.4831319922998356e-07,True
RAB14,-0.41746205328306196,-9.28204520875805,0.0,0.0,True
RAB18,-0.25936205369470766,-4.333487490558681,1.7901383891905098e-05,2.9871945683160198e-05,False
RAB1A,-0.33667995054924216,-5.170384395349022,3.4405924487224127e-07,6.611976045517763e-07,True
RAB1B,-0.014512599334737253,-0.39377411783298416,0.6939233815700621,0.7184346065347424,False
RAB20,-0.6088660349687363,-5.701549786577419,2.0810504652857276e-08,4.408168501218517e-08,True
RAB21,-0.18106056197885323,-2.494722760602326,0.012941989894191153,0.01658642429808499,False
RAB22A,-0.09169973296362688,-1.7533104766822052,0.08018960214806481,0.09450624382479625,False
RAB24,-0.5433187806203525,-8.22634522755706,1.7763568394002505e-15,6.487588596401866e-15,True
RAB25,0.14598966289465976,5.39291824378695,1.0918673876147977e-07,2.1835452149192458e-07,False
RAB27A,-0.33753913985611383,-5.8467892334148805,9.293414482414164e-09,2.0175431855056307e-08,True
RAB28,-0.26259171566828243,-3.7694697705140037,0.00018405558942125033,0.0002818580609603008,False
RAB2A,-0.40511313604003885,-7.798134630193759,3.9745984281580604e-14,1.2955121475368617e-13,True
RAB2B,1.2414695046579345,21.27416876229975,0.0,0.0,True
RAB31,-0.49611283929209904,-10.725656378428832,0.0,0.0,True
RAB32,-0.24986811176927848,-4.455612493178037,1.0429570389103304e-05,1.775879102913244e-05,False
RAB33A,-0.14652732862586149,-2.006358198570461,0.04538077204711577,0.05492708975630204,False
RAB33B,-0.05502935887593807,-0.9699976088764528,0.33253817212560866,0.3623750421655696,False
RAB34,-0.23553965042911118,-4.777812232557746,2.3613716024772913e-06,4.2421458965901304e-06,False
RAB35,-0.4317837512452831,-14.551918836384687,0.0,0.0,True
RAB36,-0.13677495855058464,-3.808033659088531,0.0001583148418446978,0.000243800623423673,False
RAB37,-0.08738861975805534,-2.1401637055183533,0.03284698427238353,0.040354566108530915,False
RAB39B,-0.042162332644826606,-1.7045123441919086,0.08893513843970569,0.10434343651323791,False
RAB3A,0.005145441514474491,0.18047814179283345,0.8568536927363788,0.8709934421664621,False
RAB3D,-0.32152018351969236,-7.282463396740753,1.3595791159559667e-12,3.93987216017529e-12,True
RAB3GAP1,-0.2993145909130508,-7.942965543479198,1.4210854715202004e-14,4.80466203300299e-14,False
RAB3GAP2,-0.3206166049089365,-6.391308082399203,3.911799772993163e-10,9.436653735101202e-10,True
RAB3IL1,0.48792029832835526,11.143584009468881,0.0,0.0,True
RAB3IP,-0.08814951723850495,-3.5912338082255943,0.00036316300859540185,0.0005416644692490527,False
RAB40C,-0.12907486641866406,-4.4465187349932185,1.0862385223520121e-05,1.8468459836122254e-05,False
RAB43,-0.4252825181839901,-8.255109072312633,1.5543122344752192e-15,5.7274864455918265e-15,True
RAB4A,0.14876913064592667,1.9673989954136843,0.04971496486228211,0.05991490691029793,False
RAB4B,-0.35882478407962104,-7.685457523275325,8.72635297355373e-14,2.77293406627215e-13,True
RAB5A,0.10835089841875867,1.61676086229859,0.10658954232851925,0.12374571034894308,False
RAB5B,-0.10902637467552978,-2.861084014256534,0.0044069408209128635,0.0059400364282816845,False
RAB5C,-0.13789860897221562,-4.825915092673473,1.8777097257061115e-06,3.401909142876486e-06,False
RAB6A,0.23926180241952677,6.585699018849717,1.1954637280098268e-10,2.9916460314892883e-10,False
RAB6B,0.5614458200251362,13.106921947674278,0.0,0.0,True
RAB7A,-0.44545062272614366,-11.33969064140954,0.0,0.0,True
RAB7L1,-0.5744720070722815,-8.350342982613832,6.661338147750939e-16,2.5382717209375807e-15,True
RAB8A,-0.4332295434350044,-10.71240551603549,0.0,0.0,True
RAB8B,-0.30981271077901074,-6.194670424692908,1.2606435895179402e-09,2.9271020978950117e-09,True
RAB9A,-0.4707644741479129,-8.578197344787805,2.220446049250313e-16,8.732440437457957e-16,True
RABAC1,-0.3957084279083256,-7.68289048454685,8.881784197001252e-14,2.820768463337674e-13,True
RABEP1,-0.22290205667171703,-5.06176519798563,5.937304687897438e-07,1.117330709032684e-06,False
RABEP2,-0.0957693412541043,-3.4971567856630736,0.0005141346276851255,0.0007586877755963312,False
RABEPK,-0.21605136573607142,-5.612405271434016,3.385273816824963e-08,7.055358982451013e-08,False
RABGAP1,-0.5327863167466704,-13.912707603376573,0.0,0.0,True
RABGAP1L,0.028822914678270806,0.5361949654842846,0.5920732067162784,0.6207419011709121,False
RABGEF1,-0.37557018328828207,-4.522680847665686,7.710734511778838e-06,1.3286454875270073e-05,True
RABGGTA,-0.09054055873134725,-3.1602910978978422,0.001676096901255253,0.002351925959990164,False
RABGGTB,-0.2206068162339636,-3.74359271484594,0.00020348847796403113,0.0003104995257545937,False
RABIF,-0.452841265784516,-13.04656072246432,0.0,0.0,True
RABL2A,-0.2744768798351238,-7.205652008518809,2.2652990594451694e-12,6.457307563907178e-12,False
RABL2B,-0.2335234143911884,-5.580536038521857,4.022295185812652e-08,8.325753503212208e-08,False
RABL3,-0.1060769730892166,-4.93662465820464,1.099980803775935e-06,2.024393493959897e-06,False
RABL5,0.14611379277628656,3.71711194156459,0.00022536574286124988,0.000342388286997987,False
RAC1,-0.3137031330000628,-10.015022371448797,0.0,0.0,True
RAC2,-0.43375152238051307,-13.356170221302282,0.0,0.0,True
RAC3,0.3411064889272559,10.64063847849066,0.0,0.0,True
RACGAP1,-0.16292265912697568,-2.2855264706331364,0.02271887127293204,0.02839304309351244,False
RAD1,-0.13647248491593444,-5.028586572695276,7.000582977756409e-07,1.3092988361873043e-06,False
RAD17,0.013450534413995907,0.3316820159134658,0.7402747361935307,0.7618354941671831,False
RAD21,-0.4663345538568615,-9.990023719948029,0.0,0.0,True
RAD23A,1.5201182654001952,19.94394650258956,0.0,0.0,True
RAD23B,-0.3518885041924076,-6.418532289823476,3.319053920591841e-10,8.047186299999456e-10,True
RAD50,-0.1361600905487732,-3.2440519811830657,0.0012609376532102257,0.001792513985848277,False
RAD51,0.16801379291083762,5.522517579655152,5.4940622273846884e-08,1.1264881238384518e-07,False
RAD51C,-0.0380744047415722,-0.8709445518281841,0.3842215628697483,0.4144440661762928,False
RAD52,0.4008892222662217,12.612978814688326,0.0,0.0,True
RAD54L2,-0.004896805861321241,-0.14195493509445362,0.8871754035839916,0.899196962066344,False
RAD9A,-0.20153780166719049,-6.116376238186348,1.992441989173699e-09,4.557374756412199e-09,False
RADIL,0.286285746804515,10.56901682927352,0.0,0.0,False
RAE1,-0.33900444722151946,-7.09091640265726,4.8190340606879545e-12,1.3347067406844086e-11,True
RAF1,-0.6324238095928534,-10.67690187491186,0.0,0.0,True
RAG1AP1,0.5711626757844663,13.277355584567049,0.0,0.0,True
RAGE,0.25925465730931885,12.475905694384041,0.0,0.0,False
RAI1,0.1744378985388937,7.107136936420521,4.333644554321836e-12,1.2049059044468555e-11,False
RAI2,-0.14121495673941142,-3.6531910623364086,0.0002876434218321844,0.0004328366526564248,False
RALA,-0.2795333028004978,-6.785892275382011,3.424505123916788e-11,8.936763598187013e-11,False
RALB,-0.36051505616856616,-5.805638968878181,1.1697696589152429e-08,2.5252205211852852e-08,True
RALBP1,0.587866744608422,14.647616666910181,0.0,0.0,True
RALGAPA1,-0.08736122428470239,-3.2023024347543014,0.0014542365662832957,0.0020553804916585623,False
RALGAPA2,-0.18669092696780876,-4.515947533246644,7.949480989699609e-06,1.3677381855168006e-05,False
RALGAPB,-0.23583165968761755,-10.061180094645305,0.0,0.0,False
RALGDS,0.5766948343314251,13.610526576910637,0.0,0.0,True
RALGPS1,-0.13434233966018283,-4.5359222565715696,7.261133575298118e-06,1.2547404388517705e-05,False
RALGPS2,-0.1463597714549052,-3.860660568960523,0.0001286286280828275,0.00019968641063154848,False
RALY,-0.4654952831864527,-12.289035791093005,0.0,0.0,True
RALYL,0.17420744407883593,6.251835712838088,8.998319867004057e-10,2.1080261653044484e-09,False
RAMP1,0.1327039173940694,3.887593197208096,0.00011555383959893639,0.00018028777981039527,False
RAMP3,0.1361014764128905,4.432539586411897,1.1561433778339847e-05,1.961357226696564e-05,False
RAN,-0.012702388024626643,-0.21503809773907967,0.8298293177265554,0.8461364885272366,False
RANBP1,-0.1937904191121289,-3.022423388124937,0.002642197912867683,0.003637996385168879,False
RANBP10,1.0014579318245644,22.793649926765767,0.0,0.0,True
RANBP2,-0.28311773364483006,-6.722185912418549,5.114042522791351e-11,1.318456934199498e-10,False
RANBP3,-0.29900388988469384,-10.891503562705658,0.0,0.0,False
RANBP6,-0.17462392034629026,-3.4549671826673425,0.0005993774621715353,0.0008789597691602692,False
RANBP9,-0.16729485975139724,-2.285647367057667,0.022711733508258725,0.02838720250451739,False
RANGAP1,0.14787157361474934,2.5524246851424306,0.01100739122215666,0.014235336194905418,False
RANGRF,-0.39644388087697546,-6.17936648144198,1.3791456865419605e-09,3.1919588433347083e-09,True
RAP1A,-0.1853907055667543,-2.686522423434886,0.007471423716235659,0.009848189699887693,False
RAP1B,0.031318524904544454,0.3618489767876204,0.7176247715895563,0.7405105924876914,False
RAP1GAP,2.520361231776329,17.32394138936459,0.0,0.0,True
RAP1GAP2,-0.3655704006025884,-8.014576569339326,8.43769498715119e-15,2.9169810491294885e-14,True
RAP1GDS1,-0.22964468385030434,-5.245617248459553,2.34457468550886e-07,4.568965623816031e-07,False
RAP2A,1.0936729580698086,17.825483030871897,0.0,0.0,True
RAP2B,-0.1628712263094263,-4.8333264725839955,1.8122518044005886e-06,3.286935684914247e-06,False
RAP2C,-0.2592670816686633,-2.4840238005001556,0.013332163928242657,0.017063688476603018,False
RAPGEF1,-0.20659258704453176,-6.902834200891955,1.6275869541004795e-11,4.347906800622315e-11,False
RAPGEF2,-0.1641429381757913,-4.677028892086739,3.793153420916795e-06,6.718950369912434e-06,False
RAPGEF3,0.15816655278397107,5.925228079637897,5.97188076767452e-09,1.3160530813629768e-08,False
RAPGEF6,-0.31037196449400906,-6.598467232597975,1.1048206793873305e-10,2.772642572083368e-10,True
RAPGEFL1,-0.09829625660900732,-3.191646497868058,0.0015077836456347526,0.0021271475583670195,False
RAPH1,0.04764641819810578,1.77574559750083,0.07641090377786441,0.09023756413955507,False
RARA,-0.083578356188442,-3.7875246761872274,0.00017154828996335247,0.00026319455941500495,False
RARG,0.3719545356807594,10.931052380696157,0.0,0.0,True
RARRES2,0.33144367780368533,9.921479588644177,0.0,0.0,True
RARRES3,-0.5160322641425426,-3.6508529591863823,0.00029020268710988617,0.0004365166822693626,True
RARS,-0.48543308020166354,-9.164407627755725,0.0,0.0,True
RARS2,-0.40083305704364225,-7.749142769018942,5.595524044110789e-14,1.80343708629301e-13,True
RASA1,-0.1806194475157188,-3.130906029337452,0.001849410429706877,0.0025831646343874764,False
RASA2,-0.4028172456321273,-7.4867899165436995,3.426148253993233e-13,1.0399420747759699e-12,True
RASA3,0.02976427999488518,0.7808570353159018,0.43527306437365576,0.4660634345157223,False
RASAL3,-0.40792046732104037,-8.141400949751489,3.3306690738754696e-15,1.1896426995960166e-14,True
RASGEF1A,-0.8261532557592117,-7.359660724026116,8.104628079763643e-13,2.390097564024511e-12,True
RASGRP1,-0.1072117963639374,-1.8611220864380822,0.06334054397303368,0.07546749338284804,False
RASGRP2,-0.6342552997918753,-13.28084798159715,0.0,0.0,True
RASGRP3,-0.09816120733876899,-2.1291223441943923,0.033754583708817565,0.04138574238870352,False
RASGRP4,-0.5398409130456736,-11.166077584407677,0.0,0.0,True
RASL11A,0.14302005927253125,5.184701148588549,3.1995519078620305e-07,6.163150238572362e-07,False
RASSF1,-0.27200094060172386,-6.530146671039781,1.6823520354591892e-10,4.1693229553473325e-10,False
RASSF2,-0.5306358842641528,-14.442420876845153,0.0,0.0,True
RASSF4,-0.3948739187257875,-7.2655693473304535,1.5216716775512396e-12,4.395219672445519e-12,True
RASSF5,-0.23844850820905084,-7.598501584922965,1.5920598173124745e-13,4.963176464309173e-13,False
RASSF7,0.11038243015540106,3.489976636263915,0.0005277919050499236,0.0007780438897197427,False
RAX,0.20022205418552996,7.101642688554797,4.4924064468432334e-12,1.2469404785828243e-11,False
RB1,-0.12011295587871063,-2.645297568508415,0.008430665933421011,0.011054392815831145,False
RB1CC1,-0.12102878469610712,-1.5442163712363448,0.12319759083196535,0.14202492481919626,False
RBAK,-0.08342132478672104,-2.283046529055454,0.022865719890108993,0.02855797760101545,False
RBBP4,-0.27213594919791806,-5.583099040883085,3.967024242435002e-08,8.214300242424732e-08,False
RBBP5,-0.45345369912084,-13.712738835624458,0.0,0.0,True
RBBP6,-0.2995694676976579,-11.618759541251595,0.0,0.0,False
RBBP7,-0.26561093090555365,-4.15463360046752,3.860033117497608e-05,6.26426056360312e-05,False
RBBP8,-0.291978043267465,-4.121856742940307,4.4306234656676935e-05,7.147948417510668e-05,False
RBBP9,-0.04551342060901886,-1.4164132002481793,0.1573058029403105,0.17912273073047022,False
RBCK1,-0.3897215956708253,-9.480315501203416,0.0,0.0,True
RBKS,-0.3920049944710935,-7.009054595801385,8.210765400917808e-12,2.239105271145176e-11,True
RBL2,-0.4960421777644193,-9.508306951266093,0.0,0.0,True
RBM10,-0.49012868207700055,-11.462664103862252,0.0,0.0,True
RBM12,-0.16775602081091145,-5.416565408492483,9.642317366775899e-08,1.9394072594358577e-07,False
RBM12B,-0.1986669147041522,-7.238305387919886,1.824096429459132e-12,5.2372300027267555e-12,False
RBM14,-0.13893794574874097,-5.07588622369823,5.533763773879485e-07,1.0442893989403308e-06,False
RBM15,-0.06064636782633226,-1.874891745716205,0.06141704052327035,0.07335022185459317,False
RBM15B,-0.21939647911314486,-7.655475204022564,1.0746958878371515e-13,3.391622447122232e-13,False
RBM16,-0.3451648201345634,-9.13564764250277,0.0,0.0,True
RBM17,-0.3525755855956678,-8.619188549568927,0.0,0.0,True
RBM18,-0.27419043205113036,-5.664238566224712,2.553046285491689e-08,5.3714228607449804e-08,False
RBM19,-0.07470210014651535,-2.300389365903113,0.02185588303442998,0.027370941147379747,False
RBM22,-0.45538953233780344,-15.350810311912308,0.0,0.0,True
RBM23,-0.3865601889189447,-12.072796084367354,0.0,0.0,True
RBM25,-0.412116777386216,-12.49338776135203,0.0,0.0,True
RBM26,-0.05982514732975819,-2.5719509686837965,0.010413676305508934,0.013509982809230478,False
RBM27,-0.34069205560553684,-8.710948604789163,0.0,0.0,True
RBM28,-0.06787427221214326,-1.9642539599449393,0.05007955461513003,0.0603416725535233,False
RBM3,-0.1614349712360692,-1.5464297318133118,0.12266250751310137,0.14145053799613722,False
RBM33,-0.38027380727988813,-8.225396493275007,1.7763568394002505e-15,6.487588596401866e-15,True
RBM34,-0.34644855954730946,-5.402872430718088,1.0362568780841741e-07,2.0781063681496522e-07,True
RBM38,1.559237356712142,18.924298360657378,0.0,0.0,True
RBM39,-0.21692891296595196,-4.448725490279834,1.0755801455042402e-05,1.8300749920329903e-05,False
RBM4,-0.5132182797268854,-14.888329025974828,0.0,0.0,True
RBM42,-0.5314671592360698,-11.294412012199999,0.0,0.0,True
RBM43,-0.2567531206758358,-4.705642949129695,3.3184364023330915e-06,5.89529131993752e-06,False
RBM45,-0.2978072791764248,-7.038105697031636,6.799671936619234e-12,1.866223994231998e-11,False
RBM47,-0.3895184050733169,-5.023605186008464,7.175332077391516e-07,1.33958914423781e-06,True
RBM4B,-0.1586393864367741,-4.691100715410339,3.5520682817313798e-06,6.29868758270686e-06,False
RBM5,-0.42420589618079774,-10.824088065948134,0.0,0.0,True
RBM6,-0.36945540368036234,-8.792826849608046,0.0,0.0,True
RBM7,-0.35188841485878886,-3.647527384567264,0.0002938797122440384,0.000441643888498249,True
RBM8A,0.010537060408291055,0.34819117281319506,0.7278498857060727,0.7503224300562245,False
RBM9,0.8545101887252002,13.663917809882506,0.0,0.0,True
RBMS1,-0.4351402360153429,-8.225575872381413,1.7763568394002505e-15,6.487588596401866e-15,True
RBMS2,0.1543421995257548,7.085331017118419,4.998224056862455e-12,1.3833383688370643e-11,False
RBMX,-0.35176418776118545,-9.486965832644582,0.0,0.0,True
RBMX2,-0.31805139971613805,-11.063597859806084,0.0,0.0,True
RBMXL1,-0.5209136623075992,-8.374481519135783,6.661338147750939e-16,2.5382717209375807e-15,True
RBMY1A1,0.35104852717525725,13.39971941392918,0.0,0.0,True
RBP7,-0.36426585605837847,-2.622238115735472,0.00901413895397063,0.011783234976258248,True
RBPJ,-0.4478440297413755,-11.472994073519201,0.0,0.0,True
RBPMS2,0.15089905868352194,1.2669473356083398,0.20579098075007307,0.23090846554257663,False
RBX1,1.0569453366536434,16.66516679762179,0.0,0.0,True
RC3H1,-0.527280124483327,-10.527933333275984,0.0,0.0,True
RC3H2,-0.2984667374164811,-7.459177499420947,4.134470543704083e-13,1.247706738090839e-12,False
RCAN1,-0.1452123983876441,-3.8603461955234875,0.00012878919701453384,0.00019990874011729083,False
RCAN3,0.006356021094926501,0.17846643778057755,0.858432278531275,0.8723321158966014,False
RCBTB1,-0.20987577722406314,-4.392501885430121,1.3810013669068866e-05,2.3277370127890587e-05,False
RCBTB2,-0.5098045039221013,-6.3595339247128155,4.735429826041582e-10,1.1359311987957723e-09,True
RCC1,0.08368749588538149,3.033351935836738,0.0025501130843899045,0.0035175131863354457,False
RCC2,-0.22961705840353375,-3.722086794079914,0.00022109373096235174,0.000336297198858488,False
RCE1,0.2523078140711075,8.193411805801931,2.4424906541753444e-15,8.833610626513593e-15,False
RCHY1,-0.35048125965922194,-4.44668775699864,1.0854186009989775e-05,1.8459968795079316e-05,True
RCL1,0.5353684122629696,9.339747872495359,0.0,0.0,True
RCN1,-0.231372334330342,-5.449333096158272,8.110503157965354e-08,1.642490961262358e-07,False
RCN2,-0.12745897395340933,-2.738122748884482,0.0064096565499562885,0.008492389440872612,False
RCN3,0.0552059990894902,1.7707070977412378,0.07724659199857165,0.09119642238716273,False
RCOR1,-0.4628539973671293,-7.154617932981218,3.1727953597737724e-12,8.920534476259235e-12,True
RCOR3,0.27763362268641023,6.42696445471438,3.1540015044129177e-10,7.663139280601645e-10,False
RCSD1,-0.29538889744564223,-5.97535509841138,4.490364080567133e-09,1.0008611424932818e-08,False
RD3,0.12469042954554155,4.254158074375366,2.5255423759640294e-05,4.1708562908572986e-05,False
RDBP,-0.11273564698101612,-3.1485894318695182,0.0017432345284860151,0.002441969905585602,False
RDH11,0.08536724889441416,1.4174091803873756,0.1570147221265792,0.1788089554301597,False
RDH13,-0.19414475640664497,-4.321834578701128,1.883594786100673e-05,3.139506343668594e-05,False
RDH14,-0.175776057532814,-2.940143395995502,0.003439550170511785,0.004679917129001328,False
RDH5,-0.12759203111481598,-3.5137187715164955,0.0004838823084647448,0.0007153285820335466,False
RDX,-0.2637843827654782,-5.066909360061402,5.78710863452514e-07,1.0903124691052517e-06,False
REC8,-0.4644088414592611,-6.601534409286649,1.0840706110570864e-10,2.724129443448206e-10,True
RECQL,-0.3323976858258053,-6.15313435482019,1.6080838882714943e-09,3.7054447507500186e-09,True
RECQL4,0.29607092489308773,8.826584393158273,0.0,0.0,False
REEP1,-0.11943202753541149,-2.9867873843214507,0.0029640585083705595,0.004058360865080289,False
REEP2,0.15228893730129478,5.336421147816262,1.4667853154293198e-07,2.904572812176437e-07,False
REEP3,-0.24249047159779646,-5.984364517317677,4.265163111583092e-09,9.528784694011957e-09,False
REEP4,0.2151136025235787,8.113204916226609,4.218847493575595e-15,1.4897886044910262e-14,False
REEP5,-0.30154312616712975,-7.700084132324286,7.882583474838611e-14,2.512437162331654e-13,True
REL,-0.7671213790445481,-14.098037191025883,0.0,0.0,True
RELA,-0.36785165334630143,-8.742944238695461,0.0,0.0,True
RELB,-0.47913116126349076,-5.726458054019299,1.814478056694213e-08,3.860541694691659e-08,True
RELL1,-0.6908935347996259,-7.220231574066721,2.05657713081564e-12,5.881259178218808e-12,True
RELL2,0.10713344855144724,4.100630618546047,4.842019596607017e-05,7.784399683644972e-05,False
RELT,-0.28222142863691957,-9.472577208090417,0.0,0.0,False
REM1,0.09704386201152726,3.191064373106889,0.0015107607211128915,0.002130825608730182,False
REM2,-0.24407428993585745,-3.3715459010599207,0.0008080886718082603,0.0011714539907575323,False
REPIN1,0.15139958228564154,6.518696161247574,1.8045831495783204e-10,4.4559471168258675e-10,False
REPS1,-0.5139093267640815,-8.918195845698133,0.0,0.0,True
REPS2,-0.44685841140261484,-5.923018391780153,6.047143008558464e-09,1.3316199639760076e-08,True
RER1,-0.37648161032386884,-12.34456541117703,0.0,0.0,True
RERE,-0.6093429508854902,-11.126434735633111,0.0,0.0,True
REST,0.04713419924021922,1.342971201329041,0.1799185297141912,0.20338386101842673,False
RETN,-0.15341278717108686,-0.8565743184008067,0.39210933240347323,0.4225170626712449,False
RETSAT,-0.2265679122684694,-5.706570996779153,2.0244124154800147e-08,4.295304220651002e-08,False
REV1,-0.21911658287788427,-7.004944362089562,8.432143872028064e-12,2.297300502882953e-11,False
REV3L,-0.4995468000116259,-10.074388851063702,0.0,0.0,True
REXO1,0.07498947222943375,2.292368229682672,0.022317994187034396,0.027922338985603257,False
REXO2,1.635207290407629,20.9109293806519,0.0,0.0,True
REXO4,0.09523348740948423,3.16193240544963,0.00166687318069636,0.0023398381877213466,False
RFC1,-0.15046397231066466,-4.9855372677570005,8.657235721631906e-07,1.606875576498194e-06,False
RFC2,-0.22560043958538545,-5.8853274518354945,7.482928943147726e-09,1.6331159245191107e-08,False
RFC3,0.03258755895428411,0.6366933319373682,0.5246293558027362,0.5540667048218316,False
RFC4,-0.05672390274115857,-0.8719011179977231,0.38369998716234743,0.4139589914885342,False
RFC5,-0.10437317202486618,-2.3682647265613133,0.01826857687239536,0.023048821138348535,False
RFESD,0.954826271033054,15.093461719432646,0.0,0.0,True
RFFL,-0.28107955387044736,-5.33628265579397,1.4678424098413245e-07,2.906166503774874e-07,False
RFK,-0.21186349851949515,-2.8438018623736445,0.0046489025933817985,0.006251542023484116,False
RFNG,0.31126041236367996,7.2991800290811675,1.2159162565694714e-12,3.5357640311024415e-12,True
RFPL2,0.2709598397834685,8.895710817477005,0.0,0.0,False
RFT1,-0.3403007435705976,-11.440205535084152,0.0,0.0,True
RFTN1,-0.2563081713080515,-5.173603686840674,3.384905020720197e-07,6.507129661828429e-07,False
RFWD2,-0.45638195937102743,-9.824717403529416,0.0,0.0,True
RFWD3,-0.2268084802417909,-6.6041133593704675,1.0669198857726769e-10,2.684545688994204e-10,False
RFX1,-0.7444342828859041,-12.474516723085756,0.0,0.0,True
RFX2,-0.3151140088573179,-5.666008213901748,2.528476317209538e-08,5.323821836060323e-08,True
RFX5,-0.25143190543416916,-5.641002818139504,2.8980298161229712e-08,6.069528263985547e-08,False
RFX7,-0.10088063986315587,-2.9209245425973105,0.0036549815462603163,0.004961901288317334,False
RFXANK,0.11200996328687651,2.330891165507231,0.020174039287818246,0.02534737767848804,False
RFXAP,-0.0423299536111692,-1.3333677436820495,0.18304613154673932,0.20661522677970506,False
RG9MTD1,-0.19372011678264967,-4.726528600477465,3.0085891897790873e-06,5.356404772343942e-06,False
RG9MTD3,-0.11210155094738417,-4.563601586518566,6.4011456553103585e-06,1.1126421729820435e-05,False
RGL1,-0.15166712113937653,-2.4365456786900266,0.015192261453516265,0.019349807572208517,False
RGL2,-0.584118832685868,-12.122992301058032,0.0,0.0,True
RGL3,0.24617512846644463,8.368969727303517,6.661338147750939e-16,2.5382717209375807e-15,False
RGL4,-0.28206978365500746,-2.3197330824175246,0.020775668074794806,0.026085213080992715,False
RGN,0.20514937502133002,7.483275169348202,3.5083047578154947e-13,1.0645985907607136e-12,False
RGNEF,0.1408347945511963,4.7969202901590275,2.1563793457524127e-06,3.886003392321972e-06,False
RGP1,-0.4963463705395368,-12.50508037144516,0.0,0.0,True
RGPD1,-0.02919765137037178,-0.39057301483715207,0.6962868548542636,0.7204930184213315,False
RGPD4,-0.06224794452655491,-1.5503818072987516,0.12171161857641799,0.14042429230586528,False
RGPD5,-0.17324056080254913,-2.5128731002730795,0.012303210608263448,0.0158135107115138,False
RGS10,1.0322090765663292,14.746316126517867,0.0,0.0,True
RGS12,0.28714585904449397,12.195487482750076,0.0,0.0,False
RGS14,-0.29503363036277364,-7.492493402935691,3.2951419370874646e-13,1.0009688811527032e-12,False
RGS16,0.43670786109263426,7.46798347623071,3.894662370385049e-13,1.1778056141891673e-12,True
RGS18,0.2108924797908589,2.107046398932,0.0356338717603204,0.04359708643729482,False
RGS19,-0.5832233283842658,-15.503683888540408,0.0,0.0,True
RGS2,-0.5396651373787016,-5.524947580926727,5.423069060483954e-08,1.1123278580433524e-07,True
RGS3,-0.5124003356707263,-8.584837304785102,2.220446049250313e-16,8.732440437457957e-16,True
RGS6,0.27821252663560037,12.516426152855571,0.0,0.0,False
RHAG,1.2055207009902742,15.420089911928425,0.0,0.0,True
RHBDD1,0.11730719115570754,4.283806370747993,2.2221028289637346e-05,3.683995752278822e-05,False
RHBDD2,-0.7707476149485641,-12.060108125528906,0.0,0.0,True
RHBDD3,0.3667892875532708,9.441846403702442,0.0,0.0,True
RHBDF2,-0.18815123865355243,-5.36817080903794,1.2429718365680742e-07,2.477126744883676e-07,False
RHBDL1,0.45848481920441486,12.462768355048821,0.0,0.0,True
RHCE,1.8392106759531375,21.993998034098365,0.0,0.0,True
RHD,1.0128633613719797,14.486718182353014,0.0,0.0,True
RHEB,0.13921566129311103,3.6557871270218643,0.00028482665100759696,0.00042871007356023907,False
RHOA,-0.3135006113731471,-6.682139757323132,6.570255450810691e-11,1.680718910457214e-10,True
RHOB,-0.0519984980433148,-1.2713362539381174,0.20422724064406217,0.2293102237039626,False
RHOBTB1,0.1537032620550285,2.587587930707715,0.009959008825516147,0.012946374298738347,False
RHOBTB2,0.1147958639078901,4.137822048528051,4.143339719786532e-05,6.704190227872042e-05,False
RHOC,-0.0846471690736248,-1.163513090064518,0.24520177417131306,0.27244904376187473,False
RHOD,0.24142357514675572,8.294927277656567,1.1102230246251565e-15,4.157561450148628e-15,False
RHOF,-0.01670557453443644,-0.39699401425342096,0.6915490414398797,0.7161695053803806,False
RHOG,-0.49322356507892273,-11.377793207429807,0.0,0.0,True
RHOH,-0.3529493660569152,-3.8417583139697125,0.00013862723566804291,0.00021471656953881758,True
RHOQ,-0.583844171712693,-8.784751668608703,0.0,0.0,True
RHOT1,-0.2624519269444585,-5.419462034503833,9.496307518119806e-08,1.9113745640611925e-07,False
RHOT2,-0.22082075835758808,-7.16153819909935,3.0313529464365274e-12,8.549988880999597e-12,False
RHOU,-0.36196419984245853,-4.239056096771211,2.6949225345074268e-05,4.434054088700336e-05,True
RIC8A,-0.22352292130407037,-8.49966232677054,2.220446049250313e-16,8.732440437457957e-16,False
RIC8B,-0.04778219929763772,-1.3047105704830124,0.19261912131668946,0.21697434563338017,False
RICTOR,-0.35992783008990514,-5.358982069566506,1.3040907709260807e-07,2.5913095722438374e-07,True
RIF1,-0.19085135223021954,-5.620520256055803,3.2394467774921054e-08,6.764899824135525e-08,False
RILP,1.3378908595839905,16.93197707419454,0.0,0.0,True
RILPL2,-0.34442536431187243,-6.407850369534048,3.5403280307377827e-10,8.569245342733456e-10,True
RIMBP3,0.04467572608503634,1.6565368198021724,0.09826928271091795,0.11461764555964599,False
RIN1,0.16778221280429761,6.019601564201084,3.4855849317949605e-09,7.838823277888744e-09,False
RIN2,-0.36850217728733226,-4.0131046184116554,6.954570734829524e-05,0.00011034393979958854,True
RIN3,-0.39483251185434654,-8.79948562356602,0.0,0.0,True
RING1,0.021034159137825803,0.5827534356698824,0.5603340567148143,0.5892895096592664,False
RINL,-0.5474540711235258,-13.572919408674487,0.0,0.0,True
RINT1,-0.20189664354218007,-5.46009258005263,7.661179779461236e-08,1.5542291278551247e-07,False
RIOK1,-0.1765595713808179,-6.024787580451654,3.3832889823059986e-09,7.620669884079546e-09,False
RIOK2,-0.10880308360264701,-4.172316191909945,3.581994941748157e-05,5.830295285289956e-05,False
RIOK3,1.7744608457302,24.92917495784084,0.0,0.0,True
RIPK1,-0.2673634962352196,-9.328388434768161,0.0,0.0,False
RIPK2,-0.362813724827296,-5.76025147565821,1.505379221278247e-08,3.218348784317767e-08,True
RIPK3,-0.28922876425893485,-9.54133045816078,0.0,0.0,False
RIT1,-0.4191411448242359,-6.872042346909276,1.981637076653442e-11,5.258345424089149e-11,True
RLF,-0.22183501727691857,-4.588385061674721,5.714811992962865e-06,9.972567693825063e-06,False
RLIM,-0.2996218187210724,-8.144996180301158,3.3306690738754696e-15,1.1896426995960166e-14,False
RMI1,-0.25653249599748973,-4.980777849879934,8.862107720997159e-07,1.6430487500107239e-06,False
RMND1,-0.16713511311686702,-6.180816764219211,1.3674641419214595e-09,3.165558571300903e-09,False
RMND5A,1.0234523836840523,19.09764726767894,0.0,0.0,True
RMND5B,0.006666586852000389,0.17072335271306258,0.8645135293061952,0.8780048795695699,False
RNASE1,-0.0542978559481484,-0.5812085533383933,0.5613738150311656,0.5903291012729592,False
RNASE2,-0.0865153259628837,-0.886693863423331,0.3756895702752008,0.40581096774193903,False
RNASE3,0.3683860174535196,2.4988547318903813,0.01279403728687134,0.01641141598078741,True
RNASE4,-0.20286712045637945,-2.7894815291996635,0.005490043662411681,0.007318575737451702,False
RNASE6,-0.40209424999174725,-3.350206061191153,0.0008714258506952177,0.001257101361823195,True
RNASEH1,-0.1075325167631429,-2.664682978810819,0.007966621501122928,0.010476939498965065,False
RNASEH2A,-0.11008304729819418,-2.3663340031139635,0.018362996823492406,0.02316033728345659,False
RNASEH2B,-0.2437487043478952,-4.122423849634843,4.420101941571275e-05,7.13197286244005e-05,False
RNASEH2C,-0.042941769695717724,-1.0169324095463919,0.3096999518793444,0.33904521437922147,False
RNASEK,-0.2855441634659197,-9.626383729841027,0.0,0.0,False
RNASEL,-0.5056238911782476,-7.218806317422221,2.0761170560490427e-12,5.934191654746631e-12,True
RNASEN,-0.2634721648458265,-7.402048442796352,6.088463067044358e-13,1.8112863137728296e-12,False
RNASET2,-0.6549586998971169,-10.866180655747296,0.0,0.0,True
RNF10,0.94484312818898,19.046273992262954,0.0,0.0,True
RNF103,-0.43989975771393386,-6.934689944574575,1.326760923348047e-11,3.562461323087682e-11,True
RNF11,1.7534769598991256,22.1914331779292,0.0,0.0,True
RNF111,-0.3517166498801485,-5.938527459194076,5.537835745528241e-09,1.2253232799220093e-08,True
RNF113A,-0.41972706693681694,-10.768772717120818,0.0,0.0,True
RNF114,-0.3399424942213334,-8.903691517917931,0.0,0.0,True
RNF115,0.1335734789874472,3.135762133283893,0.0018196744946761267,0.0025428643096171667,False
RNF122,0.0753600375887471,2.5764877503925216,0.010279891692050791,0.013346942335519958,False
RNF123,1.2146427871148604,22.18734757067553,0.0,0.0,True
RNF125,-0.23378965337575375,-5.4313274512415015,8.920302119186374e-08,1.8001569746129613e-07,False
RNF126,-0.06535310991103316,-2.184960581289616,0.02937652784664646,0.03628828142257593,False
RNF13,-0.4141320432347264,-6.670005105760607,7.086886633089762e-11,1.807658262324202e-10,True
RNF130,-0.5007302770904065,-8.971062874589487,0.0,0.0,True
RNF135,-0.6860363375307941,-11.959774109052884,0.0,0.0,True
RNF138,-0.2015128743621295,-2.170712568262083,0.030444326217506923,0.037522811223995534,False
RNF139,-0.04113445905379365,-0.48529181960707146,0.6276916683392684,0.6552225036338951,False
RNF14,1.4770537496387983,24.16872294569218,0.0,0.0,True
RNF141,-0.326645135095494,-4.992306355162711,8.373719289078707e-07,1.5552543129780334e-06,True
RNF144A,-0.03706779555619555,-0.7098947016516415,0.4781155452703012,0.5083376844781778,False
RNF144B,-0.3088878454326398,-6.087436168832612,2.3569439733250874e-09,5.358128602473196e-09,True
RNF145,-0.1597397709688142,-4.261578177912823,2.4460896386413467e-05,4.043120468863491e-05,False
RNF146,-0.46116948567343385,-4.996315334070337,8.210059050384189e-07,1.5255955831807626e-06,True
RNF149,-0.39215286814797956,-8.057083203516067,6.217248937900877e-15,2.1662580313272896e-14,True
RNF157,-0.08425420580400145,-2.0024169111967645,0.045804196439120926,0.055410474562301394,False
RNF160,-0.2409145265411632,-4.665953711254086,3.993887448761058e-06,7.062571311372217e-06,False
RNF165,0.243355307027028,8.252265634565871,1.5543122344752192e-15,5.7274864455918265e-15,False
RNF166,-0.47940022719541897,-10.42663826948468,0.0,0.0,True
RNF167,-0.5806402119595955,-13.443615839061753,0.0,0.0,True
RNF169,-0.493998650284885,-12.089306118545453,0.0,0.0,True
RNF170,-0.16706018535186873,-5.5755860659972525,4.1311691401091366e-08,8.543435785442934e-08,False
RNF175,0.41458576809394376,12.600242959738127,0.0,0.0,True
RNF181,-0.46129823517555035,-11.666903134238995,0.0,0.0,True
RNF182,2.003790814149071,11.427098294439174,0.0,0.0,True
RNF185,-0.05135183471570093,-2.0805767287441084,0.03800457128636814,0.04631065869540618,False
RNF187,1.2371924137456771,15.610882097518346,0.0,0.0,True
RNF19A,0.07934497628520454,1.3826702166012323,0.1674115243593879,0.18993532444556183,False
RNF19B,-0.5492598005789886,-10.231758000450098,0.0,0.0,True
RNF2,-0.24666873416548807,-4.64253835724152,4.452441483504543e-06,7.83855623544075e-06,False
RNF20,-0.4741773211869251,-9.51554246793534,0.0,0.0,True
RNF213,-0.595905445319107,-7.939695023456841,1.4654943925052066e-14,4.947546866139354e-14,True
RNF215,0.027500109087111202,0.8845711125864053,0.3768326518272307,0.40700753083899394,False
RNF216,-0.08207769443045088,-3.209766615032553,0.0014177814442866143,0.0020058246692136465,False
RNF216L,-0.1267499457496175,-4.670603611737788,3.908395910467988e-06,6.914577252753917e-06,False
RNF219,-0.25583544693566074,-4.137777776005775,4.144111282933238e-05,6.704496891588198e-05,False
RNF220,-0.12655991932443644,-6.19629085615578,1.2486951472823193e-09,2.900528211644492e-09,False
RNF24,-0.7496128008892153,-12.282980796352774,0.0,0.0,True
RNF25,-0.22529739777853397,-6.244666564436457,9.388252397712904e-10,2.197587469401645e-09,False
RNF26,0.23732469528128597,7.157350730669525,3.1161739855178894e-12,8.776334508357107e-12,False
RNF31,-0.838848783428805,-14.66483179306279,0.0,0.0,True
RNF34,-0.3822506420467642,-9.843194668737441,0.0,0.0,True
RNF38,-0.5012671561199662,-7.738155973110633,6.039613253960852e-14,1.9395122685356857e-13,True
RNF39,0.3489492367369671,10.6979113244596,0.0,0.0,True
RNF40,0.25480519614196684,8.081840477121084,5.329070518200751e-15,1.867525503472907e-14,False
RNF41,-0.2454591702229343,-9.242148688582912,0.0,0.0,False
RNF43,0.17666389214022837,5.677112921650024,2.379469821178759e-08,5.020903621571373e-08,False
RNF44,-0.4611403758312589,-6.738087987618054,4.62818672275489e-11,1.1968749528069052e-10,True
RNF5,0.39466808849212054,11.715173297058133,0.0,0.0,True
RNF6,-0.13873804779366417,-2.666933519421103,0.007914262750336576,0.010412837535251514,False
RNF7,-0.23999786486707464,-5.008223966543669,7.741927157134398e-07,1.4413974288513194e-06,False
RNF8,0.041518409996922134,1.0470920730065199,0.29558621287333486,0.32467412854848327,False
RNFT1,-0.2547566208379033,-3.4659406971964937,0.0005760181623595262,0.0008456733637801914,False
RNGTT,-0.17203815749789086,-5.243463919512745,2.3706060425787712e-07,4.6157895545072455e-07,False
RNH1,-0.2959944855358714,-4.88474669610872,1.4150140938973266e-06,2.5864086556019208e-06,False
RNMT,-0.2773810671321715,-7.4610717698225075,4.0811798385220754e-13,1.2319473417173948e-12,False
RNMTL1,-0.09379469122137785,-2.870006348917712,0.004286556010586029,0.005785896260363308,False
RNPC3,-0.42617328409085076,-12.695956967540276,0.0,0.0,True
RNPEP,-0.5384346962051998,-7.170066209509212,2.865707671162454e-12,8.096660942879644e-12,True
RNPEPL1,-0.17779092336496838,-3.448948800029338,0.0006125614101508692,0.0008974936254805217,False
RNPS1,0.0600672955616659,1.8328096165544945,0.06745262035324129,0.08007695906925552,False
ROBLD3,-0.4990545283754475,-10.079498405457263,0.0,0.0,True
ROBO3,0.16397076747322714,7.3703201368123565,7.542855229303314e-13,2.228421374361243e-12,False
ROCK1,-0.14960329777795245,-2.9403179686549707,0.0034376476019066793,0.004678433686952155,False
ROCK1P1,-0.20274043017978727,-3.209359458987179,0.001419747999579446,0.002008113605986694,False
ROCK2,-0.581440226584053,-12.765221069869868,0.0,0.0,True
ROD1,-0.369920593789403,-9.470134755072422,0.0,0.0,True
ROGDI,0.28995557336655153,7.196872921506019,2.4007462684494385e-12,6.82145936513791e-12,False
ROM1,-0.11879060931931651,-3.5644780925611963,0.000401215978464764,0.0005969525776202036,False
ROMO1,-0.2951811498462682,-4.707954542065462,3.2826880340675046e-06,5.832682934509268e-06,False
ROPN1B,0.15105917386811152,5.062150038884094,5.925939119411083e-07,1.1155563444434755e-06,False
ROPN1L,-0.40464864860472716,-5.427939239672068,9.081227259066793e-08,1.8316697040306493e-07,True
ROR1,0.029808768218976933,0.8667149138874893,0.38653302011279367,0.41685926960764635,False
RORA,-0.01779947333727705,-0.2192561498008111,0.8265440970124034,0.8430852256695187,False
RORC,0.2082041732315738,6.789851739941932,3.3398839249798584e-11,8.725816042604443e-11,False
RP2,-0.2482150000593597,-2.5008737513479495,0.012722290278107673,0.016324836996047934,False
RP9,-0.11870183398152978,-3.2669087789933964,0.0011654750721483698,0.0016604956531944429,False
RPA1,0.3224676282242376,9.886227204467644,0.0,0.0,True
RPA2,-0.3923905611328271,-7.666485546815444,9.947598300641403e-14,3.1479776050848437e-13,True
RPA3,-0.19623275978879562,-3.9183418433459676,0.00010216548097030653,0.00015994076859159566,False
RPA4,-0.12005977211638674,-3.433737105594536,0.0006471009347650547,0.0009466542630884766,False
RPAIN,-0.16364090638511364,-5.7920219913918185,1.2619423728210677e-08,2.7170680733693228e-08,False
RPAP1,-0.19177921055230973,-7.086357267017004,4.964695321518775e-12,1.3743889788169854e-11,False
RPAP2,-0.10647210376794591,-2.8205006879997634,0.004994236775507588,0.00669015157774996,False
RPAP3,-0.1764426455437733,-5.44733154918931,8.196867296028643e-08,1.6596891260846182e-07,False
RPE,-0.03574230677885604,-1.3028261531027072,0.1932613128237306,0.21767645080830672,False
RPF1,-0.309634859187887,-6.361253260419108,4.686810939347197e-10,1.1254403837886254e-09,True
RPF2,-0.11121801079526827,-2.60637373778757,0.009436296608178685,0.012297345366557171,False
RPGR,-0.3822867638753813,-4.226020053684135,2.8497953540318477e-05,4.680181448972463e-05,True
RPGRIP1,0.05234258233942457,1.6515707862672746,0.09927873517608532,0.11577158842815619,False
RPH3A,-0.3686893248303633,-3.1648390899211463,0.001650653228590926,0.0023181997732429744,True
RPH3AL,0.03228468387709649,1.312489084023928,0.18998492521481403,0.21409081916938394,False
RPIA,1.9517887543199501,21.22791023546326,0.0,0.0,True
RPL10,-0.13219779410609966,-2.9336216777628485,0.0035113193027738188,0.0047730572396331855,False
RPL10A,-0.210706362398545,-2.9976731730600887,0.002862122688529034,0.0039262583362112595,False
RPL10L,0.2711438429875126,8.854973706453519,0.0,0.0,False
RPL11,0.19971089929702757,3.7702337677167654,0.00018350935953148628,0.00028105894328456194,False
RPL12,0.05527848418500625,1.231879377503848,0.21859971348475438,0.24432855614505003,False
RPL13,-0.1835429934470323,-3.076877763904454,0.0022118328962175138,0.0030696509797023546,False
RPL13A,-0.02720222433600661,-0.4773342823224885,0.6333422469275405,0.6605821570407767,False
RPL13P5,-0.4025345018352322,-7.329616637465837,9.916512055951898e-13,2.9036172438360425e-12,True
RPL14,-0.18559590276058913,-3.3169058239844107,0.0009795480104417553,0.0014049823847937467,False
RPL15,-0.1340506207453238,-2.201667838390767,0.028165736437069544,0.034863649045626915,False
RPL17,0.0038232937509388165,0.04193330454004863,0.9665693737806553,0.9698530153814781,False
RPL18,-0.18224943728856502,-3.1795536525814483,0.001570755375459587,0.002211382445602418,False
RPL18A,0.0687933127470739,1.9615259265233753,0.05039762174951523,0.06069951954544814,False
RPL19,-0.13081018304235315,-3.04004655336052,0.0024951676180742233,0.0034475033936184453,False
RPL21,0.6127931424717499,12.327705542881006,0.0,0.0,True
RPL22,-0.10759151258970157,-1.5651353987054983,0.11821283052610054,0.13663220345682278,False
RPL22L1,0.02920391980763748,0.3475519735313664,0.7283296408012787,0.7507498105046917,False
RPL23,0.10313940873884242,1.1773256602447981,0.23965134212554773,0.26671920869025934,False
RPL23A,0.04075573536036181,0.9192957465600702,0.35840449981075784,0.38863423075591824,False
RPL23AP82,0.05825859203376371,1.507942869911646,0.132229681212378,0.15160283645718942,False
RPL24,0.0370404621555096,0.7523937507973109,0.4521845972245493,0.48291436820226064,False
RPL26,0.1491121303209102,1.6424390062281395,0.10115661639670037,0.11777067558859831,False
RPL26L1,-0.17257273063924483,-2.9973763237903372,0.0028648592975317744,0.0039295444448997985,False
RPL27,-0.256805157757908,-3.964436254466395,8.481513474123403e-05,0.00013363227152021268,False
RPL28,-0.2998872422290102,-8.907572847648597,0.0,0.0,False
RPL29,-0.1071667477529914,-2.1656205441915666,0.030833971116058567,0.03797054877976038,False
RPL3,-0.06331098228025844,-1.008006103886469,0.3139614431879514,0.3433841496469817,False
RPL30,0.11966046309699152,2.6623963362310246,0.008020138659946552,0.010541302741205422,False
RPL31,0.05902236781897674,0.9374236673721325,0.3490139981283731,0.3790225553352248,False
RPL32,-0.18245241147543823,-5.98737195352221,4.1924730354026e-09,9.373660111568818e-09,False
RPL34,0.1864240645908657,1.8339750811244717,0.06727910348825206,0.07987919945178061,False
RPL35,-0.16215485560103815,-2.233184877000161,0.025998777461892386,0.03226806568080362,False
RPL35A,0.274671970033622,7.3241050568175545,1.028954699222595e-12,3.0067298783219363e-12,False
RPL36,0.15857595043868145,4.049273270345072,5.9928965574274073e-05,9.561243136427465e-05,False
RPL36A,0.4666900114805266,5.292958314325086,1.837497003442934e-07,3.6076577437632783e-07,True
RPL36AL,-0.08060951815987494,-2.4366775014062836,0.015186794528841752,0.01934498354282076,False
RPL37,-0.1472548405637557,-4.854046853067354,1.6407085299263713e-06,2.985203215324889e-06,False
RPL37A,-0.14383756517746615,-5.972352947357835,4.567953348910692e-09,1.017564390371345e-08,False
RPL38,0.2495690331972238,6.258644593495295,8.642675464187732e-10,2.0267707384360442e-09,False
RPL39,0.2816086217265852,3.9113607376885615,0.00010506961822343008,0.00016439784465032477,False
RPL4,0.0655429149986464,1.2086300328272608,0.22740247187061557,0.25362597535608256,False
RPL41,0.616147024919135,11.053781830923018,0.0,0.0,True
RPL5,-0.06949598948018654,-1.0060540417237505,0.3148985057694125,0.344343638499892,False
RPL6,-0.057303985019681036,-1.0930501887999227,0.2749222429576603,0.30339426294589855,False
RPL7,0.23183945797207528,2.7394674470272573,0.006383906245071236,0.008461191581748425,False
RPL7A,-0.29279750120485026,-5.903835493277042,6.740611402378249e-09,1.4783987872789091e-08,False
RPL7L1,-0.15621632111670003,-3.9850214273070534,7.800451734452096e-05,0.00012327260739354327,False
RPL8,0.11895352211523758,2.5191809655750657,0.012087864487493771,0.015552341229916314,False
RPL9,0.0878157412663807,0.9531526104065182,0.3409944211311493,0.37104805752972875,False
RPLP0,-0.17170703620530858,-2.9906470058384698,0.0029275423268984024,0.004010746915264355,False
RPLP1,-0.0558585837574217,-1.5285367541574764,0.1270406788403935,0.14604606582460006,False
RPLP2,-0.128491677666295,-3.3706388642059286,0.0008106911778107406,0.0011747832025666022,False
RPN1,-0.4097172169636316,-9.732613355421291,0.0,0.0,True
RPN2,-0.22071459963710627,-4.053521955506636,5.888605616566345e-05,9.401364947640711e-05,False
RPP14,-0.2504241358027568,-11.453694392066243,0.0,0.0,False
RPP21,-0.2848867631178935,-6.058472850661917,2.786706421176177e-09,6.315182228118903e-09,False
RPP30,-0.2367579380948599,-4.636744543615925,4.573483544545454e-06,8.045503504828815e-06,False
RPP38,-0.3366466044171674,-8.842967319273525,0.0,0.0,True
RPRD1A,-0.11887536547217126,-4.345148714392842,1.7010614456136608e-05,2.8451469133183912e-05,False
RPRD1B,-0.2435270618122214,-5.239070083978249,2.424594367500532e-07,4.7145345238417675e-07,False
RPRD2,-0.2396559595084491,-9.940610034258798,0.0,0.0,False
RPS10,0.11234004746545168,2.266489817451094,0.02386747977443293,0.029754274840010055,False
RPS11,0.16556518927921182,4.511262090843763,8.119780749105132e-06,1.395579744090451e-05,False
RPS12,0.45941198062739197,11.660152202285785,0.0,0.0,True
RPS13,-0.013978359514331018,-0.31130497228211573,0.7557044882440458,0.7765352364034936,False
RPS14,0.1659161672330427,5.290011536540956,1.8656817135642711e-07,3.661746065521697e-07,False
RPS15,-0.029868336096475545,-0.7112730757213613,0.477261925187374,0.5075782583541095,False
RPS15A,0.3184384881128537,6.975039523274274,1.0231149261130668e-11,2.7697440267676652e-11,True
RPS16,-0.10006314773530711,-3.051360921965074,0.0024047700146565543,0.00332739288874821,False
RPS17,0.248838780204645,3.211282336570474,0.0014104826649716795,0.0019959889211067293,False
RPS18,-0.1021195525884604,-1.5261090517616152,0.12764398908278496,0.1466810764410016,False
RPS19,-0.2738752226230652,-4.8784041581557265,1.459038365458909e-06,2.66518600249305e-06,False
RPS19BP1,-0.1674095113332683,-4.124574609525933,4.380414563232016e-05,7.069916681220344e-05,False
RPS2,0.057683306873343554,2.242015904706016,0.02541815155164362,0.031581456986666256,False
RPS20,-0.048237855628807225,-1.0191504975484387,0.3086469919296393,0.33795672053588544,False
RPS23,-0.11798830189955112,-1.802779545627173,0.07205246317067493,0.0852915757129796,False
RPS24,0.3471446478092961,3.92941695017605,9.771364554911344e-05,0.00015322127458211786,True
RPS25,0.07763229394840021,1.8694568961972555,0.06217036669320253,0.0741678023662342,False
RPS26,-0.17173503286156233,-3.6591451667909793,0.00028122157124865765,0.00042350520057697573,False
RPS27,-0.029655940073791243,-0.4825502740273896,0.6296359669996199,0.6570734466269815,False
RPS27A,-0.06630288746277557,-1.3419390304580234,0.18025275833128407,0.2037017093317042,False
RPS27L,-0.048718956994474816,-0.45189531681630535,0.6515493504912522,0.6779762392329479,False
RPS28,-0.13339125936994112,-3.9655264474719143,8.444073817748254e-05,0.0001330969982302164,False
RPS29,-0.09045243842386164,-1.801843985576611,0.07219980782093938,0.08545721190807652,False
RPS2P32,0.16209426122408566,4.954906238558102,1.0060323600846743e-06,1.8574269523666235e-06,False
RPS3,-0.19631714535422695,-3.437398025608229,0.0006386262830866407,0.0009343752260732903,False
RPS3A,0.22979658457331276,2.692381539863957,0.007343369888999973,0.009683832598899907,False
RPS4X,-0.018244384866626717,-0.2956396464358373,0.7676336568077544,0.7878795413675954,False
RPS4Y1,-0.09000319582708904,-0.3132181872675621,0.7542515033469646,0.7753188530299558,False
RPS5,-0.08679168516222724,-1.3281318121960433,0.18476827737205004,0.20849782396636407,False
RPS6,0.04892466440537291,0.8139052800516279,0.41610441616644156,0.4467431046529257,False
RPS6KA1,-0.5364162068801628,-12.233693116582034,0.0,0.0,True
RPS6KA2,-0.13509001993337932,-3.235533409238076,0.0012983317660701932,0.0018427160686745386,False
RPS6KA3,-0.7172038123967237,-9.111460938347264,0.0,0.0,True
RPS6KA4,-0.062041950772083077,-2.3104144532994675,0.021290080114321874,0.026691383634836054,False
RPS6KA5,-0.19197300428411612,-2.628377546990313,0.008855360551823122,0.011586199249937588,False
RPS6KB1,-0.18025311813868683,-4.733784396584802,2.907613666724984e-06,5.184644245666422e-06,False
RPS6KB2,0.058179227703542225,1.9390497601634828,0.053083349546867,0.06382080194451112,False
RPS6KC1,-0.2087040803106639,-6.081758493647361,2.4357402761410185e-09,5.533982690506586e-09,False
RPS7,0.21918780654122116,2.340918689436997,0.019646436012232815,0.024711432236832254,False
RPS8,-0.04685558799877576,-0.8437701297302274,0.3992198662934674,0.4297418027357433,False
RPS9,-0.2111436920037999,-5.4043563155599745,1.0282060958211048e-07,2.063757800620893e-07,False
RPSA,-0.030166362747051423,-0.5294175720362726,0.5967615579358707,0.6253157814848809,False
RPUSD1,0.0780486842678374,3.085125890518864,0.0021525784799483194,0.002990298059638771,False
RPUSD2,0.10412009193452532,3.882276935640929,0.00011803071257654452,0.00018400267670445476,False
RPUSD3,-0.0461749204543489,-1.6913343164155301,0.09142468636209822,0.10708978667937863,False
RPUSD4,-0.11326430985166125,-3.074620709044803,0.002228306869889174,0.0030917690718204522,False
RQCD1,-0.19269286389391738,-6.142882488185223,1.7073131797218366e-09,3.924673821036885e-09,False
RRAGA,0.019951095515916784,0.5949457168984528,0.5521612438168138,0.5810657196716497,False
RRAGB,0.36355533321535294,5.526591539356472,5.3755469853200566e-08,1.1029733830406437e-07,True
RRAGC,-0.5700216576694377,-14.95672084126606,0.0,0.0,True
RRAGD,-0.32214558833579154,-5.144081150939585,3.930051235556675e-07,7.516231144342909e-07,True
RRAS,-0.12620996739511892,-1.8874709225857198,0.05970248681593504,0.07144327297244502,False
RRAS2,0.04813532764535822,0.677900962450475,0.4981624474298334,0.5277598852151432,False
RRBP1,-0.3569902238708629,-7.455292680668769,4.2454928461665986e-13,1.279200421004265e-12,True
RREB1,-0.4470197055585974,-9.349244210633586,0.0,0.0,True
RRM1,-0.08672794174657206,-1.7494374864107858,0.0808570858935771,0.09522469812985529,False
RRM2,0.15665388109708855,1.4713501656578913,0.14185436348840152,0.16225006583486218,False
RRM2B,-0.3372017331913044,-4.422958759834903,1.2065200016397881e-05,2.0426078628584245e-05,True
RRN3,-0.048620995097589326,-1.7153594448383818,0.08692730482254785,0.1020605059882712,False
RRP1,0.3771816201718843,8.981918623055268,0.0,0.0,True
RRP12,-0.15665857073307965,-3.1809526336921863,0.00156334809326375,0.0022014922599395033,False
RRP1B,-0.2885316304164043,-3.315150836564261,0.0009855782616940978,0.0014131038083712115,False
RRP7A,-0.051716196224634636,-1.7404114120986491,0.08243024000648735,0.09701787418358311,False
RRP8,-0.3162681141936736,-8.104062400871621,4.440892098500626e-15,1.5648405042101167e-14,True
RRP9,0.09644527080754983,3.384023652575487,0.0007730674267623083,0.0011226630974375982,False
RRS1,-0.1154511594900236,-1.9687434812371967,0.04955978742177458,0.059746887267387555,False
RSAD1,-0.03001102003970102,-1.008669044615086,0.31364362593658957,0.34306912232110676,False
RSAD2,0.23429394079219046,1.0706419194618757,0.28487069089916295,0.31350200520373156,False
RSBN1,-0.5426538919710184,-9.687123001746079,0.0,0.0,True
RSBN1L,-0.6432742383419559,-10.205874746774347,0.0,0.0,True
RSC1A1,0.5381260157857395,14.718852399236175,0.0,0.0,True
RSF1,-0.331110873212352,-11.013268590396175,0.0,0.0,True
RSL1D1,-0.21016082961142057,-4.58220364845794,5.879062543012736e-06,1.024677279966163e-05,False
RSL24D1,0.026634618011167177,0.2588140142540871,0.7958901409693759,0.8144863658338879,False
RSPH1,0.1587175832063359,4.771601441146861,2.4319526077398734e-06,4.362819200834076e-06,False
RSPH10B2,-0.2847173400741849,-5.7985570410203495,1.2168562157910401e-08,2.622444667857248e-08,False
RSPH3,-0.07903740103239887,-2.6128655811536943,0.009261452875641396,0.01208594943633321,False
RSPH9,-0.07724777665625293,-1.832416328199615,0.067511257258974,0.08013005382443292,False
RSPRY1,-0.4537758500230753,-13.629313635605108,0.0,0.0,True
RSRC1,0.13098529233868206,3.168422219519348,0.0016308590712039717,0.0022923570031968946,False
RSRC2,-0.3345366576788198,-8.319474198641188,8.881784197001252e-16,3.353302922492869e-15,True
RSU1,0.3920680655275586,8.124024596262723,3.774758283725532e-15,1.3407783123723221e-14,True
RTBDN,0.26151775803899246,9.45026109741993,0.0,0.0,False
RTCD1,-0.21156374768944453,-3.894938542301049,0.00011221241420367178,0.00017521686311672703,False
RTEL1,0.2151344890800484,9.23252122438022,0.0,0.0,False
RTF1,-0.47819766066876923,-10.379595628810518,0.0,0.0,True
RTL1,0.5245892023231815,11.559252198441545,0.0,0.0,True
RTN1,0.04182759582725337,0.87300368039347,0.38309934551061864,0.4135046252751889,False
RTN2,0.04101127086972811,1.257109036216229,0.2093279634505385,0.23473995434061068,False
RTN3,-0.5121073232543409,-8.831403658250675,0.0,0.0,True
RTN4,-0.4042650958660481,-8.67561168346862,0.0,0.0,True
RTP1,0.3105347260808009,9.899975777833024,0.0,0.0,True
RTP4,-0.5448870100799712,-3.925502504451794,9.92657080443049e-05,0.0001555702980901154,True
RTTN,-0.03902148866016031,-1.3956238008213453,0.163475670026062,0.18578100266675296,False
RUFY1,0.10386841292230109,1.4618699635688746,0.14443385093042216,0.16506930537429634,False
RUFY2,-0.44449216893260335,-9.290867395603675,0.0,0.0,True
RUFY3,-0.12765653543093647,-4.223555800602767,2.8800099208137198e-05,4.727106622663613e-05,False
RUNDC1,-0.16806855191247427,-6.72058727093121,5.1655568711339583e-11,1.3311420491855048e-10,False
RUNDC2A,-0.1603435338598378,-4.47720801635282,9.466943852176612e-06,1.6189092374290736e-05,False
RUNDC2B,0.09626517621133646,3.1963858788944433,0.0014837467095361045,0.002095289732395046,False
RUNDC3A,1.5003297248649323,18.724651318516916,0.0,0.0,True
RUNX1,-0.38319499108695165,-8.006652769067115,9.103828801926284e-15,3.1387909000116395e-14,True
RUNX1T1,0.2803537470465898,8.481291902527103,2.220446049250313e-16,8.732440437457957e-16,False
RUNX2,-0.4667116419136752,-4.649370859730758,4.3136539824573106e-06,7.604680168950989e-06,True
RUNX3,-0.28046070417775226,-4.117237652935037,4.5172133090964905e-05,7.280506521265212e-05,False
RUSC1,0.05632583216158027,1.6850811915884156,0.09262550829228555,0.10841918809255537,False
RUVBL1,-0.062156500369253465,-1.451619772701244,0.14726325925664385,0.16808615570523985,False
RUVBL2,-0.1826269652939141,-3.1466087378599057,0.0017548411418746301,0.0024579298532653045,False
RWDD1,-0.006671003902103401,-0.09982412610466469,0.9205257998948579,0.928515022849421,False
RWDD4A,-0.13803909756247812,-3.9720829070746606,8.222193837137404e-05,0.00012972394303518113,False
RXRA,0.2132472222316517,5.087580222747294,5.219780110365946e-07,9.87463410926348e-07,False
RXRB,-0.10289405875154456,-5.075760393145937,5.537239682329442e-07,1.044774183468515e-06,False
RYBP,-0.3695769058098737,-9.428948792608857,0.0,0.0,True
RYK,-0.2792941962516813,-5.043762275176168,6.493197786117122e-07,1.218757459642873e-06,False
S100A10,-0.19385799951113292,-2.5650847671190973,0.01061910957152512,0.013760999342377981,False
S100A11,-0.5232910689144141,-13.212561951477474,0.0,0.0,True
S100A12,-0.17036655814526824,-2.62776136906689,0.00887118226500716,0.011604263968954972,False
S100A16,0.307614920368505,10.889276564716333,0.0,0.0,True
S100A2,0.18144710190101332,5.575150294108278,4.1408899864592286e-08,8.560465138913111e-08,False
S100A4,-0.3357448419669602,-6.6233083109224395,9.473644091428923e-11,2.3936588350333357e-10,True
S100A6,-0.41622158255944797,-11.849223079385146,0.0,0.0,True
S100A8,-0.06747591986354884,-2.17227919797626,0.030325303441626428,0.037388116273583946,False
S100B,0.06933801410518114,1.6423270290441079,0.10117981860151448,0.1177857837767403,False
S100P,-0.19120243800794512,-2.2918075085165994,0.022350614662053347,0.027960114063009613,False
S100PBP,-0.4789572482280722,-11.867434980856952,0.0,0.0,True
S100Z,-0.2060253145666966,-4.946770842763254,1.0468415774234074e-06,1.930297443627378e-06,False
S1PR1,-0.4659406810957991,-3.460274967673323,0.0005879704931492924,0.0008628651882471524,True
S1PR3,-0.1982353664581038,-3.563300677342176,0.0004029734847317279,0.0005994900646551432,False
S1PR4,-0.6845448503501865,-11.08969710554734,0.0,0.0,True
S1PR5,-0.09607410086468438,-1.076312674795583,0.28233029222926875,0.31091420996070235,False
SAAL1,-0.1800164229908745,-4.348972974115525,1.672783194583971e-05,2.8002891466956492e-05,False
SAC3D1,-0.21821075817935043,-4.779043564964359,2.3476147241741074e-06,4.218089846788573e-06,False
SACM1L,-0.11465721826873221,-2.282547971914893,0.022895341384248757,0.028588773702456525,False
SACS,0.006687409156296287,0.17841384756301548,0.8584735537636838,0.8723321158966014,False
SAE1,-0.07392790795095072,-2.3446217265956784,0.01945467751707053,0.024480929683104155,False
SAFB,-0.4059925103505577,-12.478843111761684,0.0,0.0,True
SAFB2,-0.11244531982798422,-4.86927726050015,1.524714751122147e-06,2.781185941120509e-06,False
SAMD10,0.19079361931389194,7.3587782020832835,8.15347789284715e-13,2.4032730769628025e-12,False
SAMD14,0.3455465885585829,7.218081085726608,2.086109063270669e-12,5.961272711440049e-12,True
SAMD3,0.08335643757742428,1.3386178814777274,0.1813313236026759,0.20484019972337192,False
SAMD4A,-0.034225179784451054,-0.8579252187950822,0.39136365890608116,0.4217530158985077,False
SAMD4B,-0.27825968032761317,-7.4153345707799545,5.566658245470535e-13,1.661200423045987e-12,False
SAMD8,-0.5076348447408088,-7.757171384805393,5.284661597215745e-14,1.7065886441919867e-13,True
SAMD9,-0.12742662797163984,-1.4118464666006014,0.15864571166913577,0.1805770704265588,False
SAMD9L,-0.766117032536421,-5.810158598056023,1.140652883258042e-08,2.4632884443662142e-08,True
SAMHD1,-0.6304923448669593,-7.788086769770208,4.263256414560601e-14,1.385287747230566e-13,True
SAMM50,-0.22262169489053374,-4.457531604821409,1.034036603897448e-05,1.761210652121056e-05,False
SAMSN1,-0.13663242948650733,-1.0753976202762265,0.2827391746252541,0.31133472445352284,False
SAP130,-0.27184832110849433,-8.190789198137283,2.4424906541753444e-15,8.833610626513593e-15,False
SAP18,-0.18479161185676674,-6.030758783527842,3.2691336304679908e-09,7.3678634884290325e-09,False
SAP30,-0.020784977398772497,-0.30978588928942985,0.7568587688041299,0.7776519630590288,False
SAP30BP,-0.38253902679477214,-14.438945981257545,0.0,0.0,True
SAP30L,-0.5015132691790622,-11.873895630506796,0.0,0.0,True
SAPS1,0.5424147046702146,14.873551617330346,0.0,0.0,True
SAPS2,-0.15687178512158306,-6.8262774281319025,2.6516788764752164e-11,6.968900063453803e-11,False
SAPS3,-0.17816009379742948,-3.731360671861162,0.00021333289193736782,0.00032492153672174267,False
SAR1A,-0.45957904421451534,-11.290077211543368,0.0,0.0,True
SAR1B,-0.2954563794125038,-3.0293099743436467,0.002583822296093885,0.003563156833318025,False
SARM1,0.04040218187049138,1.5089853030120224,0.13196312331717186,0.15133138309632713,False
SARNP,-0.07955643011061309,-1.8352591233040594,0.06708835935242785,0.0796691558124347,False
SARS,-0.1421991594814207,-3.146411796827255,0.0017559990783164725,0.002459252690957744,False
SARS2,0.24831710169958976,8.675938964783219,0.0,0.0,False
SART1,-0.48603249790876335,-14.28079667532148,0.0,0.0,True
SART3,-0.381856489814556,-9.98360458517351,0.0,0.0,True
SASH1,-0.08057595490629632,-2.5655877134051615,0.010603939865778234,0.013742887411554845,False
SASH3,-0.5657595062836318,-17.528585446376088,0.0,0.0,True
SAT1,-0.32173406853990016,-6.731153590874282,4.834199707204334e-11,1.248825889824775e-10,True
SAT2,-0.26005869036188756,-5.527466338494929,5.350424348016247e-08,1.0980142181507065e-07,False
SATB1,-0.19007578266978786,-3.212205425362631,0.0014060546822132203,0.0019899673036508276,False
SAV1,0.0766741222457652,2.2977315670038907,0.02200806949034151,0.02755254346910595,False
SBDS,-0.07470619711055715,-1.2124638498287617,0.22593370181273986,0.2521343064503924,False
SBF1,-0.17734073818852014,-6.981080813912879,9.839684622647837e-12,2.6656473934214593e-11,False
SBF2,-0.6791526910373866,-8.881652470301223,0.0,0.0,True
SBK1,-0.15367077302641707,-2.814964682380866,0.005079631363504644,0.006797429562756737,False
SBNO1,-0.42649402184821117,-11.157411868554586,0.0,0.0,True
SBNO2,-0.19146946288736233,-6.34811854841568,5.070974751220092e-10,1.2143982985302338e-09,False
SC4MOL,0.0790675112135486,0.9934794831340725,0.32097891488267405,0.3506929830725147,False
SC5DL,-0.026617923800726917,-0.656166648504768,0.512032588403861,0.5415078393154678,False
SCAI,-0.20751284548418214,-3.413202261938131,0.0006966142397351049,0.0010159913177397663,False
SCAMP1,-0.24784522564171185,-6.271091942836976,8.027727371739957e-10,1.888713063624848e-09,False
SCAMP2,-0.5851238585911727,-13.895683133611302,0.0,0.0,True
SCAMP3,-0.3873112339435192,-6.9188467011348855,1.468825061579082e-11,3.9338283851033355e-11,True
SCAMP4,0.09793926503204986,3.1554907283286884,0.001703344747560731,0.002387542972396211,False
SCAMP5,0.36768885114249894,11.848794563116018,0.0,0.0,True
SCAND1,0.002105313509027873,0.0700488997493224,0.9441840301098041,0.9501228132117441,False
SCAP,-0.35492122214326205,-8.660464016246337,0.0,0.0,True
SCAPER,-0.2948285565857889,-8.722259938874732,0.0,0.0,False
SCARA3,0.22466633681097736,7.208012400792994,2.2302160118670145e-12,6.3604501710067195e-12,False
SCARA5,0.2094491490778978,6.84930836418478,2.2905899399461305e-11,6.05028789686757e-11,False
SCARB2,-0.4882226494363149,-7.592616053969745,1.6586731987899839e-13,5.161063364900547e-13,True
SCARF1,-0.13813846827746445,-2.703964747145515,0.007096010185034807,0.009369433897457122,False
SCARF2,0.21732520499681307,7.2995855316082885,1.212585587495596e-12,3.5281064365652358e-12,False
SCARNA20,-0.05530283466943908,-1.5453639570337119,0.12291993240637122,0.14173320334224124,False
SCCPDH,-0.1371199781283292,-3.137992962365357,0.0018061624920475694,0.0025258207776977,False
SCD,0.05948205825408248,0.8039082938702976,0.4218494894194007,0.45248945605941676,False
SCD5,0.35240024776427914,10.047878334290155,0.0,0.0,True
SCFD1,-0.33942528528455984,-5.3344228801602265,1.4821096638861775e-07,2.9339098158283e-07,True
SCFD2,0.0831950837351978,1.6976350067407917,0.09022745835995427,0.10574118352307592,False
SCLT1,-0.27113634952132104,-6.622550612822136,9.518252852558362e-11,2.403875347700499e-10,False
SCLY,-0.2285428093748254,-8.084294763420138,5.10702591327572e-15,1.7929848063097536e-14,False
SCML1,-0.0797186886667971,-2.1724654788120175,0.030311177696253244,0.03737470090806478,False
SCN1B,0.2387388560465462,10.329353964614269,0.0,0.0,False
SCN2B,0.14885024864183638,6.575661566786424,1.2718048836291018e-10,3.175101962402173e-10,False
SCNM1,-0.3395113876428688,-9.72048264990165,0.0,0.0,True
SCNN1D,0.2334726005724761,10.156315151566126,0.0,0.0,False
SCO1,-0.14223697481071484,-3.8755747605040534,0.00012122489016230809,0.00018870128510535496,False
SCO2,-0.8841683657782742,-8.89067684729729,0.0,0.0,True
SCOC,0.033527349561424113,0.6948494277550809,0.4874872319933903,0.5173544707326205,False
SCP2,0.2986104192206147,4.337964386592597,1.7554257603968892e-05,2.9318180852561645e-05,False
SCPEP1,-0.43158361857614924,-5.134901335247213,4.11623833684871e-07,7.856661044268483e-07,True
SCRIB,-0.44945035513779397,-11.853081343671471,0.0,0.0,True
SCRN1,-0.18306395254256103,-3.7249360772209426,0.00021868145789749605,0.00033280376714509935,False
SCRN2,-0.20614087637173606,-7.783817403304176,4.39648317751562e-14,1.4273700598027742e-13,False
SCRN3,-0.22666687192673063,-5.538746934671791,5.0365171366806294e-08,1.0345157078713297e-07,False
SCYL1,-0.051568828758243423,-2.35719900769168,0.018815567397211908,0.02371296727007483,False
SCYL2,0.11429167548058583,1.6590338495663155,0.09776482410515563,0.11412170742473528,False
SCYL3,-0.15023844608924986,-4.498968697593737,8.583395872507893e-06,1.4724071043249207e-05,False
SDAD1,-0.18297031048650814,-5.050617192528795,6.275843182912411e-07,1.1789210310497075e-06,False
SDC4,-0.10580768738412516,-3.118896853457523,0.0019248811353937967,0.0026843469489831896,False
SDCBP,-0.35338615060012835,-5.642478656246485,2.8748301739156545e-08,6.02422571827077e-08,True
SDCCAG1,-0.2881182820769532,-9.345644949331216,0.0,0.0,False
SDCCAG3,-0.11587179897587419,-3.876707533271381,0.00012067934397008706,0.0001879790890049267,False
SDCCAG8,-0.20046442617612037,-7.4478253389256945,4.4653170050423796e-13,1.3433268890332509e-12,False
SDF2,-0.4236810645503235,-8.600271931807121,2.220446049250313e-16,8.732440437457957e-16,True
SDF2L1,-0.29512661367928494,-3.5746830293061103,0.00038628139045981946,0.0005751777839589789,False
SDF4,0.021923783782077155,1.156539600688239,0.2480381052148839,0.2753880418284576,False
SDHA,-0.18274283238042965,-5.359507153453735,1.300520962033147e-07,2.5846620016666357e-07,False
SDHAF1,-0.18972058276670056,-4.920863864079801,1.1877251824277124e-06,2.182042484271901e-06,False
SDHAF2,-0.3158757011829749,-9.788218944390241,0.0,0.0,True
SDHAP2,0.3523909525948268,10.701848709966274,0.0,0.0,True
SDHB,-0.27327040308742223,-8.249676376780506,1.5543122344752192e-15,5.7274864455918265e-15,False
SDHC,-0.3232629614929339,-6.00268858677657,3.840630702356407e-09,8.61039802655575e-09,True
SDHD,-0.42461031908691726,-6.337786798716985,5.394662494495606e-10,1.2868319998777154e-09,True
SDPR,0.5260687014586063,4.505318953085798,8.340830737196825e-06,1.4318633272991091e-05,True
SDR39U1,-0.2440082286125662,-5.211491095768763,2.791698168191914e-07,5.402817741835123e-07,False
SDSL,0.2887968812471402,8.461019629117125,2.220446049250313e-16,8.732440437457957e-16,False
SEC1,0.2273908703455163,7.337780036830535,9.388045896230324e-13,2.7537789834142373e-12,False
SEC11A,-0.22896982651647857,-5.300725857965351,1.7651678962948836e-07,3.475127157309992e-07,False
SEC11C,-0.1278115219336522,-1.2860807369439737,0.19903741297729272,0.22383207654841694,False
SEC13,-0.2921390928476706,-7.553873923838355,2.1649348980190553e-13,6.673236577543885e-13,False
SEC14L1,0.29279011398440424,6.499320033543731,2.0315327198261457e-10,5.004539221487889e-10,False
SEC14L2,0.2251870253727195,9.811020391856868,0.0,0.0,False
SEC14L3,0.2664372527020573,9.0105983382289,0.0,0.0,False
SEC14L4,0.2092328309860938,8.319076982970364,8.881784197001252e-16,3.353302922492869e-15,False
SEC14L5,0.06092717992319496,1.4457165239197374,0.14891194224874593,0.169850149793376,False
SEC16A,-0.11013548911375537,-3.1455363952011175,0.001761154631069406,0.0024658733676052617,False
SEC22A,-0.13471223186324321,-3.846196518197388,0.00013621566864419066,0.00021106649006085985,False
SEC22B,-0.41109041595810414,-7.3005618423142655,1.2045919817182948e-12,3.50573396599622e-12,True
SEC22C,-0.2649263793000025,-5.787153969691471,1.296581531029517e-08,2.7885217804199045e-08,False
SEC23A,-0.1704002579522692,-2.9859236599321743,0.0029722871506716597,0.0040691437709278406,False
SEC23B,-0.37050699039207213,-5.915022603153198,6.3272931338786975e-09,1.3901218693333725e-08,True
SEC23IP,-0.3090318849670397,-10.038976460350543,0.0,0.0,True
SEC24A,-0.34722431989330627,-5.316586042542878,1.6259570867482864e-07,3.2109377133985105e-07,True
SEC24B,-0.48787106392210156,-7.1085473957706045,4.2938985700402554e-12,1.1944317224895846e-11,True
SEC24C,-0.6114414503490311,-13.797369667757422,0.0,0.0,True
SEC24D,-0.4012539395231096,-11.293487695141607,0.0,0.0,True
SEC31A,-0.273925786612522,-5.441588035179032,8.449681465627634e-08,1.709076045699117e-07,False
SEC31B,-0.14525353626161497,-4.108150707638847,4.692278962803442e-05,7.555264379722233e-05,False
SEC61A1,-0.23862630052537614,-6.5332959165180124,1.6501822130976507e-10,4.091357923519552e-10,False
SEC61A2,0.08407851154198287,3.2352572684947796,0.0012995609529209418,0.0018440062351190354,False
SEC61B,-0.3291980428682848,-8.998200860846634,0.0,0.0,True
SEC61G,-0.3820144597719617,-6.439221013358595,2.9283397928736576e-10,7.134421758483854e-10,True
SEC62,0.7882648438824624,13.064539004527749,0.0,0.0,True
SEC63,-0.35735951455837167,-6.047544753722654,2.968003398606811e-09,6.715124432463924e-09,True
SECISBP2,0.13342182782085388,3.8763432339868356,0.00012085453760346532,0.00018815021200896298,False
SECISBP2L,-0.3911938874617391,-8.604404846913617,2.220446049250313e-16,8.732440437457957e-16,True
SECTM1,-0.5980051002376543,-8.860322528110142,0.0,0.0,True
SEH1L,-0.15454170359614805,-4.484748915984323,9.15132489520687e-06,1.5672630310420447e-05,False
SEL1L,-0.2520852654750021,-7.061311427128986,5.846434447676074e-12,1.6103557724242156e-11,False
SEL1L3,-0.5010759241801725,-5.212654889681702,2.7751731734859675e-07,5.373545097560071e-07,True
SELENBP1,2.5361130718696634,18.06497849815026,0.0,0.0,True
SELK,1.1505992520696031,20.484715253384127,0.0,0.0,True
SELL,-0.441902281044559,-11.357124846408256,0.0,0.0,True
SELM,-0.03150078913448562,-0.8274549150522252,0.4083921042016896,0.43883103062493123,False
SELO,-0.5121193593165652,-11.074869778399009,0.0,0.0,True
SELP,0.2686575565077307,2.511470404209762,0.0123515585319387,0.015873881817405098,False
SELPLG,-0.760937473748176,-13.697952592786699,0.0,0.0,True
SELS,-0.3769422524208137,-5.225212572898891,2.602784996419416e-07,5.051639490101981e-07,True
SELT,-0.1931852360741475,-2.4310021788634772,0.015423739642063117,0.019625102942331277,False
SEMA3B,0.31493958886012186,9.825798604258457,0.0,0.0,True
SEMA3C,-0.03985120107523343,-1.01034471735124,0.3128412467856023,0.34228897432782607,False
SEMA3F,0.4748795861288757,13.143412689166226,0.0,0.0,True
SEMA4A,-0.6617138129118088,-10.49476663692066,0.0,0.0,True
SEMA4B,-0.25044491311156225,-9.153864895226306,0.0,0.0,False
SEMA4C,0.29932460182484144,7.7564850798877005,5.306866057708248e-14,1.713278871040956e-13,False
SEMA4D,-0.4021077572510743,-6.624528540357418,9.402256750945526e-11,2.376664373801657e-10,True
SEMA4F,0.1412681554589561,4.94400596112431,1.0610713563341534e-06,1.9562229439201525e-06,False
SEMA5B,0.06776823004510524,2.4386750902568113,0.015104163366048473,0.019241855542303954,False
SEMA6B,0.2162929524764432,6.986637008153735,9.492628905150013e-12,2.5746548706951493e-11,False
SEMA6C,0.3036422433233783,8.608721876933872,0.0,0.0,True
SEMA7A,0.28089533657385823,7.006640498844627,8.339995360984176e-12,2.2727325896185647e-11,False
SENP1,-0.2882026690364814,-6.726232884698669,4.985833967907638e-11,1.286266998350013e-10,False
SENP2,-0.034349473359886584,-1.2867404995971328,0.19880746784128278,0.22359531556958956,False
SENP3,0.02339179820111781,0.8271610833633396,0.40855843905990286,0.4389688144325176,False
SENP5,-0.05048113071655225,-1.8714095080406805,0.06189883661655715,0.07389498383108321,False
SENP6,-0.4046962536018901,-4.138702516215008,4.128023663207969e-05,6.681284892018069e-05,True
SENP7,-0.21721282172061285,-2.802683247968021,0.005273821525029199,0.007040114746414572,False
SEPHS1,-0.16312646469236292,-4.639440328729723,4.5167760345243835e-06,7.948173409973476e-06,False
SEPHS2,-0.5176153687829652,-9.134863268219684,0.0,0.0,True
SEPP1,0.36846838053100184,10.290321157271753,0.0,0.0,True
SEPSECS,-0.09687070966411193,-2.9813844113372037,0.003015876959655328,0.0041258772800795394,False
SEPW1,0.0015853238882415077,0.03943812088086724,0.9685575512870717,0.9715602462321508,False
SEPX1,-0.5029277135125962,-12.854698595957494,0.0,0.0,True
SERAC1,-0.17173230815939577,-5.7237390399662855,1.841876517971741e-08,3.917388406668479e-08,False
SERBP1,0.0446521319167692,1.4548986938332629,0.1463535760591883,0.16714721818617786,False
SERF1A,0.1869776088147983,5.54007441451139,5.0007763929826865e-08,1.0277242331983509e-07,False
SERF2,0.32054461509892995,12.677055355447333,0.0,0.0,True
SERGEF,0.029111149020358162,1.0455570819911162,0.29629393396562786,0.3253124911171063,False
SERINC1,-0.2980509670845368,-5.193550285527029,3.058832276359169e-07,5.902946723300598e-07,False
SERINC2,0.07065842241740938,2.023912581898735,0.043534832222719144,0.05275936163845364,False
SERINC3,-0.10271786873428024,-2.828071039058397,0.004879569507580506,0.0065418716431354575,False
SERINC4,0.20048474799823168,6.679820794566701,6.66604549337535e-11,1.7044656612250978e-10,False
SERINC5,0.09175290848585238,3.8274215228030375,0.00014669593926464053,0.00022666539562567328,False
SERP1,-0.03097019931255307,-0.5452793886449504,0.5858156793998246,0.6145169666703014,False
SERPINA1,-0.5949004370637869,-13.647519922618034,0.0,0.0,True
SERPINA3,0.2151870694105531,7.854099628568551,2.6867397195928788e-14,8.883052477035123e-14,False
SERPINB1,-0.41395877368448275,-6.341682433162316,5.270306413507342e-10,1.2592545027419846e-09,True
SERPINB10,0.16564979439437622,1.8489306056300654,0.06508501854186055,0.07737788508449703,False
SERPINB2,-0.11216663680106587,-1.0424171844778083,0.2977451516463008,0.32667172128905025,False
SERPINB3,0.44463358911265516,10.62130128323922,0.0,0.0,True
SERPINB6,-0.47441822561062263,-9.540708215416993,0.0,0.0,True
SERPINB8,-0.4587336584477626,-8.871190971041901,0.0,0.0,True
SERPINB9,-0.3383760456406195,-4.53304123170831,7.356762534715955e-06,1.2703125114284677e-05,True
SERPIND1,0.14753576114806544,5.322837563955332,1.574063519527158e-07,3.1105914704809285e-07,False
SERPINE1,0.2435261547933698,9.78307367310024,0.0,0.0,False
SERPINE2,0.0971510568093068,2.5325699688854972,0.011641845829125197,0.015013706012728743,False
SERPINF1,0.13809611515518316,3.986349418327146,7.75834512121154e-05,0.00012264083635410422,False
SERPINF2,0.12465640593188443,4.1431874478702655,4.0508393842397794e-05,6.562815593116458e-05,False
SERPING1,-0.5034125410472554,-3.1385971932406616,0.001802518654052232,0.002521643475349485,True
SERPINH1,0.12446468972184777,3.607055145827673,0.00034228225733667905,0.000511646680802129,False
SERPINI1,0.3663100333429834,6.609043320109726,1.0348721879438472e-10,2.608466681165246e-10,True
SERTAD1,-0.4096898974920311,-8.908105192567906,0.0,0.0,True
SERTAD2,-0.4877194924080639,-8.147982719672836,3.3306690738754696e-15,1.1896426995960166e-14,True
SERTAD3,-0.17331197149458522,-5.14053744504785,4.000938604864501e-07,7.646725035578927e-07,False
SESN1,0.015748630527999463,0.28223160354299537,0.7778880684511482,0.7975516386727882,False
SESN2,-0.4320308376638273,-4.741864569745322,2.799004684916895e-06,4.998718599311273e-06,True
SESN3,2.332169331586785,20.95538642018108,0.0,0.0,True
SESTD1,-0.4755344773776744,-10.422431734455156,0.0,0.0,True
SET,-0.15776021783801575,-3.1378924892699462,0.0018067690570868766,0.0025261978555035395,False
SETBP1,-0.054933697124137204,-1.6474240134250056,0.10012799983161869,0.11666745195836693,False
SETD1B,-0.37176724725377763,-7.904985323710834,1.865174681370263e-14,6.241995105957018e-14,True
SETD2,-0.4064273478684317,-10.95191165602423,0.0,0.0,True
SETD3,-0.12168419563366006,-4.482148969873086,9.258987154980858e-06,1.584758886154896e-05,False
SETD4,-0.01864184483660747,-0.6572027406635924,0.5113668305390773,0.5408534129996906,False
SETD5,-0.4177006709159894,-11.929591016042892,0.0,0.0,True
SETD6,0.2211656046994701,8.70959941678791,0.0,0.0,False
SETD7,-0.11585895366623022,-2.194277726072905,0.028695879261301016,0.03549697521595,False
SETD8,-0.057666552314870945,-2.2421167588243565,0.025411586092322302,0.031576705522919156,False
SETDB1,-0.44455204176366614,-12.060379158127935,0.0,0.0,True
SETDB2,-0.058443454777290516,-1.861998507559698,0.0632166448613738,0.07532766444172595,False
SETMAR,-0.11116488425801219,-4.112711793633152,4.603615334364264e-05,7.416649655460412e-05,False
SETX,-0.6182755937577724,-13.240096199385343,0.0,0.0,True
SEZ6L,-0.008901481464413052,-0.332700844003111,0.7395059527071113,0.7611803296607287,False
SEZ6L2,0.1805186467989044,8.446640793125143,4.440892098500626e-16,1.713723151846858e-15,False
SF1,-0.3199376877310707,-9.260264143900429,0.0,0.0,True
SF3A1,-0.18290424116478743,-4.196629601014732,3.2306926928793445e-05,5.275637812486131e-05,False
SF3A2,0.23493484866374192,6.4340699550527285,3.021183303530961e-10,7.349738220353356e-10,False
SF3A3,-0.43695057986857044,-7.775807274141845,4.6407322429331543e-14,1.5032788162639766e-13,True
SF3B1,-0.4093281143954375,-11.83798415203067,0.0,0.0,True
SF3B14,-0.20635730761446514,-3.6250851596405678,0.00031986175530684946,0.00047912712085560453,False
SF3B2,-0.5694708651659566,-13.650131026529621,0.0,0.0,True
SF3B3,0.31372629618769254,9.980438305228171,0.0,0.0,True
SF3B4,-0.13592989867662197,-4.869428319497507,1.5236048958033876e-06,2.7800419443623037e-06,False
SF3B5,-0.18924973257785194,-5.084076078896037,5.312011768232594e-07,1.00408702918069e-06,False
SF4,-0.4787392642565056,-12.814597025973246,0.0,0.0,True
SFI1,0.04179868059721903,1.5311458272618914,0.1263947802600729,0.1453906005408208,False
SFMBT1,-0.038230853018011324,-0.872718392668163,0.38325470594022004,0.4136129468310163,False
SFN,0.23361390230953694,7.533991811697689,2.48245868306185e-13,7.617325937716955e-13,False
SFPQ,-0.4333908443966017,-7.107439695951501,4.32498481472976e-12,1.2027885099196549e-11,True
SFRP2,0.687451597189285,12.277367583314636,0.0,0.0,True
SFRS1,-0.21237387504431204,-4.67211988976654,3.8809005669104835e-06,6.8680432678202265e-06,False
SFRS11,-0.30923937322748607,-5.859770294719513,8.640404169923954e-09,1.8786110916072865e-08,True
SFRS12,-0.1961285488896376,-3.014576269285481,0.002710188282471826,0.0037271560202713663,False
SFRS12IP1,-0.12140371555521323,-3.4685559197824474,0.0005705780291604956,0.0008381137870313375,False
SFRS13A,-0.25551297428662334,-5.224189996514477,2.616425389678767e-07,5.077258096986139e-07,False
SFRS14,-0.10073320948616526,-3.816641124497089,0.0001530531534188473,0.00023607649628169547,False
SFRS15,-0.4231890395468074,-9.9897282112632,0.0,0.0,True
SFRS16,-0.5356816146559256,-13.486882639263966,0.0,0.0,True
SFRS17A,-0.38225841399676863,-10.966697100676688,0.0,0.0,True
SFRS18,-0.4097992942303179,-11.432827453741089,0.0,0.0,True
SFRS2,-0.25831449736220957,-4.267117876397855,2.3883331132790175e-05,3.9493553160868506e-05,False
SFRS2B,1.0391553660024235,15.56376610327964,0.0,0.0,True
SFRS2IP,-0.3384203474967178,-7.52980601202693,2.55351295663786e-13,7.829096552438518e-13,True
SFRS3,-0.2070234291961972,-3.8151380540592847,0.0001539599090965016,0.0002374115385385009,False
SFRS4,-0.43330602293476517,-10.741150290153811,0.0,0.0,True
SFRS5,-0.4550155942880316,-8.767551832847015,0.0,0.0,True
SFRS6,-0.12833038294235077,-2.5596476902812495,0.010784341089271177,0.013964121516110015,False
SFRS7,-0.21100072166536066,-3.492281032042309,0.0005233722146738007,0.0007719237568281063,False
SFRS8,-0.3411681785387475,-12.9964011365623,0.0,0.0,True
SFRS9,-0.26840430995340725,-6.829386122802033,2.599853665685714e-11,6.838939112818849e-11,False
SFT2D1,-0.22032710233813457,-4.8675025751893495,1.5378121824838331e-06,2.804188464465929e-06,False
SFT2D2,-0.6830094330746661,-7.6615558885461885,1.0302869668521453e-13,3.257720442264579e-13,True
SFT2D3,-0.020337001806697508,-0.6176676308594202,0.5370885556281895,0.5663941291111521,False
SFTPC,0.2256047973418589,10.934089626083395,0.0,0.0,False
SFXN1,0.06590940890536467,0.6833209895942658,0.4947350605785825,0.524466515995278,False
SFXN3,-0.4058412961632172,-8.053337652114793,6.439293542825908e-15,2.240236252486005e-14,True
SFXN4,-0.021814266726268183,-0.7170458248358874,0.47369599699639453,0.5043445964877964,False
SFXN5,0.25754051513939835,9.462453586212124,0.0,0.0,False
SGCZ,0.20874172304693905,7.8164986915819314,3.4861002973229915e-14,1.1395116153480006e-13,False
SGK1,-0.35482576926462706,-3.4912696502764637,0.000525307705551592,0.0007745027805638009,True
SGK223,-0.008066599141341335,-0.18132137819954244,0.8561921748599519,0.8703978168044998,False
SGK269,-0.12580749704268168,-2.0932516001297006,0.03685309047962382,0.04500272969731652,False
SGK3,-0.368626545558139,-5.661101572180999,2.5971730321927566e-08,5.459276671136563e-08,True
SGMS1,-0.16626612159657483,-2.7546985458644304,0.006098689412695979,0.008099942735483106,False
SGMS2,-0.2065275547219998,-3.2451371012543175,0.0012562465744678786,0.0017862861734718545,False
SGOL2,-0.010892981285738568,-0.22781639702237658,0.819886379641571,0.8371096620360979,False
SGPL1,-0.20012673511714008,-7.079955277324291,5.17674791922218e-12,1.4299990235376567e-11,False
SGPP1,-0.06401007428407901,-1.1723314441079027,0.24164786747310596,0.26878541767310815,False
SGSH,-0.1430212978024623,-2.944110255408684,0.0033965540693527974,0.004625240137708343,False
SGSM2,-0.2035409220544926,-5.080464562481013,5.408718395383261e-07,1.0216960839032433e-06,False
SGSM3,0.23428263548647887,7.959038235310979,1.2656542480726785e-14,4.3031497295009394e-14,False
SGTA,-0.13407291083704376,-4.837895542801476,1.7729993577741965e-06,3.218276016735104e-06,False
SGTB,-0.40045727105177154,-4.478560971265351,9.409559398321221e-06,1.609574023006566e-05,True
SH2B1,0.05815352479159808,2.7790027311301353,0.005667348409778672,0.007544456989742346,False
SH2B2,-0.12804545955102054,-3.2982556017229614,0.00104542103534766,0.0014949975054214396,False
SH2B3,-0.3642449864099637,-4.849098125350802,1.680196227482611e-06,3.054637049301167e-06,True
SH2D1A,0.029509243091862203,0.6787619664271543,0.49761714112583233,0.5272306704036481,False
SH2D1B,-0.0760096425320933,-1.4175746850721305,0.15696639216056996,0.17877159099244663,False
SH2D2A,-0.30033590399270915,-3.404896811406788,0.0007176257104082318,0.0010453124125180098,True
SH2D3A,-0.051564088543358366,-1.5946112147265723,0.11146005919582325,0.1291788330693921,False
SH2D3C,-0.6612108518518456,-9.544401337131443,0.0,0.0,True
SH2D5,0.3484203555050871,11.935503357867988,0.0,0.0,True
SH2D6,0.25568268662704163,8.169724953859962,2.886579864025407e-15,1.0368105224106224e-14,False
SH3BGRL,0.02158723351050007,0.3575237418966633,0.7208575365621877,0.7435134279781375,False
SH3BGRL2,0.36280169958131925,3.869172918032997,0.00012435213493899866,0.000193386288964807,True
SH3BGRL3,-0.24310194916151318,-6.23599451411164,9.88206183549778e-10,2.308954772476652e-09,False
SH3BP1,-0.3114804246151097,-7.579208557394606,1.8185453143360064e-13,5.64175154210516e-13,True
SH3BP2,-0.43300904395118867,-12.855948374778684,0.0,0.0,True
SH3BP5,-0.35449573084376773,-5.0201660267423875,7.298431414781703e-07,1.3616882323756145e-06,True
SH3BP5L,0.05875161791399197,2.1739997150691575,0.030195051532963868,0.03724746183424832,False
SH3D20,-0.03670058002654786,-1.2443982930010307,0.21396274120082914,0.23941524966189923,False
SH3GL1,0.4406732416519681,17.229266892681206,0.0,0.0,True
SH3GLB1,-0.509398777782101,-9.03714824795219,0.0,0.0,True
SH3GLB2,0.4685332593319287,14.46946178796991,0.0,0.0,True
SH3KBP1,-0.6409708508313079,-14.25439863494467,0.0,0.0,True
SH3PXD2A,0.14298885235710923,6.387812295059031,3.9950531771637543e-10,9.627409528817842e-10,False
SH3PXD2B,-0.2804522676491139,-4.478903995442359,9.395063373052182e-06,1.607333060956306e-05,False
SH3RF3,-0.20111655578272591,-3.0273199086376157,0.0026005687946113465,0.0035849631336917305,False
SH3TC1,0.0612337954866935,2.0499055904703236,0.04091860998079344,0.04970383511217543,False
SH3YL1,-0.06859971428071798,-1.2112017871127514,0.22641645764319818,0.25262409682216197,False
SHANK2,0.11789526923275284,3.404110452678409,0.000719645385677925,0.0010479892790927962,False
SHANK3,0.26246375255244114,9.430156563339954,0.0,0.0,False
SHARPIN,0.8447399690167252,13.234909578095035,0.0,0.0,True
SHBG,0.24780244556949205,8.602261639161686,2.220446049250313e-16,8.732440437457957e-16,False
SHC1,-0.20891465717152347,-8.377703811840613,6.661338147750939e-16,2.5382717209375807e-15,False
SHCBP1,0.019328420105133137,0.3605255019864688,0.7186134271414182,0.7413315482036537,False
SHF,0.2864177940686843,10.579642263675435,0.0,0.0,False
SHFM1,-0.14264761115021507,-2.571658025571502,0.010422368045297725,0.013519736206507262,False
SHISA4,0.4022958160668497,8.6859228942247,0.0,0.0,True
SHISA5,-0.4258321025057077,-8.694923022498807,0.0,0.0,True
SHISA7,0.2786525578230066,11.28083687870836,0.0,0.0,False
SHKBP1,-0.5631941171371615,-10.201171960138714,0.0,0.0,True
SHMT1,0.2780059174463476,10.611331489073462,0.0,0.0,False
SHMT2,-0.24014119653173882,-4.908838945483223,1.259175843593141e-06,2.3088899303325995e-06,False
SHOC2,-0.014674908535913467,-0.25517882582251505,0.7986947265080953,0.8170661238585035,False
SHOX,0.11209139044985195,4.009371262184411,7.061779831363246e-05,0.00011199868081711859,False
SHPK,-0.22554819798425862,-7.507701432551344,2.970956813896919e-13,9.065550076630094e-13,False
SHPRH,-0.20899815839516167,-4.337519225085418,1.7588484024999573e-05,2.9371085457229645e-05,False
SHQ1,0.20229106305213573,7.625934428874525,1.318944953254686e-13,4.1442790279707386e-13,False
SHROOM3,0.17681461841631751,6.871511160429184,1.9883650281826704e-11,5.273768537793272e-11,False
SIAE,0.21272281671487203,2.545107319348385,0.011237538937942881,0.014515049453483296,False
SIAH1,-0.11330335468339525,-2.9567275944055056,0.0032630400897379896,0.004453431136693354,False
SIAH2,1.7673109684147885,18.62141065448121,0.0,0.0,True
SIDT1,-0.10517232690616529,-1.862665370070138,0.06312250558246002,0.0752310545064001,False
SIDT2,0.08886808734824525,2.8527119250297357,0.0045226884468705375,0.006090349335924915,False
SIGIRR,0.022188226087307417,0.5019777280736374,0.615914295886915,0.6440959395661711,False
SIGLEC1,-0.2879714139049425,-3.042379425922992,0.0024762774917959085,0.0034230457731905762,False
SIGLEC10,-0.7569493279574928,-7.777579888889091,4.596323321948148e-14,1.4897312421362047e-13,True
SIGLEC11,-0.1171214170552135,-3.0404794438618308,0.0024916523823865777,0.003443059476092969,False
SIGLEC14,-0.1798778656341593,-2.73221680332904,0.006523866107626564,0.008635763467450056,False
SIGLEC5,-0.41491934937147334,-5.620807848778311,3.2343924871724994e-08,6.755569729780602e-08,True
SIGLEC7,-1.0666213374312292,-13.882398560316782,0.0,0.0,True
SIGLEC9,-0.6205502453291523,-8.310468718049632,8.881784197001252e-16,3.353302922492869e-15,True
SIGLECP3,-0.030147164326783216,-0.98898465916179,0.3231709256448678,0.35288708811292374,False
SIGMAR1,0.0025293777891519653,0.08814989449945791,0.9297944530465185,0.9371163097946319,False
SIK1,-0.08814978559835351,-2.628194676951076,0.008860053498478626,0.011591022856215253,False
SIK2,-0.12511317464562,-2.9948537272728495,0.0028882116227162413,0.003959689321836275,False
SIK3,0.13429157414493265,3.090572309074014,0.0021142555563580245,0.0029398973628305273,False
SIKE1,-0.27390898619440485,-6.77554761443102,3.655675762104238e-11,9.524933070273402e-11,False
SIL1,-0.37486440635863616,-5.66587180222193,2.5303620532213245e-08,5.326615586815869e-08,True
SIN3A,-0.2349494803371459,-7.142839391002406,3.4283687000424834e-12,9.608608042771135e-12,False
SIN3B,-0.10813045233848584,-3.822087419412692,0.00014980963554944715,0.0002313523517755841,False
SIPA1,-0.7478181428119788,-14.391248032419192,0.0,0.0,True
SIPA1L1,-0.5927377005729957,-7.934974582924538,1.509903313490213e-14,5.090013540560071e-14,True
SIPA1L2,-0.7754456596906749,-8.35423624721035,6.661338147750939e-16,2.5382717209375807e-15,True
SIPA1L3,-0.04058508619810475,-1.3761051182237738,0.1694333518421558,0.19209673030214494,False
SIRPA,-0.43338108926242924,-10.36187281158749,0.0,0.0,True
SIRPB1,-0.24584312251789697,-1.5206008217689513,0.1290211326101498,0.14814537744580497,False
SIRPB2,-0.7626443280663908,-10.934019635949559,0.0,0.0,True
SIRPD,-0.47806332192548595,-7.970148335637468,1.176836406102666e-14,4.010644544939825e-14,True
SIRPG,-0.06509134248477189,-1.3422858856241067,0.18014039111958446,0.20359469832285063,False
SIRT1,-0.2841014569524276,-4.377585336277505,1.4750241476679804e-05,2.4810071092006452e-05,False
SIRT2,-0.05621007181225046,-2.034593482188566,0.04244311484376895,0.05149049393210895,False
SIRT3,0.1193332327365626,4.129068971766751,4.2985731934841453e-05,6.944637393512464e-05,False
SIRT5,-0.16816425453621964,-2.9298085931432727,0.003553911540141508,0.0048303843104295025,False
SIRT6,0.11867004563401684,5.316301249592401,1.6283602377598072e-07,3.215132255528834e-07,False
SIRT7,-0.40117178588548974,-10.98377047290528,0.0,0.0,True
SIT1,-0.040289924609858474,-0.5793959571673591,0.5625949462142823,0.5913972609456396,False
SIVA1,-0.15963643445620423,-4.927010360390813,1.1527309640158023e-06,2.119780966554602e-06,False
SIX2,0.3406347158584184,10.780963111102663,0.0,0.0,True
SIX5,0.22851080186457517,7.947981453006182,1.3766765505351941e-14,4.664099172239677e-14,False
SKA1,0.0692574312695835,1.1934293860812468,0.23329315124578964,0.2599191226617904,False
SKA2,-0.10840624075054617,-1.6629519325445634,0.09697746546523112,0.11326000453148101,False
SKAP1,-0.1043124230870891,-1.4020703822956269,0.16154318788480482,0.18369358156417243,False
SKAP2,-0.4052082242448165,-6.852039297993054,2.25111040919046e-11,5.95010114811035e-11,True
SKI,-0.29989312375708455,-6.341047114326369,5.29039256846886e-10,1.2635295873147998e-09,False
SKIV2L,-0.30109590737381,-9.779041707203245,0.0,0.0,True
SKIV2L2,-0.29019914823362614,-6.877615245008145,1.9123813643773246e-11,5.0792531556980405e-11,False
SKP1,0.7471485731267578,19.936413505240264,0.0,0.0,True
SLA,-0.5232386519559853,-9.821656579905847,0.0,0.0,True
SLA2,0.22508907166650616,4.58188120858804,5.88775352738935e-06,1.0260368060816629e-05,False
SLAIN1,-0.1189924920512615,-3.3466346184460978,0.0008824665971387535,0.0012722318814069214,False
SLAIN2,-0.09439201013931608,-3.0882595141205202,0.002130451872341732,0.002960988793135185,False
SLAMF1,0.028862912748755853,0.8782700572326989,0.3802383663563593,0.41060895678812254,False
SLAMF6,0.11812108566206003,1.6497423298150748,0.09965249214332039,0.11614864484457225,False
SLAMF7,-0.44259860009953655,-4.83573421838659,1.791463843048291e-06,3.249743623318624e-06,True
SLAMF8,0.16963854662245703,3.6024227301969125,0.00034827637393930466,0.0005200668332132292,False
SLBP,-0.37399954062171403,-5.155987172070689,3.7006799624705877e-07,7.095228443358638e-07,True
SLC10A3,0.04483539634311473,0.9449658633174455,0.34515364269768445,0.37500705623793884,False
SLC11A1,-0.5888915951513249,-9.025398871355826,0.0,0.0,True
SLC11A2,-0.045670772691357886,-1.1264614790365948,0.26053535908920056,0.28837386387513225,False
SLC12A2,-0.06874981396912894,-2.3138463591196947,0.021099349925584265,0.02646666795086629,False
SLC12A4,0.23625802330784307,12.729181144721393,0.0,0.0,False
SLC12A5,0.17509692038791425,5.980048701499314,4.371631057153991e-09,9.753402701405544e-09,False
SLC12A6,-0.39571591598001543,-8.708291667082701,0.0,0.0,True
SLC12A7,0.24628841867390427,6.24441348246057,9.402316702988855e-10,2.200432468543857e-09,False
SLC12A9,-0.45832075334483946,-7.763523101106609,5.062616992290714e-14,1.6358004245216475e-13,True
SLC13A2,0.16403992751464935,5.774959675612208,1.3874702942118233e-08,2.9762142121091236e-08,False
SLC13A4,0.2738440610180115,9.232883647137232,0.0,0.0,False
SLC14A1,2.5292486212583336,25.81800491484406,0.0,0.0,True
SLC15A3,-0.5315181697121645,-10.001295100816757,0.0,0.0,True
SLC15A4,-0.6801003382310045,-7.126145183755243,3.8258285428582894e-12,1.069913061062992e-11,True
SLC16A1,0.6368953205804306,9.272096343439564,0.0,0.0,True
SLC16A11,0.36664655825716164,10.830558939552771,0.0,0.0,True
SLC16A3,-0.5099833204497948,-11.580796916177045,0.0,0.0,True
SLC16A5,-0.3209245094435853,-6.545698642206923,1.5292478394712816e-10,3.8021596941225327e-10,True
SLC16A6,-0.21213824592570463,-6.340276792956108,5.314848561255303e-10,1.2688443642922246e-09,False
SLC16A7,-0.20058446136926866,-5.606502341275219,3.4953429706163774e-08,7.270288132634535e-08,False
SLC17A5,-0.3832304087012548,-9.507708029537387,0.0,0.0,True
SLC17A9,0.12841520466019407,5.897094864986237,7.002245228093784e-09,1.5334384559393972e-08,False
SLC19A1,-0.386456583372385,-9.669369744635993,0.0,0.0,True
SLC1A3,-0.05866558706399028,-1.1032588512414674,0.27046980804446896,0.29868101992754653,False
SLC1A4,-0.025462189955691716,-0.7652381697470684,0.4445073368791932,0.47520000125396067,False
SLC1A5,1.737138372145599,24.416246998729083,0.0,0.0,True
SLC1A7,0.12975775250093902,6.160269282345707,1.5423746724252396e-09,3.55687964998325e-09,False
SLC20A1,-0.46241203516690543,-8.217788157841662,1.9984014443252818e-15,7.261699128448871e-15,True
SLC20A2,-0.14351596772816722,-5.35274717268499,1.347212608138193e-07,2.674688389028584e-07,False
SLC22A1,-0.2594607321690021,-4.1695308168780025,3.624488450881813e-05,5.8969608002411876e-05,False
SLC22A10,0.17407768851611216,5.681260753571311,2.32603567518197e-08,4.911751593477748e-08,False
SLC22A15,-0.2824673115811924,-5.769464674479182,1.4304283757482494e-08,3.065507806557039e-08,False
SLC22A16,0.2612770664308903,8.444301431835488,4.440892098500626e-16,1.713723151846858e-15,False
SLC22A17,0.4407607857427953,12.581972781321996,0.0,0.0,True
SLC22A18,-0.35493543147349627,-6.07591297359319,2.5195536768052307e-09,5.722148817649734e-09,True
SLC22A2,0.27827178539497677,11.543250509335898,0.0,0.0,False
SLC22A23,0.37039378697666203,10.572201251190009,0.0,0.0,True
SLC22A4,-0.01621495783695792,-0.29212206892176623,0.7703200202113174,0.7905494156022459,False
SLC22A8,0.24783235644659873,8.284347779471195,1.1102230246251565e-15,4.157561450148628e-15,False
SLC23A2,-0.23391919211883216,-5.360124545670354,1.2963357209905269e-07,2.5776784343327945e-07,False
SLC23A3,0.21942890534903103,7.272284041362251,1.4550582960737302e-12,4.207674258101764e-12,False
SLC24A3,0.05466200083119377,0.9814093413383478,0.32688731378677205,0.3566747151188621,False
SLC24A4,-0.24717139728371862,-5.116188444587936,4.522579828414308e-07,8.605153129088936e-07,False
SLC24A6,-0.07960601481537388,-4.020406005104674,6.749348858248183e-05,0.00010723551654918733,False
SLC25A1,0.03890682455564276,1.1709132447097685,0.2422169522822779,0.2693403874253846,False
SLC25A11,-0.5235915191498925,-14.061172116218216,0.0,0.0,True
SLC25A12,-0.22872658372137744,-4.651819289817262,4.26493896910074e-06,7.522252638963623e-06,False
SLC25A13,0.09810433049214051,3.67405287820499,0.00026572887115272614,0.0004008552732855229,False
SLC25A14,-0.19732211387732468,-5.265919145718232,2.11238422975768e-07,4.127659701879341e-07,False
SLC25A15,-0.008304099181512647,-0.2920538002940196,0.770372184229118,0.7905494156022459,False
SLC25A16,-0.15050934059694487,-5.169150223092599,3.4621755840014146e-07,6.651234248184172e-07,False
SLC25A17,0.12183715128161277,4.527905890913733,7.530222069673798e-06,1.2989012881187852e-05,False
SLC25A19,-0.04149942138326379,-1.2383129139493612,0.2162077820679662,0.24181934572685723,False
SLC25A20,-0.4149322020905233,-8.269595674070356,1.3322676295501878e-15,4.939295405467851e-15,True
SLC25A22,0.26081284132021354,5.8729702054749975,8.022334130330933e-09,1.7478582721256293e-08,False
SLC25A24,-0.1195254903852061,-1.716427229226112,0.08673165493609991,0.10186194261918179,False
SLC25A25,-0.06020192477285846,-1.8164126743020947,0.06993322666617119,0.08287662942053764,False
SLC25A26,0.044288761965112666,1.5219342166715182,0.1286867054661398,0.14779084349595858,False
SLC25A28,-0.6608516830956255,-7.749793027004844,5.573319583618286e-14,1.79678332727957e-13,True
SLC25A29,-0.052446326648894814,-1.1758288104826302,0.24024850579994617,0.2673321617377879,False
SLC25A3,-0.328902402732707,-8.0659128135948,5.995204332975845e-15,2.092055701652492e-14,True
SLC25A32,-0.19312737862739082,-3.7693940542498896,0.00018410980719174574,0.00028190361146374044,False
SLC25A33,-0.23982082363359103,-5.272558102455753,2.041412279218946e-07,3.9937207955711684e-07,False
SLC25A35,0.3991035233901634,11.159538193011542,0.0,0.0,True
SLC25A36,-0.2867959966473812,-6.397730352903676,3.763258593636465e-10,9.091647596497156e-10,False
SLC25A37,0.5991582763663352,13.897108713439486,0.0,0.0,True
SLC25A38,1.1054234132949308,16.54060591232577,0.0,0.0,True
SLC25A39,1.1628419777989691,13.643986197395293,0.0,0.0,True
SLC25A4,0.21793486667786688,6.997874518747991,8.827161224189695e-12,2.4003793706666924e-11,False
SLC25A40,-0.18398978141793165,-1.6081473804221083,0.10846307454595339,0.12587005396885323,False
SLC25A42,0.1074570035582263,3.6586442521441573,0.00028175660109241996,0.00042420001149961903,False
SLC25A43,-0.15661100426296848,-3.630793048837771,0.0003130563424049715,0.00046936040715382876,False
SLC25A44,-0.4250776442201758,-11.377554797925036,0.0,0.0,True
SLC25A45,-0.041392145889812326,-0.9630439084192491,0.3360123506006629,0.36597260463020387,False
SLC25A46,0.116200830130742,1.673171955434127,0.09494762295908776,0.11095684983927483,False
SLC25A5,-0.14637154995724178,-2.634284500450655,0.008704964977237939,0.011401079201001002,False
SLC25A6,-0.0051575708156264,-0.08530983117993803,0.9320507903806496,0.9388154122415795,False
SLC26A11,-0.2969621754118634,-5.515800828596883,5.695026406016268e-08,1.16686248969942e-07,False
SLC26A2,-0.2488273027406338,-7.354582302579943,8.386624728018433e-13,2.4688354265792057e-12,False
SLC26A5,0.14266483384870376,5.2176777067856275,2.70493361931301e-07,5.244593563519032e-07,False
SLC26A6,-0.13072740620050638,-2.5647328316406073,0.010629736047954363,0.013773220420290925,False
SLC26A8,-0.5487975406006891,-7.6640578569569575,1.0125233984581428e-13,3.2024319129158007e-13,True
SLC27A1,0.14966703091708222,3.259071512643576,0.001197426095653098,0.001704963064997285,False
SLC27A2,0.0028769983227667772,0.05429600678194909,0.9567220130827137,0.9612281612472551,False
SLC27A3,-0.5008665700860182,-8.295982625175203,1.1102230246251565e-15,4.157561450148628e-15,True
SLC27A4,0.33583564213350314,8.835664197649125,0.0,0.0,True
SLC28A3,-0.06724883690944061,-1.434354614305973,0.152124877424185,0.17341182217211154,False
SLC29A1,0.23789035812860249,9.084871948520536,0.0,0.0,False
SLC29A2,0.26100295210516533,8.680324500734141,0.0,0.0,False
SLC29A3,0.016978102677059237,0.4329293876180201,0.6652613158838188,0.6913076317244662,False
SLC2A1,1.3148409664297773,18.368662458990194,0.0,0.0,True
SLC2A11,0.2649892615952214,9.57278649814844,0.0,0.0,False
SLC2A14,-0.3733447271721362,-5.6660012363791665,2.5285727289769966e-08,5.323821836060323e-08,True
SLC2A4,0.2214882691452278,8.14248461042654,3.3306690738754696e-15,1.1896426995960166e-14,False
SLC2A4RG,-0.059005699962885405,-1.9218231338398726,0.05522210751614409,0.06627458392149028,False
SLC2A5,0.24346625845511838,5.236680878419911,2.4544493837375114e-07,4.770170820191058e-07,False
SLC2A6,-0.3329204809847903,-6.1292661640520105,1.848407649163164e-09,4.238019050698743e-09,True
SLC2A8,0.3254121613299712,8.233840948886368,1.7763568394002505e-15,6.487588596401866e-15,True
SLC2A9,0.01558531880359837,0.4914795506619787,0.6233128757804052,0.6510056230043058,False
SLC30A1,-0.12843184213514025,-1.7600951503924254,0.07903113797861461,0.09321725152320927,False
SLC30A3,0.30168246124134424,10.793255831704505,0.0,0.0,True
SLC30A5,-0.16047514697888277,-4.240764324689477,2.675233348115036e-05,4.404804593615938e-05,False
SLC30A6,-0.19561265581542875,-3.4436439453571337,0.0006244062657063676,0.0009140342832217116,False
SLC30A7,-0.3722109716039217,-9.195139194016749,0.0,0.0,True
SLC30A9,-0.21231270538003155,-2.8354620011655998,0.004769929592600253,0.006403078776035696,False
SLC31A1,-0.2521256838173809,-5.240789363773779,2.403328660527393e-07,4.677131752089042e-07,False
SLC31A2,-0.6317134863031395,-7.24903134526362,1.6986412276764895e-12,4.887996078342614e-12,True
SLC33A1,-0.09513853164140063,-2.945147866838371,0.0033853888614840955,0.00461179984573349,False
SLC34A1,0.2426453145316354,8.849940928325783,0.0,0.0,False
SLC34A3,0.26206123175781615,7.824302629433439,3.3084646133829665e-14,1.0829839125194201e-13,False
SLC35A1,-0.16094490312116783,-2.7544719891266713,0.006102846149566243,0.00810452902892017,False
SLC35A2,0.02843633189983441,1.7218716993273622,0.08573960456732865,0.10076874859821025,False
SLC35A3,-0.14346836283492648,-4.391422753800531,1.387606308544953e-05,2.3385277349128477e-05,False
SLC35A4,-0.2562198116143781,-6.87512732319823,1.9430013153964865e-11,5.158200542072397e-11,False
SLC35A5,-0.3967720387930749,-5.981045993780158,4.346800475119039e-09,9.699882733997717e-09,True
SLC35B1,-0.29787140747587504,-6.139193079387805,1.744468125508547e-09,4.005287689402622e-09,False
SLC35B3,-0.1270654595152494,-2.907186722428304,0.0038164412358034916,0.005173168580280115,False
SLC35B4,-0.09140620046116732,-3.422149032416875,0.0006746228638199181,0.000985539729656517,False
SLC35C2,-0.21077682019875388,-6.7598954109228595,4.0348391294742214e-11,1.0489124787274555e-10,False
SLC35D1,-0.28487478346486084,-6.948832714969882,1.2114087510894933e-11,3.262618050923515e-11,False
SLC35D2,-0.17419321323524084,-3.5680771883742266,0.0003958881100671885,0.0005892537976306944,False
SLC35E1,-0.00711742767930712,-0.21099632627425702,0.8329800458916814,0.8491236414713521,False
SLC35E2,-0.040256146611191035,-1.6773089775701229,0.09413572128287084,0.1100750556753009,False
SLC35E3,-0.4297113827032679,-6.942692228693662,1.2602363597125077e-11,3.3893678794135835e-11,True
SLC35E4,0.23540803670771115,7.337921379292016,9.379164112033322e-13,2.7518744627231746e-12,False
SLC35F5,-0.20378508221227332,-2.9223544077659325,0.003638539536769736,0.004940744656849062,False
SLC36A1,-0.20632210930127393,-6.122542904657123,1.922216164018664e-09,4.3993657844885745e-09,False
SLC36A2,0.1360650739801108,4.598472763304702,5.456186647156969e-06,9.532809644865936e-06,False
SLC36A4,-0.357092739175628,-4.4362581432389145,1.1371387816261347e-05,1.93082276320039e-05,True
SLC37A1,0.0005310539855254426,0.016623877392136728,0.9867436111526864,0.9882879451237105,False
SLC37A2,-0.12165287482033138,-3.242503718789516,0.001267659034362989,0.0018018465469925062,False
SLC37A3,-0.2605695630879761,-4.797366323857177,2.1518053099356393e-06,3.8783672923092834e-06,False
SLC37A4,-0.07186133441252629,-1.7586701252908774,0.07927331744814725,0.09348375754353073,False
SLC38A1,-0.12354529110689505,-1.753644172060606,0.08013230275426397,0.09444837771680822,False
SLC38A10,-0.3347167828600992,-10.248929829207094,0.0,0.0,True
SLC38A2,-0.03489599442179703,-0.7052654442240545,0.4809885389664388,0.5110697334521178,False
SLC38A3,0.1825792709229761,6.681333570304502,6.603406710325999e-11,1.6888241984068645e-10,False
SLC38A5,1.080581832995656,12.113060419523457,0.0,0.0,True
SLC38A7,0.015903461627958304,0.7119612693251643,0.4768360437230601,0.5071980255475181,False
SLC38A9,-0.16798269315010295,-4.759959264698678,2.5697685837045015e-06,4.600025534684096e-06,False
SLC39A1,-0.12874943471390043,-6.094190354778078,2.2664474741418417e-09,5.162588185611998e-09,False
SLC39A10,-0.1701466662477511,-2.5660623189136365,0.010589642698679569,0.013725902356935969,False
SLC39A11,-0.04828351313022816,-1.2226579344498651,0.22206133083152824,0.24805318753378336,False
SLC39A13,-0.20304516277154772,-6.331280335125815,5.608795650147158e-10,1.335698099938911e-09,False
SLC39A14,0.15192925188710626,4.993733473277212,8.315101391875857e-07,1.544865369887387e-06,False
SLC39A3,0.19066489888398452,7.434365443245248,4.89386309254769e-13,1.4680314834129386e-12,False
SLC39A4,-0.11887586173578768,-2.9994345148927257,0.0028459343268074644,0.0039049812400828087,False
SLC39A5,0.18867148745290807,6.342294422568992,5.251026280461701e-10,1.254995153626496e-09,False
SLC39A6,-0.17833229490023372,-3.9893286929504463,7.664664213002936e-05,0.00012122650977561558,False
SLC39A7,-0.09027049367147688,-4.246370106775976,2.611580134592728e-05,4.3049215183705836e-05,False
SLC39A8,0.029631229050312236,0.2616357265660201,0.7937149806106125,0.8125491345230755,False
SLC39A9,-0.3903861389673393,-9.018278693405042,0.0,0.0,True
SLC3A2,-0.017583274021836903,-0.4397263724556557,0.6603340112047125,0.6864970645367403,False
SLC40A1,0.14699317982954696,2.0314443983927846,0.04276254825898107,0.05185617363882545,False
SLC41A1,0.07320964632938187,2.491128916789588,0.013071906437302605,0.016741748971679866,False
SLC41A3,0.08276881816868631,3.497695948692622,0.0005131225458587796,0.0007572913011847895,False
SLC43A1,0.4804471628162834,11.162242974510606,0.0,0.0,True
SLC43A2,-0.20501316253652524,-5.30499586887957,1.7265909479924346e-07,3.402087090305312e-07,False
SLC43A3,-0.28261256427147163,-7.204869295443657,2.277067423506196e-12,6.486670965176064e-12,False
SLC44A1,0.000785020916275414,0.011712776764499229,0.9906596560838454,0.9915204256173268,False
SLC44A2,-0.18999617314048134,-3.851263939217011,0.0001335106931021901,0.0002069586426919833,False
SLC44A4,0.25448054413391885,8.180465195486342,2.6645352591003757e-15,9.591494265492883e-15,False
SLC45A4,-0.5793546663636588,-7.240495954984053,1.7978951660779785e-12,5.165865407346529e-12,True
SLC46A2,-0.3019760832424665,-4.5191436591069625,7.835283671653315e-06,1.349097647440576e-05,True
SLC46A3,-0.6140484033548148,-8.715515210284797,0.0,0.0,True
SLC48A1,0.6363306392181753,13.900685019161452,0.0,0.0,True
SLC4A1,2.4441672240986643,20.560003419400854,0.0,0.0,True
SLC4A1AP,-0.5595640751918314,-10.286651006252933,0.0,0.0,True
SLC4A2,0.0753531983952489,2.1291481211338765,0.03375244004232103,0.04138574238870352,False
SLC4A5,0.28596164492536635,10.184658963987172,0.0,0.0,False
SLC4A7,-0.20016787312681172,-4.25096536738149,2.560481594571229e-05,4.2255282933905425e-05,False
SLC5A10,0.5404311346870143,12.546070189807036,0.0,0.0,True
SLC5A3,-0.26949227410955423,-3.3537134635332904,0.0008607082367315666,0.0012424183181592625,False
SLC5A6,-0.14365952203650245,-4.221032701022278,2.911262385874025e-05,4.776361119909257e-05,False
SLC5A9,-0.06670014201851426,-1.3942868499755774,0.16387862552609977,0.18622056697594389,False
SLC6A12,0.12857656215043445,5.265256957303079,2.1195929633677224e-07,4.1403410793679486e-07,False
SLC6A13,0.3306820985030572,9.849448544733644,0.0,0.0,True
SLC6A19,0.6219070878949555,15.878154623164951,0.0,0.0,True
SLC6A4,-0.07126819679169927,-2.2798665230828288,0.023055232423529803,0.02877906613422625,False
SLC6A5,0.38423516729835816,11.095700997562561,0.0,0.0,True
SLC6A6,-0.259543593696959,-6.846260964309278,2.3354429501409868e-11,6.167346937797806e-11,False
SLC6A8,1.7252563048213272,18.74178769591557,0.0,0.0,True
SLC6A9,0.5179285126339246,18.457225068701465,0.0,0.0,True
SLC7A1,0.5199987036472575,11.785451652977287,0.0,0.0,True
SLC7A11,0.021986122307068978,0.8592872946463339,0.39061269169470325,0.42102251292516957,False
SLC7A4,0.4052749782973111,12.010711828500343,0.0,0.0,True
SLC7A5,1.1911550361176535,17.378271770252198,0.0,0.0,True
SLC7A6,-0.19162750027432107,-4.535553128094755,7.273319000633549e-06,1.2566575906449355e-05,False
SLC7A6OS,-0.2971675368608633,-8.27651989983613,1.3322676295501878e-15,4.939295405467851e-15,False
SLC7A7,-0.64094258452314,-6.2633185671116784,8.406542129080208e-10,1.973806742455665e-09,True
SLC8A1,-0.8516875759320568,-8.23804084810638,1.7763568394002505e-15,6.487588596401866e-15,True
SLC8A2,0.3040672851111692,11.64083604129023,0.0,0.0,True
SLC8A3,0.08033876359916192,2.288897939250032,0.02252055013647669,0.028157409858034842,False
SLC9A1,-0.27776491434735995,-6.1426755564734,1.7093764181908e-09,3.9286326738108194e-09,False
SLC9A3R1,-0.4159751870556381,-8.251422717551486,1.5543122344752192e-15,5.7274864455918265e-15,True
SLC9A5,0.2647599204626676,9.839178764464254,0.0,0.0,False
SLC9A6,-0.4843724987512008,-5.638079663693446,2.9445198723720978e-08,6.164653655008032e-08,True
SLC9A8,-0.49191363834082136,-9.541351244664622,0.0,0.0,True
SLC9A9,-0.10748279665830385,-2.2336690821253127,0.025966646235677127,0.03223165926603069,False
SLCO2B1,0.23399136547591937,7.675025680222291,9.392486788328824e-14,2.975579079063799e-13,False
SLCO3A1,-0.6306700411486004,-13.087188977402768,0.0,0.0,True
SLCO4A1,0.1357852589077595,4.236115506691743,2.729140221280346e-05,4.486508664040004e-05,False
SLCO4C1,-0.18243584077819586,-2.3877178982307923,0.017340779049922705,0.02194314334571676,False
SLCO5A1,0.15653459548255633,5.425261802127847,9.210384677160732e-08,1.8560955405215968e-07,False
SLFN11,-0.2796086400040956,-4.98354011220424,8.742641182113431e-07,1.621943691041466e-06,False
SLFN12,-0.2692192150639241,-4.942444431210123,1.06919027520469e-06,1.970245205580359e-06,False
SLFN5,-0.24726540539150843,-4.287417184122657,2.1876193821102063e-05,3.6294379464968266e-05,False
SLITRK4,-0.5217940201499425,-6.544085715745713,1.5444689971388925e-10,3.837519063425993e-10,True
SLK,-0.3305737642884896,-4.3313697313530835,1.8067865666493432e-05,3.0136655750410926e-05,True
SLMAP,-0.46629094393748005,-9.595156821564943,0.0,0.0,True
SLMO2,0.08129949374016121,1.9909857649223979,0.04705120691977083,0.05683545013725253,False
SLPI,-0.4256727408288352,-3.2548252836242386,0.001215074343182465,0.001728809456412897,True
SLTM,-0.4225591999402072,-6.537151311413856,1.6116197265603205e-10,3.99919164805005e-10,True
SLU7,-0.28984547576376407,-5.619063189387495,3.265172243693826e-08,6.812446852944971e-08,False
SMAD1,-0.45100431009611563,-6.3882996563042465,3.9833447651460574e-10,9.60120283526207e-10,True
SMAD2,-0.29871859154658953,-8.23157310231581,1.7763568394002505e-15,6.487588596401866e-15,False
SMAD3,-0.2740858295024884,-5.292742920758711,1.8395430889661668e-07,3.6110594481597266e-07,False
SMAD4,-0.20684113967420936,-5.762702190303574,1.4850767948715315e-08,3.177303046085656e-08,False
SMAD5,-0.055103992866038176,-1.5562932342910527,0.12030010389583357,0.13893492047083483,False
SMAD7,-0.08032591978951586,-2.3748576187350054,0.017949364840177173,0.02266097474726007,False
SMAGP,0.11486882701520695,5.564167404791448,4.393367136756865e-08,9.064516576805003e-08,False
SMAP1,-0.342131106214151,-12.25047939710336,0.0,0.0,True
SMAP2,-0.6758313688789794,-8.233590281534578,1.7763568394002505e-15,6.487588596401866e-15,True
SMARCA2,-0.315674030076055,-7.033596028227173,7.001954571705937e-12,1.9185422148306538e-11,True
SMARCA4,-0.42253714839826806,-9.237144906660097,0.0,0.0,True
SMARCA5,-0.25326824463623154,-3.700834633951294,0.00023989296100723756,0.00036321333042092134,False
SMARCAD1,-0.04776881019320678,-1.5335801207093613,0.12579446567877683,0.1447434272454131,False
SMARCAL1,-0.2523732304681916,-7.471156527194719,3.810285420513537e-13,1.1538033059646539e-12,False
SMARCC1,-0.2473639585241445,-8.057956346594274,6.217248937900877e-15,2.1662580313272896e-14,False
SMARCC2,-0.02142108557596556,-0.8078984647937819,0.4195508417260867,0.4502334773470088,False
SMARCD2,-0.355475759981581,-12.311615884070532,0.0,0.0,True
SMARCD3,-0.7744725746900052,-8.06608067226873,5.995204332975845e-15,2.092055701652492e-14,True
SMARCE1,-0.39225217535412416,-6.345239303940424,5.159217497663349e-10,1.234760572524083e-09,True
SMC1A,-0.3841127306778125,-8.372621529428876,6.661338147750939e-16,2.5382717209375807e-15,True
SMC2,-0.06004156522344317,-1.4085787210784435,0.15960979602549186,0.18156678258124045,False
SMC3,-0.419132303387717,-6.936063990537013,1.315103581589483e-11,3.5319837156281776e-11,True
SMC4,-0.02914893012996611,-0.4202328342759538,0.6745041825659137,0.700154427230491,False
SMC5,-0.31733705134843015,-7.840516361078888,2.9531932455029164e-14,9.699980893911631e-14,True
SMC6,-0.17205904095769986,-4.798760249504704,2.137570898508301e-06,3.8539175426384595e-06,False
SMCHD1,-0.34267913011017015,-3.687252519417756,0.0002526846998849308,0.0003817779456944541,True
SMCR7L,-0.1632583977198383,-5.883283897050982,7.569623372560841e-09,1.6514108262978848e-08,False
SMCR8,-0.542502003532114,-9.554215753226634,0.0,0.0,True
SMEK1,-0.35399563255968847,-8.6668181307965,0.0,0.0,True
SMEK2,-0.06429495146806641,-1.4180371111988173,0.15683141643510945,0.17863552713497732,False
SMG1,-0.4135271657718649,-9.746153245050154,0.0,0.0,True
SMG5,-0.20400988935322228,-5.591782537237087,3.785202418171707e-08,7.850512541397171e-08,False
SMG7,-0.06564037774283848,-1.8325781830867685,0.06748712058560957,0.08010966014279025,False
SMN1,-0.06888804932606263,-1.1172273816148002,0.2644582715304349,0.29249110223322894,False
SMN2,-0.02899707985247968,-0.7472101101276069,0.4553040852754082,0.4858854695467322,False
SMNDC1,-0.3434081192150735,-5.702796895227462,2.0668410094515366e-08,4.378874671302603e-08,True
SMOX,1.1696553993188292,12.867746611835784,0.0,0.0,True
SMPD1,-0.20271705718260513,-4.239338719255405,2.691655487652156e-05,4.4299371374125697e-05,False
SMPD2,-0.14638426667697058,-4.782377104319964,2.310757509116357e-06,4.153162076378735e-06,False
SMPD3,0.1920282218670426,4.3903107615892365,1.3944439910984485e-05,2.3493638048066445e-05,False
SMPDL3A,-0.4935565273045146,-3.0049374043495534,0.0027958964570593547,0.0038399822688525943,True
SMS,-0.05059843444501588,-0.8160179115060354,0.4148962845335946,0.44557060428328144,False
SMTN,0.23103183905890345,8.401943210035254,4.440892098500626e-16,1.713723151846858e-15,False
SMTNL2,0.19288201720120535,6.067362687962763,2.6472446457148635e-09,6.002679345273527e-09,False
SMU1,-0.2592487432922832,-12.63082522401594,0.0,0.0,False
SMUG1,0.034483386346783274,1.4104989919642275,0.15904272055603697,0.18095743758247626,False
SMURF1,-0.15067198583477515,-4.243742295059219,2.641236698330829e-05,4.3513165801019474e-05,False
SMURF2,-0.7182156123960128,-11.423110442258109,0.0,0.0,True
SMYD1,0.3885157633878702,12.39086219319539,0.0,0.0,True
SMYD2,-0.13572295222674846,-2.132442006951301,0.0334794725370815,0.041070292242240874,False
SMYD3,-0.04335246766644829,-1.2545733005309698,0.21024670746524254,0.23558675323853395,False
SMYD4,-0.1086300109902183,-2.908742626991321,0.003797833788150573,0.005148552124950741,False
SNAI3,-0.27867061400842674,-5.83549683772502,9.900426478637314e-09,2.1440686709423428e-08,False
SNAP23,-0.14308526995382032,-1.9713343446392209,0.04926190524688212,0.05940618577667872,False
SNAP29,-0.24447065663673495,-9.194904368125963,0.0,0.0,False
SNAP47,-0.16086966844886863,-4.237108227900075,2.717542512709059e-05,4.468718373147131e-05,False
SNAPC2,0.1995033177695622,7.001243800554242,8.636646953164018e-12,2.3507924445533157e-11,False
SNAPC3,-0.14111044379169213,-3.7096358380607626,0.00023193204530214118,0.00035180737817163077,False
SNAPC4,0.026558949687272904,1.3085805170932978,0.1913052160441917,0.21553646162099416,False
SNAPC5,-0.06716013022743583,-2.6930651423974696,0.007328558826203979,0.009667621291690751,False
SNAPIN,-0.5019785845321145,-9.783608240745583,0.0,0.0,True
SNCA,2.314850008136002,18.99456842224083,0.0,0.0,True
SNCG,0.26410707884732787,8.178144661297656,2.6645352591003757e-15,9.591494265492883e-15,False
SND1,0.5191362277061602,8.90948775676581,0.0,0.0,True
SNF8,0.10334643851296832,3.083747774660114,0.0021623761472666647,0.0030031843308855454,False
SNHG1,0.06399300181368428,1.6814347475108555,0.09333159833431814,0.109190197157527,False
SNHG11,0.4610111679660287,10.868310554741779,0.0,0.0,True
SNHG12,0.03384665699798628,0.8311028461434482,0.40633042183630885,0.4368601949908943,False
SNHG7,-0.06173367382628925,-2.2899641027547295,0.02245814976448557,0.028088537148437488,False
SNHG8,-0.07049734101822924,-1.197030973560838,0.23188771705799094,0.2584532765158198,False
SNHG9,-0.09868661270164125,-2.0417496057030773,0.041724740453545905,0.050645657037344076,False
SNIP1,-0.1329838842957929,-4.754798773144608,2.633234212900959e-06,4.7092415616218205e-06,False
SNN,0.09764985320792441,1.7897822972376596,0.07412170666488382,0.0876149757899227,False
SNORA10,0.009900726676098426,0.3644281750413124,0.7156994356953101,0.7387885831861526,False
SNORA25,-0.6735709919786252,-8.477855733309275,2.220446049250313e-16,8.732440437457957e-16,True
SNORA28,-0.4384926997233429,-8.30898666921644,1.1102230246251565e-15,4.157561450148628e-15,True
SNORA30,0.19848453890189743,8.545935032255734,2.220446049250313e-16,8.732440437457957e-16,False
SNORA32,-0.44839500131233034,-6.319600773630311,6.014240216956068e-10,1.428413052765298e-09,True
SNORA37,-0.09242531166858825,-3.32686823980123,0.0009459610244588745,0.0013593469362202814,False
SNORA47,0.31714359965666805,9.784696984473939,0.0,0.0,True
SNORA49,0.31789146874438945,10.538588877075165,0.0,0.0,True
SNORA59A,0.22110134114955082,5.562852914909054,4.424569999272876e-08,9.127260354875404e-08,False
SNORA71C,0.49449417150923525,12.436845205925467,0.0,0.0,True
SNORA76,0.23268435369779938,8.840822309224176,0.0,0.0,False
SNORA77,-0.43553300853777,-6.662110856514787,7.444156402414137e-11,1.8950107756775347e-10,True
SNORA78,0.19523581416210467,5.079831728969219,5.425838380812564e-07,1.0245939722718021e-06,False
SNORA8,0.04645504996784133,1.029608538779745,0.30371442696733797,0.33284049892843365,False
SNORD15A,0.2711808580069861,10.751112542555894,0.0,0.0,False
SNORD72,-0.034273158310780705,-0.9831341100332585,0.3260387178592352,0.35584991387346315,False
SNORD8,0.18509199472803672,7.123132959834544,3.9022118869525e-12,1.0904798332315828e-11,False
SNORD89,-0.3603314336545709,-5.031322244560597,6.906371767811947e-07,1.2933587448126456e-06,True
SNPH,0.2700382713272651,7.543917621348543,2.318145675417327e-13,7.124525089416272e-13,False
SNRK,-0.29367654969865153,-3.4119055319813394,0.0006998565317484218,0.0010204616948367177,False
SNRNP200,-0.45889346778203066,-11.709984482775464,0.0,0.0,True
SNRNP25,-0.11651275348083168,-1.5001817267617439,0.13422743644741653,0.15381673701132023,False
SNRNP27,-0.12234477731418547,-2.5580952511340587,0.010831938261798513,0.014022600229001694,False
SNRNP35,-0.3533119755147567,-9.895756982262881,0.0,0.0,True
SNRNP40,-0.30164291890887274,-3.7301840008470855,0.00021430317702253454,0.000326356199910441,True
SNRNP48,-0.30461878818055155,-7.834999631849123,3.064215547965432e-14,1.0050312897782975e-13,True
SNRNP70,-0.3181920269413734,-10.147881012924861,0.0,0.0,True
SNRPA,-0.2591890891175588,-7.140207892218927,3.488320743372242e-12,9.774256055194565e-12,False
SNRPA1,-0.20884372384240724,-5.246422528746131,2.334911093360148e-07,4.550903702946793e-07,False
SNRPB,-0.2502753470577348,-6.147032014893476,1.6664483126760388e-09,3.83456214816526e-09,False
SNRPB2,-0.3867315465228449,-9.560052977355756,0.0,0.0,True
SNRPC,0.034216327171596284,1.2449672057434873,0.2137537212014904,0.23923718563155533,False
SNRPD1,-0.14055604997196758,-2.1743278883372623,0.030170261985994484,0.03722086835350439,False
SNRPD2,0.004491556887892045,0.06629957793350287,0.9471670357193167,0.9528748545371886,False
SNRPD3,-0.1067407549654833,-3.682232110270351,0.0002575733345757669,0.00038896004732279227,False
SNRPE,-0.17431770896705467,-3.201570053264221,0.0014578598246508534,0.0020599959911866018,False
SNRPF,-0.1561568153102444,-2.4114551280956036,0.01626499875001275,0.02065900546933475,False
SNRPG,-0.27696599094480856,-3.0122264562837437,0.0027308577620031027,0.0037533409569876796,False
SNRPN,0.3240062065586078,5.658131020217796,2.6396423935537427e-08,5.5455117146353394e-08,True
SNTA1,0.2609004946057447,11.075992907937858,0.0,0.0,False
SNTB1,-0.18200732472030756,-2.4436031333783466,0.014902009062446542,0.018994825981002734,False
SNTB2,-0.42718542480557087,-7.906899939973682,1.84297022087776e-14,6.169478051232465e-14,True
SNUPN,-0.24752749607732838,-5.464942123581368,7.466655893573204e-08,1.5171707397789687e-07,False
SNW1,-0.4190399402460345,-11.483592820791126,0.0,0.0,True
SNX1,-0.42208445913921366,-10.791638203510347,0.0,0.0,True
SNX10,-0.4516144241425426,-6.574375516111978,1.2819234562755355e-10,3.198283797452435e-10,True
SNX11,-0.2776037206319817,-7.748212008036399,5.639932965095795e-14,1.8162255472445754e-13,False
SNX12,-0.17662543524412655,-3.3135881446512236,0.0009909767754865406,0.001420313733585848,False
SNX13,-0.3454637076106071,-4.6132777884857665,5.096877070842609e-06,8.926703204962143e-06,True
SNX14,-0.3951836130670028,-4.613573069804727,5.089947288094976e-06,8.915921960396294e-06,True
SNX15,0.549710801695114,14.062751500570622,0.0,0.0,True
SNX16,-0.23978169232981816,-4.458605790921283,1.029075513891975e-05,1.7540575384021395e-05,False
SNX17,-0.23151333988052247,-6.855825260080199,2.197486637101065e-11,5.8123647698661684e-11,False
SNX18,-0.3054615284864415,-6.322042735188796,5.927165425134717e-10,1.4080226548180412e-09,True
SNX19,-0.3808894652800525,-7.834440461233285,3.064215547965432e-14,1.0050312897782975e-13,True
SNX2,-0.2920289953665183,-5.126741435565365,4.288884063452514e-07,8.172647729844418e-07,False
SNX20,-0.23943310776948534,-6.443585137775115,2.851869851383526e-10,6.952526733986632e-10,False
SNX22,0.39864759299914887,11.918270310769646,0.0,0.0,True
SNX24,-0.06545245656656595,-2.277401079136914,0.023203100914319208,0.028952903309044414,False
SNX27,-0.5766352250786086,-13.383042535985949,0.0,0.0,True
SNX29,-0.1284180993811237,-3.946507530938423,9.120257581285429e-05,0.00014338234895431537,False
SNX3,0.47038902797995874,8.738804422209153,0.0,0.0,True
SNX30,-0.25261531620292965,-4.095093412424926,4.9551701874372966e-05,7.958533936013695e-05,False
SNX33,0.2375957507257236,6.5516758893450096,1.474111943622347e-10,3.6690353238085173e-10,False
SNX4,0.07809967061217371,1.1690019557528228,0.2429853956588619,0.2701166543712054,False
SNX5,0.07978752855776872,1.8632863273869438,0.063034951158081,0.07514225420572648,False
SNX6,-0.5048982483537969,-11.331879631666204,0.0,0.0,True
SNX8,0.21085138172615947,6.99978620096214,8.718581412381354e-12,2.3719730583188668e-11,False
SNX9,-0.08911145554459177,-1.7083316115469784,0.08822394629932662,0.10354066606438546,False
SOAT1,-0.5270938543145345,-7.0812693376446365,5.132561042842099e-12,1.4181331411009387e-11,True
SOCS1,-0.19537696096033086,-1.8850211910933148,0.06003322851582271,0.07182413370105545,False
SOCS2,0.15040731890038028,2.9480456058667976,0.003354385067019461,0.004572681844615049,False
SOCS3,-0.2663206454947913,-3.196316396372244,0.0014840965342324264,0.0020954145390072146,False
SOCS4,-0.42024382086658285,-5.005999817453615,7.827354036038514e-07,1.4558903785100542e-06,True
SOCS5,-0.10379596666825464,-3.514707325360028,0.00048213034197730487,0.0007128892099851748,False
SOD1,0.667495921798511,10.604489188958754,0.0,0.0,True
SOD2,-0.31759027382191807,-5.8994178394519805,6.910980454577498e-09,1.514315842805368e-08,True
SOD3,0.11862215074921423,4.46285261129198,1.0096840911799632e-05,1.722534218942831e-05,False
SOLH,0.0045154437046552864,0.11360005114952983,0.9096025361248956,0.919339441398848,False
SON,-0.33133497329780504,-11.570912775899332,0.0,0.0,True
SORBS3,0.13434819792800878,5.917731634324658,6.2309863935183785e-09,1.369485446802866e-08,False
SORD,-0.08219721718519413,-2.0072286509052337,0.045287704225190684,0.05482020438944635,False
SORL1,-0.6591619095952534,-11.096694958531675,0.0,0.0,True
SORT1,-0.5391455312335234,-5.367278948759814,1.2487800438165664e-07,2.4882714625018215e-07,True
SOS1,-0.3241205507800471,-9.50541431426357,0.0,0.0,True
SOS2,-0.5630406531008996,-9.61121182379124,0.0,0.0,True
SOX12,0.16658679491511652,4.5153987379518385,7.969249281591928e-06,1.370729916002052e-05,False
SOX13,0.2984176511658161,13.085782154442876,0.0,0.0,False
SOX4,-0.19485943313809218,-4.076324904003152,5.357693170315869e-05,8.584680432447976e-05,False
SOX6,0.8712310301769497,16.147766841945888,0.0,0.0,True
SP1,-0.5028263456666071,-12.02499007646378,0.0,0.0,True
SP100,-0.3731629233013596,-9.026613564829645,0.0,0.0,True
SP110,-0.7430527272466447,-11.773114357061436,0.0,0.0,True
SP140,-0.21532584546407874,-3.493552346534274,0.0005209487451314221,0.0007684477647802345,False
SP140L,-0.4515950894109464,-8.41236066036581,4.440892098500626e-16,1.713723151846858e-15,True
SP2,-0.13066279947415005,-3.742342203242375,0.0002044748983827116,0.0003119250899841683,False
SP3,-0.1363745126870839,-2.4971389920643823,0.012855289148016702,0.01648631437274598,False
SP4,-0.04589234018295363,-0.8299356693996548,0.4069893900625674,0.437446186818206,False
SP6,0.16404255218456942,5.573320463466303,4.1819518736829764e-08,8.640700203220485e-08,False
SP9,0.13525717678204963,4.8369149608612165,1.781353751617587e-06,3.232931127285802e-06,False
SPAG1,-0.08426348891544455,-1.7528899998938683,0.08026185046866274,0.09456236632387503,False
SPAG5,0.008311201941468394,0.18787695037590352,0.8510528284154382,0.8660311963332206,False
SPAG7,-0.26182289057919483,-6.460918436288865,2.567004386833105e-10,6.277988011025591e-10,False
SPAG9,-0.421138437686861,-8.120457089651328,3.9968028886505635e-15,1.4152835067434934e-14,True
SPANXD,0.39290969795014696,13.69513627462747,0.0,0.0,True
SPARC,0.3646423335560911,3.8669528505898145,0.00012545432096411346,0.0001950051249926554,True
SPAST,-0.33511531961638763,-4.389408461722087,1.400015947683464e-05,2.358406507950544e-05,True
SPATA13,-0.5456166092256884,-11.790135415990386,0.0,0.0,True
SPATA2,-0.1287018736770813,-5.096196617289249,4.999529521487744e-07,9.478206148455781e-07,False
SPATA20,-0.0917293693690282,-2.8845279571182916,0.004097005540994347,0.0055384822000603086,False
SPATA21,0.2172007237944502,7.958486277302114,1.2656542480726785e-14,4.3031497295009394e-14,False
SPATA22,0.31797836573222904,9.619414309534323,0.0,0.0,True
SPATA2L,0.28306910270965524,8.615622084080123,0.0,0.0,False
SPATA5L1,-0.6368148459024763,-12.892723095219175,0.0,0.0,True
SPATC1,-0.00989227503549861,-0.21726831137711602,0.8280919449601796,0.8444397232645457,False
SPATS2,-0.159705376180574,-2.2947343254836006,0.022180801270144768,0.027765773726450508,False
SPATS2L,-0.33918827662810047,-3.1655517455074693,0.001646698750868092,0.002313210111127994,True
SPCS1,-0.2919728156061048,-10.356148458143716,0.0,0.0,False
SPCS3,-0.30429840495434934,-5.455328176853612,7.857078831996489e-08,1.5925689084245567e-07,True
SPDEF,0.23986877948632657,10.661886322831041,0.0,0.0,False
SPDYE2,-0.28458603302477936,-7.9163681218772775,1.7319479184152442e-14,5.813026827571445e-14,False
SPEG,0.2359057637827262,8.226685219470136,1.7763568394002505e-15,6.487588596401866e-15,False
SPEM1,0.2552529662921801,8.628627135991543,0.0,0.0,False
SPEN,-0.6323611298175038,-11.30476581853422,0.0,0.0,True
SPG11,-0.8700039645544493,-11.942365156258079,0.0,0.0,True
SPG20,-0.12096814157347202,-1.9915852927273272,0.046985100490376075,0.05676154929718322,False
SPG21,-0.4070615175576142,-10.235819017405827,0.0,0.0,True
SPG7,-0.5874252730955596,-12.746219236636511,0.0,0.0,True
SPHAR,0.20287147446201237,3.853210123209389,0.00013248538275578703,0.00020545222455087652,False
SPHK1,-0.01493423874126698,-0.45148163202579383,0.6518471996550259,0.6781636463896535,False
SPHK2,0.2807514373512796,11.245952929857529,0.0,0.0,False
SPI1,-0.35711395618600994,-9.303780864484084,0.0,0.0,True
SPIN1,-0.23521353505145237,-7.949806968514993,1.354472090042691e-14,4.5929243465415833e-14,False
SPIN2A,0.03757612432525548,1.0341099920207026,0.30160756653177967,0.330720376856694,False
SPIN4,-0.01575420572380093,-0.39239209592948104,0.6949434063862792,0.7193613495833527,False
SPINK4,0.2963106261704871,11.13612510734938,0.0,0.0,False
SPINK8,-0.05630479871910765,-1.509780598498909,0.13176004137039476,0.15112455606348477,False
SPINT1,0.03958702860564589,1.4477103450734203,0.14835352628264853,0.16928026441305877,False
SPINT2,-0.13249371925328468,-1.9798353823532029,0.048295070600243406,0.058276861328745426,False
SPN,-0.17407308416869682,-2.8862997632910985,0.0040744081440999835,0.005508580682146444,False
SPNS1,0.08786864838463249,3.3394391858716093,0.0009051066728493762,0.0013030775858707616,False
SPOCD1,0.18477444303211588,3.545423193898628,0.0004305610995272158,0.0006390456520363354,False
SPOCK2,0.013692403824285826,0.3234730545277547,0.7464784610270248,0.7678768880666458,False
SPON2,-0.21664766897463128,-2.384651475117335,0.017484218981955735,0.02211007997070459,False
SPOP,-0.20377834148422647,-7.185152429084673,2.5941471193391408e-12,7.358281375933898e-12,False
SPOPL,-0.38595503707504086,-5.510751433332363,5.850790585348875e-08,1.197924933391996e-07,True
SPP1,-0.006037093807319316,-0.10269663583382273,0.9182468061987592,0.9266939688631073,False
SPPL2A,-0.4445091977898219,-6.9677552257806346,1.0723644194854387e-11,2.8996633211391474e-11,True
SPPL3,-0.2115074752698165,-7.426158515872264,5.173639294753229e-13,1.5499389086154083e-12,False
SPRED2,-0.1717217838144487,-3.3674550745826286,0.0008198881138050673,0.0011870652567773467,False
SPRED3,0.251792630868112,9.910189388046506,0.0,0.0,False
SPRY1,0.15006879307481924,2.6567892807740123,0.0081527367885601,0.01070947372190943,False
SPRY4,-0.0423893204458996,-1.2375092437933144,0.216505542124114,0.24210536255971934,False
SPRYD3,-0.20450767927292368,-6.792560849764876,3.283151528421513e-11,8.583436780727964e-11,False
SPSB2,-0.21420728096527508,-5.068113520738692,5.75248467971079e-07,1.0843212408049188e-06,False
SPSB3,0.44011881287386245,11.607316783345428,0.0,0.0,True
SPTA1,1.0192206685027725,13.745036847322893,0.0,0.0,True
SPTAN1,-0.07863078510731558,-3.0505181695534533,0.0024113981983970856,0.0033361633254066813,False
SPTB,1.8900938649463912,23.39939409310147,0.0,0.0,True
SPTBN1,-0.35838947739232463,-4.21070079026489,3.0426448111908755e-05,4.98197947123066e-05,True
SPTBN2,0.43219750828986614,9.637434610181721,0.0,0.0,True
SPTLC1,-0.2795990696950259,-6.163144456759013,1.516644143606527e-09,3.4989432986588393e-09,False
SPTLC2,-0.6363128441162988,-8.890269182173503,0.0,0.0,True
SPTY2D1,-0.309684334780838,-6.963670391683736,1.1009859690602752e-11,2.9742629872432715e-11,True
SQLE,-0.02269281988964922,-0.5539021975750247,0.5799047604832372,0.6087044774928386,False
SQRDL,-0.5296575815117013,-10.823919429740103,0.0,0.0,True
SQSTM1,0.23983761558216798,5.597944920505064,3.661114811315258e-08,7.601366530558841e-08,False
SR140,-0.365767342211182,-8.548402415614357,2.220446049250313e-16,8.732440437457957e-16,True
SRA1,-0.6083483617790808,-11.131291901263355,0.0,0.0,True
SRBD1,-0.30627719060583125,-5.045706377843634,6.430826038350546e-07,1.2074439304932345e-06,True
SRCAP,-0.06694281064214902,-2.216392225991151,0.027134653941056852,0.03363435690810652,False
SRD5A1,-0.07639684486979936,-2.9741545485197114,0.0030865135408422173,0.004220506823001128,False
SRD5A3,-0.47356218288391805,-6.9304854678569034,1.3630874207137822e-11,3.658295433178485e-11,True
SREBF1,0.04117523442658921,1.6318959951044345,0.10335989242120469,0.1202264567100734,False
SREBF2,0.14720831002973567,4.655812116294466,4.18662833379102e-06,7.387526313869296e-06,False
SRF,-0.1666010494625585,-3.3191674617408258,0.0009718274138721394,0.001394776972388883,False
SRGAP1,0.13769455434101818,5.29960755049454,1.775408453585925e-07,3.4934967504025056e-07,False
SRGAP2,0.28456486229146005,7.366464644559738,7.740474927686591e-13,2.285046916761195e-12,False
SRGAP3,0.33914383951163707,10.327711847250622,0.0,0.0,True
SRI,-0.31915159703230334,-8.2189366544285,1.9984014443252818e-15,7.261699128448871e-15,True
SRL,0.27137684925620054,9.522882227539371,0.0,0.0,False
SRM,-0.1762085075864981,-2.6600346033858164,0.008075752028386951,0.010609556069227793,False
SRMS,0.2807436884877088,8.967888033575084,0.0,0.0,False
SRP14,-0.10330798823139098,-2.240268877875631,0.025532114387677662,0.031712791204621414,False
SRP19,-0.3064431510532808,-5.458997705050609,7.705773685806605e-08,1.5630006530517042e-07,True
SRP54,-0.47083101281706874,-7.846487979630042,2.8199664825478976e-14,9.29418996064928e-14,True
SRP68,-0.22188228498935647,-5.100671921637639,4.888707874073361e-07,9.280327290944471e-07,False
SRP72,0.011386962437422099,0.21961540350337638,0.8262644328792648,0.8428746016946733,False
SRP9,0.042214407133807974,0.3767544600300046,0.7065232510953456,0.7302325104860732,False
SRPK1,-0.4373207026361312,-8.460131865665065,2.220446049250313e-16,8.732440437457957e-16,True
SRPK2,-0.5097584294823658,-8.155346900788071,3.1086244689504383e-15,1.1144800889461594e-14,True
SRPR,-0.2732126467627376,-11.25212851031217,0.0,0.0,False
SRPRB,-0.15950860003572442,-3.4696009837433643,0.0005684175598199559,0.0008350467888746425,False
SRRD,1.9773045310890645,22.815870940917385,0.0,0.0,True
SRRM1,-0.38084842026610577,-13.91243160936318,0.0,0.0,True
SRRM2,-0.5137966708367978,-11.755271813479238,0.0,0.0,True
SRRT,0.019464159992548247,0.8533760068615043,0.3938781876137232,0.4243040160032243,False
SRXN1,0.5514914952825318,8.42161954201753,4.440892098500626e-16,1.713723151846858e-15,True
SS18,-0.14663865187158232,-5.5535203752248075,4.652383123193715e-08,9.578338015383092e-08,False
SS18L1,-0.09626242495395498,-1.8623043198752787,0.06317345967746624,0.07528399358832337,False
SS18L2,-0.22646002762621187,-4.1031884119865705,4.790585803760017e-05,7.70601282970418e-05,False
SSB,-0.19769035806883606,-2.676662695447803,0.0076914534593885975,0.010130099748307484,False
SSBP1,-0.513515417962819,-8.694079534598885,0.0,0.0,True
SSBP2,-0.12784862966735,-2.894800561583741,0.003967560253019586,0.0053697951538635436,False
SSBP3,0.9982684349087645,10.38026987948191,0.0,0.0,True
SSBP4,0.08647404981858564,2.741767800104503,0.006340072052235302,0.008405028193083029,False
SSC5D,0.2576228503682434,10.113715645240198,0.0,0.0,False
SSFA2,-0.31991051952585803,-4.59130259533301,5.638827517362444e-06,9.842954110092133e-06,True
SSH1,-0.5192280720028419,-10.839308827390775,0.0,0.0,True
SSH2,-0.46955058234727964,-11.76319874620633,0.0,0.0,True
SSH3,-0.12399943979957984,-4.103734496084272,4.779672300325721e-05,7.690605563270287e-05,False
SSNA1,-0.0273690128212305,-0.8089093175203602,0.41896968707083904,0.4496936102654672,False
SSR1,-0.3521708783321573,-10.831149787298854,0.0,0.0,True
SSR2,-0.46919446160608125,-11.948241893777586,0.0,0.0,True
SSR3,-0.16547047246730973,-3.4440233377563927,0.0006235520991664245,0.000913015969276477,False
SSR4,-0.03621199568175015,-0.6823344330288402,0.49535797286163596,0.5250785395595091,False
SSRP1,-0.04369476115690629,-1.0429085542772827,0.29751773332013354,0.3264533025447341,False
SSSCA1,-0.22421627007169675,-3.817967251635713,0.00015225733161816635,0.0002349118943088211,False
SSTR4,0.08267658910278675,2.915444680076564,0.0037186239430753165,0.005044139095652917,False
SSU72,-0.13243448610476793,-6.010234086743338,3.6780707368677668e-09,8.253983405022366e-09,False
SSX2IP,0.2337716185071228,6.294255844575564,6.995242163299054e-10,1.6532251637062328e-09,False
SSX6,0.12762635116256282,3.9731321429970623,8.187203382781227e-05,0.00012918958324144788,False
SSX7,0.3701092700280002,12.036241313676198,0.0,0.0,True
ST13,1.5085899468332027,21.37812533293778,0.0,0.0,True
ST14,-0.05335465316120791,-1.688509748613854,0.09196554007106261,0.1076795137302877,False
ST20,-0.42476674812647364,-6.295242320074868,6.954286035920632e-10,1.6438830463322339e-09,True
ST3GAL1,0.19925288768928606,4.590792692143197,5.652037143866195e-06,9.864517554574956e-06,False
ST3GAL2,-0.331170409136619,-9.228497519188315,0.0,0.0,True
ST3GAL3,0.010819667459632587,0.38177869797403213,0.7027951559204291,0.7267053322304687,False
ST3GAL4,-0.4131245744299328,-6.951787531245177,1.1885825657032001e-11,3.20189021850682e-11,True
ST3GAL5,-0.0886401170662392,-1.5350282522018341,0.1254384043453991,0.14436257165097935,False
ST3GAL6,-0.20057557009313598,-3.3195020574525707,0.0009706900101082994,0.0013933181590576325,False
ST6GAL1,-0.03626147868028795,-0.45864976579705746,0.6466941287233177,0.6734716272275468,False
ST6GALNAC1,0.15610328975805565,4.534077788653017,7.322218109839795e-06,1.2649164728141062e-05,False
ST6GALNAC2,-0.8187526762265529,-7.7424996827702905,5.861977570020827e-14,1.8845693449363633e-13,True
ST6GALNAC3,-0.34971742660837535,-3.304679479239301,0.0010222810529845194,0.0014633596929698868,True
ST6GALNAC4,1.412937162487875,17.170469139928098,0.0,0.0,True
ST6GALNAC6,0.19526029288351499,8.803528708944127,0.0,0.0,False
ST7,0.24797641325278397,8.192603167896468,2.4424906541753444e-15,8.833610626513593e-15,False
ST7L,-0.22866151262852608,-7.055368068432374,6.077360836798107e-12,1.6715644574755825e-11,False
ST8SIA4,-0.3947056040729846,-5.192971511877545,3.0678497675573624e-07,5.919357030568385e-07,True
STAB1,-0.5623628317836857,-6.1496992378795845,1.6406878078356613e-09,3.7760405311606355e-09,True
STAC3,-0.17449648879383872,-3.974776442079628,8.132652311121369e-05,0.00012837473555458661,False
STAG1,-0.2991431650776937,-7.578379088624078,1.829647544582258e-13,5.673138644964476e-13,False
STAG2,-0.16072650833319724,-3.318423215986701,0.0009743617975221941,0.0013982401327592069,False
STAG3,-0.23268148872797045,-4.102543469109217,4.8035055260742254e-05,7.724637743242915e-05,False
STAG3L1,-0.17180440294454602,-3.547468998000946,0.0004273167675989953,0.0006343938453373922,False
STAG3L2,-0.44718512104993025,-7.499571423180027,3.1397107136399427e-13,9.555172446609908e-13,True
STAG3L3,-0.4471445288376552,-7.849746043259494,2.7533531010703882e-14,9.092853890834232e-14,True
STAG3L4,-0.14492308538817467,-5.831399085432365,1.0130118965889778e-08,2.192574978731386e-08,False
STAM,-0.13597092053564053,-2.380881296113439,0.017662008414169206,0.02231530930380773,False
STAM2,-0.5415190495158231,-10.145151450654899,0.0,0.0,True
STAMBP,-0.42027036831700304,-10.961669078100007,0.0,0.0,True
STAMBPL1,-0.12524496084972903,-2.459749818220746,0.01425630622888474,0.018193927703359553,False
STAP1,-0.13791239111957454,-1.5872311323274153,0.11312145310579558,0.13098572761617003,False
STARD10,-0.15678774031048537,-3.1451774487582673,0.001763272627480994,0.002467938930249522,False
STARD13,-0.016917220422932644,-0.3964774058111654,0.6919297825600295,0.7164993855905231,False
STARD3,-0.11944247020550947,-5.715475694121077,1.9276394480627346e-08,4.0922371548534166e-08,False
STARD3NL,-0.0417683951317569,-0.720089477903663,0.4718218121222477,0.5024420314168597,False
STARD7,-0.30077954912002536,-6.2703023871872565,8.065430545656227e-10,1.8968087883914675e-09,True
STARD8,0.27221270501170247,9.426764300690225,0.0,0.0,False
STAT1,-0.6487693420525122,-5.479201862486647,6.922063811032331e-08,1.4097463408642401e-07,True
STAT2,-0.11435202870683181,-2.435613180648833,0.015230983488144334,0.0193948373645738,False
STAT3,-0.48151219791313604,-12.651096864683725,0.0,0.0,True
STAT4,-0.16767944079712382,-1.8916093166586516,0.059147201231535274,0.07084502557825255,False
STAT5A,-0.7152978247864707,-14.938624304198878,0.0,0.0,True
STAT5B,-0.5936316304950591,-10.48338857300419,0.0,0.0,True
STAT6,-0.18702622223055254,-4.721188884778264,3.0850462962028757e-06,5.488285449569255e-06,False
STAU1,0.5649312381310665,16.691880233681793,0.0,0.0,True
STAU2,-0.16145571547065707,-5.3987523249860425,1.0589326215892925e-07,2.121364324884706e-07,False
STBD1,0.09658381468014898,2.636777738222999,0.008642175423364096,0.01132012948621003,False
STEAP3,0.060678412902715806,0.9028509075044121,0.36705970352194917,0.39715956461293744,False
STEAP4,-0.47687963969041824,-6.034050377076418,3.2078237843791158e-09,7.234366648629762e-09,True
STIL,0.008556745991791903,0.20957060301553265,0.8340921013549751,0.850182011813818,False
STIM1,-0.19305560989566395,-5.094482618359187,5.04261354894453e-07,9.556739958916098e-07,False
STIM2,-0.28487613928909017,-6.8654961477509255,2.0661472532879088e-11,5.4762885896510405e-11,False
STIP1,-0.06490787053770397,-1.1581793785860883,0.2473690953036125,0.27475119166930023,False
STK10,-0.5952995593171657,-12.970793838416613,0.0,0.0,True
STK11,1.136912026970375,17.539852977737795,0.0,0.0,True
STK11IP,0.07986658633440369,3.0260915357452087,0.002610955238103063,0.003597989399175641,False
STK16,-0.00515266116395896,-0.12693434846513516,0.8990457304800739,0.9097872063076492,False
STK17A,-0.02635063312196717,-0.7007609211079686,0.4837931491439189,0.5136706871590747,False
STK17B,-0.3382412235365537,-5.221828385567271,2.648192709564512e-07,5.137172755384576e-07,True
STK19,-0.20587534113230177,-6.2267055910255324,1.043918063103888e-09,2.4346815486725424e-09,False
STK24,0.04950051253714349,2.183106093951195,0.029513654464201178,0.03644203942256762,False
STK25,-0.1562048442743933,-5.028864545748063,6.99095371814451e-07,1.3077102286344042e-06,False
STK3,-0.36075377771417294,-5.376384024959689,1.1907016150836114e-07,2.3762459986396602e-07,True
STK32C,0.1222369181529892,4.826991255787316,1.8680654942926367e-06,3.38496876337217e-06,False
STK35,-0.2886369302927676,-9.43069108877305,0.0,0.0,False
STK38,-0.42947890971646707,-12.006555692674143,0.0,0.0,True
STK38L,-0.16242084832264014,-3.4860081877902873,0.0005354850232852648,0.0007888799057709381,False
STK39,-0.015978131274866136,-0.2814349176469192,0.7784986130940665,0.7981065792302022,False
STK4,-0.5192000613457886,-13.034325597735247,0.0,0.0,True
STK40,-0.11875072108674001,-3.416160222710617,0.0006892706047250119,0.0010063001388881383,False
STMN1,0.04898538474229852,0.4652633412043388,0.6419547435050283,0.6690198760910542,False
STMN3,-0.19254455836229445,-3.3634483706606275,0.0008316001837105347,0.0012031151112988758,False
STOM,0.34200334426147005,3.1817552228609873,0.0015591131470931163,0.00219579708293992,True
STOML2,0.7655300483198841,15.07522468792944,0.0,0.0,True
STOX2,-0.12390960077525959,-2.529923608329614,0.01172882285531629,0.015117411935816083,False
STRA13,-0.13631469430523513,-2.627197948099458,0.008885671493838343,0.011621897347283283,False
STRADA,-0.17954815426450743,-5.782382284133086,1.3314337632408524e-08,2.861874513672584e-08,False
STRADB,2.125555873377305,17.59344922113713,0.0,0.0,True
STRAP,0.4384786516650827,8.003749689733134,9.325873406851315e-15,3.2124621941842196e-14,True
STRBP,-0.08949115043990252,-1.992553530268207,0.04687850411113437,0.05663871290708587,False
STRC,0.2625240384121037,9.672337986860608,0.0,0.0,False
STRN3,-0.23003194246022796,-4.557593861026488,6.57906315804091e-06,1.1425332205257536e-05,False
STRN4,0.031907644469050034,1.229544616604639,0.21947245561551565,0.24528021890318472,False
STS,-0.2535808202953347,-5.652458118047273,2.7226329413210237e-08,5.7156932478725855e-08,False
STT3A,-0.47692358489747555,-7.023748975343632,7.464251439159852e-12,2.0432678785095614e-11,True
STT3B,-0.22312096161452377,-3.82722541604152,0.00014680932285116022,0.00022677974921852146,False
STUB1,0.050614590347612065,1.1775210136176717,0.23957348400467193,0.26665832082808155,False
STX10,-0.36139383316983853,-6.146878545675629,1.6679426728671842e-09,3.837234201868802e-09,True
STX11,-0.5469724707382975,-7.446559666859685,4.505285033928885e-13,1.3546431298832375e-12,True
STX12,-0.37369184515396814,-8.087531438772066,5.10702591327572e-15,1.7929848063097536e-14,True
STX16,-0.27601078872921203,-8.78312988790595,0.0,0.0,False
STX17,-0.14636259950954322,-3.6244790366813935,0.0003205925273641608,0.00048009689582784296,False
STX18,0.07793853872856094,2.07539249811409,0.03848431511538308,0.046870461600137206,False
STX1A,0.11076721734694583,5.05695484294793,6.08116017986049e-07,1.1434685620602838e-06,False
STX2,0.11862091376495565,2.3979575838013445,0.016869263909594423,0.02137936527391552,False
STX3,-0.4309806547443893,-6.813316434304619,2.878897120695001e-11,7.545396116788559e-11,True
STX4,-0.5558497442773112,-14.493006247953064,0.0,0.0,True
STX5,-0.10840789909246995,-4.515565577705168,7.963234523344909e-06,1.3698999174792414e-05,False
STX6,-0.16056030323805093,-5.991778831418183,4.088138272351216e-09,9.149264573385207e-09,False
STX7,-0.16233442779159812,-2.260611656245943,0.02423221092011607,0.030176306766358598,False
STX8,-0.3634263369716404,-6.524820333653609,1.738165167353145e-10,4.302089506390391e-10,True
STXBP1,-0.01548608496557069,-0.5372100527261789,0.5913724695152802,0.6200636697930559,False
STXBP2,-0.4561905324119273,-5.892526163372539,7.185182671065604e-09,1.57140913590288e-08,True
STXBP3,-0.4828962734386941,-5.604200580094831,3.5391997776912376e-08,7.35885238975187e-08,True
STXBP5,-0.3670599526228928,-5.7518282945639125,1.5772424921678407e-08,3.3688589407159946e-08,True
STYX,-0.34603986954599897,-4.700344339795171,3.401797076696411e-06,6.0396579109842726e-06,True
STYXL1,-0.5325206571895462,-9.22607137532684,0.0,0.0,True
SUB1,-0.09544244733382357,-1.321990862237147,0.1868033831026812,0.21069459003312382,False
SUCLA2,-0.1335342922042222,-3.23132208141369,0.0013171951543391458,0.001867417967117861,False
SUCLG1,-0.4849959117015423,-9.502515352472015,0.0,0.0,True
SUCLG2,-0.16823392338809873,-4.841577881169646,1.7419624014358703e-06,3.164931372577254e-06,False
SUCNR1,0.22442372789293552,2.251825680588115,0.024786401803279956,0.030839766944478486,False
SUDS3,0.18587648659419065,6.45629117813024,2.6402013908466415e-10,6.452891962903132e-10,False
SUFU,0.17906195579959627,8.281564250650584,1.3322676295501878e-15,4.939295405467851e-15,False
SUGT1,0.21615297721773263,6.041159736811321,3.0792102201360194e-09,6.9531638303646575e-09,False
SULF2,-0.11282003678444052,-0.7078735230738399,0.4793687633969399,0.5093956444252169,False
SULT1A1,-0.40847268037457507,-5.276837937718451,1.9968912656764815e-07,3.9092777854057426e-07,True
SULT1A3,-0.24714814286728082,-7.273273798451675,1.4455103780619538e-12,4.181525375413272e-12,False
SULT1B1,-0.44852320368806176,-4.6576052287933205,4.151911786598461e-06,7.327694056177166e-06,True
SUMF1,-0.3914414801743513,-6.655088513826053,7.776779220591834e-11,1.9761905987645565e-10,True
SUMF2,0.0063891657587462625,0.234791008310655,0.8144714752364295,0.8321710948419755,False
SUMO1,-0.022958513725008345,-0.6491870769940657,0.5165292175468377,0.5460627805545175,False
SUMO2,-0.26812257507478776,-8.367461563308545,6.661338147750939e-16,2.5382717209375807e-15,False
SUMO3,-0.2266885206557827,-4.859634699113836,1.5971965929839627e-06,2.909251668972528e-06,False
SUN1,-0.2772163496492448,-3.634678690799669,0.0003085016105159877,0.00046295336783919514,False
SUN2,-0.3794106486539093,-12.00708164300537,0.0,0.0,True
SUOX,-0.320012156371583,-8.275810932595913,1.3322676295501878e-15,4.939295405467851e-15,True
SUPT16H,-0.36514183461356886,-7.392309254746623,6.503686478254167e-13,1.9318196117331033e-12,True
SUPT3H,0.09718609386658361,3.123125402800968,0.001897989394462396,0.0026484481931934997,False
SUPT4H1,-0.10187868374895181,-3.8196352856962212,0.00015126187614078468,0.00023350114597503333,False
SUPT5H,0.12997644375968642,5.97298402652343,4.551535370822535e-09,1.014103209603574e-08,False
SUPT6H,-0.1748067359474934,-6.361349776020526,4.684097554275013e-10,1.1250233471162192e-09,False
SUPT7L,-0.1842978076033308,-4.141148050212955,4.085764910977119e-05,6.615676976320696e-05,False
SUPV3L1,-0.09043140548755613,-2.4039445590251183,0.01659883824871966,0.021066771461767494,False
SURF1,-0.11626570195354091,-3.382841988009733,0.0007763223884023063,0.0011271058220325393,False
SURF2,-0.048071462532377485,-1.2790767213391667,0.2014905335487791,0.2263697899101128,False
SURF4,-0.22052187058640005,-4.967884969961371,9.440891390877226e-07,1.7467013802042206e-06,False
SURF6,-0.008373257210330554,-0.23246305767589318,0.8162778600361289,0.8337948629738555,False
SUSD1,-0.17643539868859648,-3.505253451084012,0.0004991307521968746,0.0007369247801276338,False
SUSD3,-0.011129898895291923,-0.110117397576679,0.912362480543657,0.921805404208612,False
SUV39H1,-0.034237572994115784,-1.1992069730908637,0.23104151261865047,0.25760983291590694,False
SUV39H2,0.25139276160826585,7.9804709730388,1.0880185641326534e-14,3.7189572226243426e-14,False
SUV420H1,-0.38379484770868455,-10.547693338023702,0.0,0.0,True
SUV420H2,0.11960245484123666,4.403431497035139,1.3157788992579356e-05,2.219425558727802e-05,False
SUZ12,-0.20718438273878537,-3.8461567647659756,0.0001362370922348699,0.00021107129326879172,False
SVIL,-0.5645819412977611,-10.298941274523715,0.0,0.0,True
SVIP,0.16889993242662893,1.9542721222282515,0.05125162865045163,0.06167650547686506,False
SWAP70,-0.45230449502934267,-7.232385572408519,1.8973711490843925e-12,5.432716447005498e-12,True
SYAP1,-0.17929932721277098,-4.555293696750668,6.6484304743763545e-06,1.1533625095533318e-05,False
SYCE2,0.29756478139367726,10.561234824691066,0.0,0.0,False
SYCP2,-0.17003396858654263,-2.693998862328009,0.007308372113561168,0.009642095793850771,False
SYDE1,0.22734612530077092,9.865191265449006,0.0,0.0,False
SYF2,-0.24747847702840264,-7.922898535646441,1.6431300764452317e-14,5.527808221545743e-14,False
SYK,-0.4850811326986726,-11.562848997301659,0.0,0.0,True
SYMPK,0.022474976869105934,0.9858286979523752,0.3247158432666277,0.35454045484249147,False
SYN2,-0.2815174925192121,-5.501852332287994,6.135449348576572e-08,1.2544238737354195e-07,False
SYNCRIP,-0.2659638295037694,-7.42431662884356,5.238032230181489e-13,1.5675992013369854e-12,False
SYNE1,-0.49030934179673125,-7.664862689598222,1.0058620603103918e-13,3.182237042767208e-13,True
SYNE2,-0.08877686644461669,-1.300276813039791,0.1941326126252707,0.2185509738888285,False
SYNGR1,0.036010850032661246,1.0860646500156874,0.27799770833725157,0.3064946020613324,False
SYNGR2,-0.5154526151717755,-10.174741382469547,0.0,0.0,True
SYNJ1,-0.4408408347312456,-5.394348777466179,1.0837008423969507e-07,2.167755133236108e-07,True
SYNJ2,-0.24600585148041576,-3.911584752878269,0.00010497522656427449,0.00016427246770736012,False
SYNJ2BP,-0.04502682078500353,-1.4521441772085864,0.1471174811742575,0.16793640527661005,False
SYNM,0.2931831506363096,11.429858683929483,0.0,0.0,False
SYNPO,0.25280109241395987,8.859456180889321,0.0,0.0,False
SYNPO2,0.5479478359295475,14.529460482903223,0.0,0.0,True
SYNRG,-0.16918077657273,-7.504398926751554,3.0375701953744283e-13,9.266358866662615e-13,False
SYP,0.24602276603379636,6.916956651972938,1.486744061196532e-11,3.980893733361891e-11,False
SYPL1,-0.3378891762473213,-5.134618373148794,4.122110979221105e-07,7.866566661638156e-07,True
SYS1,-0.250011867496561,-7.930632835930212,1.554312234475219e-14,5.235123575707617e-14,False
SYT11,-0.3885588423080515,-7.041007341849928,6.672662422602116e-12,1.832675213303619e-11,True
SYT17,0.11526457152085046,4.060633762028134,5.717882882816383e-05,9.140201627416308e-05,False
SYT5,0.2349871131851149,8.102277227202025,4.440892098500626e-15,1.5648405042101167e-14,False
SYT8,0.2608626706856172,9.462598786167586,0.0,0.0,False
SYTL1,-0.4767707447883476,-8.574288445788214,2.220446049250313e-16,8.732440437457957e-16,True
SYTL2,-0.07912528931685037,-1.6567985085930903,0.0982163178013522,0.11456746984848365,False
SYTL3,-0.3811579088639192,-5.058350097473497,6.039091164922183e-07,1.1359289864261697e-06,True
SYTL4,0.21066267256182858,4.169219982511808,3.6292601911736e-05,5.9038904310307436e-05,False
SYVN1,-0.36512322450995605,-7.579784032146059,1.8118839761882555e-13,5.622600086668242e-13,True
Septin 1,-0.030104764176086984,-0.8343378722080838,0.40450732346137275,0.43502192689305874,False
Septin 11,-0.09341051789212029,-2.4980225782689884,0.012823712716381941,0.016447650237167752,False
Septin 14,-0.3061023480424634,-5.793215712743181,1.2535869453600412e-08,2.7000875137625868e-08,True
Septin 2,0.037262745772961736,1.0776674110739526,0.2817256815188536,0.3102780500445238,False
Septin 5,0.2509816993976073,6.98478907026207,9.60675983208148e-12,2.6037709766058014e-11,False
Septin 6,-0.3214718888625061,-6.822579666827789,2.7146507264319553e-11,7.129517035515206e-11,True
Septin 7,-0.285200416323395,-5.594346632350333,3.7330817992398124e-08,7.745203394352198e-08,False
Septin 8,0.10298662425446503,4.267634288323562,2.383015865903282e-05,3.941694393931635e-05,False
Septin 9,-0.33110623410426676,-9.170510023517199,0.0,0.0,True
TAB1,-0.10105615762439957,-2.9981277056391575,0.0028579370597161535,0.003920983443410002,False
TAB2,0.09412409281577538,1.776174748920794,0.07634006760638856,0.09016315377401722,False
TAB3,0.36274968132919305,9.672691595959478,0.0,0.0,True
TACC1,-0.4948441396543446,-12.22008440836887,0.0,0.0,True
TACC3,-0.26160269578663975,-9.782773344477173,0.0,0.0,False
TACO1,-0.06574848443186054,-1.9329763601062564,0.05382932601386048,0.06467042202270117,False
TACSTD2,-0.03862777843417575,-0.29060985919619636,0.7714757425175245,0.7913998644633864,False
TADA1,0.005476488063029361,0.1863876730885545,0.8522198225720812,0.8668951021024199,False
TADA2B,-0.21905453720205692,-5.537071642423974,5.081976950371825e-08,1.043667186509771e-07,False
TADA3,-0.20967338032009764,-5.923241961557841,6.0394862444468345e-09,1.3301881845082807e-08,False
TAF1,-0.20505901727571763,-6.429858009946059,3.099238643500257e-10,7.53326227779689e-10,False
TAF10,-0.16862856237231405,-5.600456465905014,3.6116847734746216e-08,7.505501877260357e-08,False
TAF11,-0.3016637969966265,-6.577949638363018,1.2539924654220158e-10,3.1326695313806553e-10,True
TAF12,-0.6058995082217482,-10.168270661243573,0.0,0.0,True
TAF15,-0.4277477552023532,-9.179623687636491,0.0,0.0,True
TAF1B,-0.20169986136881013,-6.238760622303766,9.72185443259832e-10,2.2733666506110447e-09,False
TAF1C,-0.30870326275111326,-7.620284577026275,1.3700152123874432e-13,4.3000559213871824e-13,True
TAF1D,-0.17643222920432722,-3.804072614821908,0.0001607931593898826,0.00024741870197863446,False
TAF2,-0.31905035036481433,-9.386140241766716,0.0,0.0,True
TAF3,-0.08542146532872597,-3.4564788523168017,0.0005961078620562166,0.0008743876815262394,False
TAF4,-0.08542292224432213,-1.4691876723686481,0.14243961299239283,0.16287094521137313,False
TAF5,-0.17153895638465988,-4.267481992614728,2.3845828063251417e-05,3.943719934825457e-05,False
TAF5L,7.39940014513607e-05,0.002992550416225992,0.9976135420940069,0.9977001555288127,False
TAF6,0.003167136997326292,0.1013727228322753,0.9192970906286524,0.9275913793755647,False
TAF6L,0.21665276671908584,6.831163999947063,2.570677004598565e-11,6.76682550639188e-11,False
TAF7,-0.026678235493537983,-0.42012264537693655,0.6745846167193088,0.7001748242917389,False
TAF8,-0.16657823994880339,-5.802040346083276,1.1934699228888235e-08,2.5734893376556266e-08,False
TAF9,-0.10229535926002065,-2.0628587205693085,0.03966555460881671,0.04823770307632598,False
TAF9B,-0.002460055826499108,-0.06615859317001072,0.9472792196551909,0.9529044914163082,False
TAGAP,-0.26639953195189836,-3.374559291373571,0.0007994982629799807,0.0011595845493913874,False
TAGLN,0.07023497406318224,2.0085769280905996,0.04514386651717128,0.05465183377943206,False
TAGLN2,-0.20121913354349985,-2.7024374226378476,0.007128190925959732,0.009409767508151519,False
TAL1,1.1555954715311545,12.951068473715058,0.0,0.0,True
TALDO1,-0.46818693119825827,-7.013000607876524,8.003375739917828e-12,2.1861722823835302e-11,True
TANC2,-0.08130180953272559,-1.7836748013425021,0.0751107517256644,0.0887658509416157,False
TANK,-0.15249862272150772,-2.2896792473619043,0.02247480699081117,0.02810631871969969,False
TAOK1,-0.5999361382692556,-13.056353274382205,0.0,0.0,True
TAOK2,0.08905459653257441,2.5313783403804813,0.011680939378564181,0.015062435990337044,False
TAOK3,-0.6949348789277021,-17.0415762888745,0.0,0.0,True
TAP1,-0.7064400358744853,-7.74654286252439,5.706546346573305e-14,1.8366501080239704e-13,True
TAP2,-0.6541402789364614,-6.314852191583759,6.187166334825633e-10,1.467970525455334e-09,True
TAPBP,-0.5242586839480659,-13.198341132754853,0.0,0.0,True
TAPBPL,-0.49285809205102105,-9.20190926170568,0.0,0.0,True
TAPT1,-0.04539450110938459,-1.738093692486648,0.08283818682069466,0.09744823059513703,False
TARBP1,-0.03423092736658351,-1.0460396216814565,0.29607133232785166,0.3251139825628716,False
TARBP2,0.0611789426526288,1.8234150034469363,0.06886484163912954,0.0816777296994577,False
TARDBP,-0.5195925849836627,-12.5341346309481,0.0,0.0,True
TARM1,0.13110013861673675,3.462637838555421,0.0005829579375904448,0.0008557528333253897,False
TARP,-0.07877723168644568,-0.5653882165641836,0.5720749764654145,0.6009239151837599,False
TARS,0.29146572513500324,5.404085238527028,1.029672269670101e-07,2.066340570440748e-07,False
TARSL2,-0.0027513213321102015,-0.10397553850583019,0.9172323651377385,0.926004908687013,False
TAS1R1,0.27714518235207697,11.939625923748821,0.0,0.0,False
TAS1R3,0.3682621053949875,12.112519158498344,0.0,0.0,True
TATDN1,-0.09919059727637336,-2.4263510519431346,0.015620352039603436,0.019864300634156767,False
TATDN2,-0.4086132118341732,-11.099661935069193,0.0,0.0,True
TATDN3,-0.18136028289351325,-5.946033704404965,5.306614481170868e-09,1.1755171578578314e-08,False
TAX1BP1,0.3709628995186023,7.1731814935595235,2.807309940067171e-12,7.945307911457921e-12,True
TAX1BP3,-0.04876103375045737,-0.7617524070895213,0.44658340979031075,0.4772422578508757,False
TAZ,-0.3196269881331757,-6.9900394988217975,9.286127422569734e-12,2.52048679341152e-11,True
TBC1D1,-0.49206876081078565,-12.414132482720103,0.0,0.0,True
TBC1D10A,-0.3502399757363115,-9.829418415855274,0.0,0.0,True
TBC1D10B,-0.2504083133023087,-5.838558245799312,9.732146644125805e-09,2.1088976976646326e-08,False
TBC1D10C,-0.7866265515581814,-13.86808915926926,0.0,0.0,True
TBC1D13,0.002850692755152373,0.09959125614975423,0.9207105833659528,0.9286109105850985,False
TBC1D14,-0.29457540276570704,-8.145210477542456,3.3306690738754696e-15,1.1896426995960166e-14,False
TBC1D15,-0.04926389385529539,-0.7000349420623522,0.48424599019141223,0.5141041070059794,False
TBC1D17,0.40507295656605313,13.311986228078892,0.0,0.0,True
TBC1D2,-0.6584136766990438,-11.720250155833723,0.0,0.0,True
TBC1D20,-0.04498089008777839,-1.37851899284532,0.16868783560474543,0.19130798250773481,False
TBC1D22A,-0.1641527921261967,-7.154944643965844,3.1659119770210964e-12,8.903354507643069e-12,False
TBC1D22B,0.9724230377783378,19.216663249911953,0.0,0.0,True
TBC1D23,-0.15955344041673225,-2.848416006428289,0.004583147665686571,0.006167439014140609,False
TBC1D24,0.24512256591985437,8.249087536873887,1.5543122344752192e-15,5.7274864455918265e-15,False
TBC1D25,0.2874834975502578,10.403503492105642,0.0,0.0,False
TBC1D26,0.33532601192382705,9.910736458420578,0.0,0.0,True
TBC1D2B,-0.608645576326631,-12.102419662566932,0.0,0.0,True
TBC1D3,-0.1213777709802617,-2.4647458044944006,0.014061596857860792,0.01796135886068956,False
TBC1D4,-0.09704048195511294,-2.1400295940006564,0.03285788122417799,0.04036364869588421,False
TBC1D5,-0.44225623902006195,-9.928179062480414,0.0,0.0,True
TBC1D7,-0.2884355169906332,-4.540533304235447,7.110557511014193e-06,1.2294583003508328e-05,False
TBC1D8,-0.43210998045802906,-4.488158746382281,9.011943384651389e-06,1.544540631569697e-05,True
TBC1D9,-0.22307583160892097,-2.369649000773805,0.018201143133217856,0.02296625783235146,False
TBC1D9B,0.0355655824247445,1.5056294268515484,0.132822740339684,0.1522373279574945,False
TBCA,-0.2834764559178691,-4.225886401517967,2.8514263001877538e-05,4.682192380878508e-05,False
TBCB,-0.4932025612298032,-9.43806700610195,0.0,0.0,True
TBCC,-0.2532970300019537,-7.808560134205075,3.68594044175552e-14,1.2031268900136536e-13,False
TBCD,-0.14805787813808813,-3.7510581885155907,0.00019769227994470562,0.0003019381294992129,False
TBCE,-0.09072797737269633,-2.553876320754717,0.01096223659443507,0.014181716456794427,False
TBCEL,0.7914716536576498,19.733477283141777,0.0,0.0,True
TBCK,-0.3089283698130729,-5.581225454425262,4.0073547813435084e-08,8.296319145631897e-08,True
TBK1,-0.41670008663208424,-5.6184139601948075,3.2766987345667076e-08,6.835257646409617e-08,True
TBKBP1,-0.3976433437353277,-8.249615540029948,1.5543122344752192e-15,5.7274864455918265e-15,True
TBL1X,-0.624772874704079,-12.196082578950437,0.0,0.0,True
TBL1XR1,0.4533638958329007,11.932921613922234,0.0,0.0,True
TBL2,-0.1396749032744875,-4.851006216974196,1.6648635263738498e-06,3.02771754977903e-06,False
TBL3,-0.09785666968365181,-3.4334665555035353,0.000647731375566174,0.0009474562177964137,False
TBP,-0.2427119343642472,-7.549638321126269,2.2293278334473143e-13,6.864375117209199e-13,False
TBPL1,0.7341298386884558,13.450661355451228,0.0,0.0,True
TBRG1,-0.3693958452268231,-14.323561010890554,0.0,0.0,True
TBRG4,-0.04958671372650825,-1.3501411160608536,0.1776095710768102,0.2009315114156135,False
TBX1,0.22429545335496925,8.079087027521055,5.329070518200751e-15,1.867525503472907e-14,False
TBX15,0.2628403246120645,8.216613650655967,1.9984014443252818e-15,7.261699128448871e-15,False
TBX19,-0.27225977672995816,-6.707798050489833,5.596545449293444e-11,1.4377031005890094e-10,False
TBX21,-0.07919033358983896,-0.8663254336958478,0.3867462945850382,0.4170502309796906,False
TBX6,0.32004599622295027,12.791357903151749,0.0,0.0,True
TBXA2R,0.2731062400022921,6.166177417953481,1.4899566025405875e-09,3.4401303076097468e-09,False
TBXAS1,-0.49499566271308915,-11.279262450992945,0.0,0.0,True
TC2N,0.014980182022902078,0.3877976715099115,0.6983383746601151,0.7223562982857278,False
TCAP,0.2594270481646035,9.220659124345175,0.0,0.0,False
TCEA1,0.6098042299371382,10.401642481505071,0.0,0.0,True
TCEA2,0.09047964121898744,4.600674701534184,5.401247800573827e-06,9.441118879333826e-06,False
TCEA3,0.031653130173624255,1.3436925877940318,0.17968521102709967,0.2031599868297174,False
TCEAL1,0.023192985448345027,0.7530354482746104,0.45179927167663636,0.48254759484869486,False
TCEAL3,-0.08061574380706915,-1.7858805101960669,0.07475232043184032,0.08835132147079507,False
TCEAL4,-0.13258143661335264,-3.360010922921104,0.0008417721361650976,0.0012164563086796837,False
TCEAL8,0.02212486889194265,0.5080074969075634,0.6116823926236341,0.6397865686580987,False
TCEANC,0.3158657777196745,6.328345743211519,5.708076233901238e-10,1.3590601516806191e-09,True
TCEB1,-0.24925743807628908,-4.795599227969392,2.1699817434051027e-06,3.908681736088097e-06,False
TCEB2,0.5055092473254987,12.174985969696248,0.0,0.0,True
TCEB3,-0.18656304027961523,-6.614430746830176,1.0009304496350069e-10,2.5251243647274734e-10,False
TCERG1,-0.11656816585281815,-3.322892228451009,0.0009592352126224224,0.0013777344656106837,False
TCF12,-0.21484709404287772,-5.519768059479283,5.5754798999885224e-08,1.1427749638428431e-07,False
TCF19,0.2859253886514712,10.63780782410864,0.0,0.0,False
TCF20,-0.3344983445302372,-8.456472849742248,4.440892098500626e-16,1.713723151846858e-15,True
TCF23,0.29335888449460734,11.107169729896482,0.0,0.0,False
TCF25,-0.4850945868446104,-11.262227071059002,0.0,0.0,True
TCF3,1.0388084177029313,18.88768339192182,0.0,0.0,True
TCF4,-0.27272299671314926,-4.92102874646451,1.1867732052639468e-06,2.1806413385604408e-06,False
TCF7,0.014733627434573737,0.22443081259995648,0.8225179841696528,0.8394245290732906,False
TCF7L1,0.39875989373868004,15.0230326021623,0.0,0.0,True
TCF7L2,-0.5477881376138813,-9.541754845841153,0.0,0.0,True
TCFL5,-0.19578132780973245,-5.586326228344154,3.8984801387087487e-08,8.081085606943688e-08,False
TCHP,-0.44908945950123336,-9.98132977319069,0.0,0.0,True
TCIRG1,-0.6464971926427161,-14.316331756074415,0.0,0.0,True
TCL1A,-0.034453237090908306,-0.42286976471993176,0.6725804276959906,0.6982833660775227,False
TCN1,0.16767644122329806,0.9919550221666922,0.32172126102511345,0.3514373831909229,False
TCN2,-0.06979583758374774,-1.269426763473458,0.20490650938244825,0.2299832487164008,False
TCOF1,-0.04397907188931027,-1.4110959210312588,0.1588667533185133,0.18077507966768297,False
TCP1,-0.2468663481023592,-4.787494674641592,2.255257585126458e-06,4.060380138023081e-06,False
TCP10L,0.20269582707036582,6.6635541100790565,7.377543020936628e-11,1.8784685689250446e-10,False
TCP11L2,1.4509346882758716,17.48714637935453,0.0,0.0,True
TCTA,-0.12054083363928836,-3.132088188178681,0.0018421306221079181,0.002573308590354246,False
TCTE1,0.23304271660697795,8.075646993841318,5.551115123125783e-15,1.942384419905404e-14,False
TCTEX1D1,0.0021593645089184044,0.029481264668244633,0.9764930640979901,0.9787021321974027,False
TCTN1,-0.13210042373521969,-3.5567439241265904,0.00041289331273075547,0.0006134551875848798,False
TCTN3,-0.18318825417334672,-5.664838127322056,2.5446959872610364e-08,5.355810903939316e-08,False
TDG,-0.4830144030124002,-6.6706360639745474,7.059064444092655e-11,1.8009604281617563e-10,True
TDGF3,0.30422916538402767,10.187745658529543,0.0,0.0,True
TDP1,-0.11768299451648856,-2.938719924872813,0.0034550996967441794,0.004699408833014075,False
TDP2,-0.4280905130987893,-5.074271349220157,5.578533310846012e-07,1.0523931412976616e-06,True
TDRD7,-0.6734634086106226,-8.262714522300174,1.3322676295501878e-15,4.939295405467851e-15,True
TDRD9,-0.5077955898253004,-3.6573099413271555,0.00028318645876379556,0.0004262970228045166,True
TDRG1,0.1539060886753778,5.0350877372357905,6.778697592135785e-07,1.2700686005825e-06,False
TEAD1,-0.0034983133608412764,-0.11705207423609924,0.906867945318286,0.9167364512611967,False
TEAD2,0.15052791004434152,5.312009134845002,1.6649980705274459e-07,3.2857825551491606e-07,False
TECPR1,-0.449703106183609,-10.721782969434546,0.0,0.0,True
TECPR2,-0.3245411840192425,-8.676048015678846,0.0,0.0,True
TECR,-0.38511823947840806,-5.212504771033037,2.777299408229794e-07,5.376758299730925e-07,True
TEF,0.1410182544790417,5.180740709974207,3.2645432979094835e-07,6.283086758332388e-07,False
TEKT4,0.2680769037460049,8.115607915568763,4.218847493575595e-15,1.4897886044910262e-14,False
TELO2,0.27841161074633236,9.015558090006955,0.0,0.0,False
TEP1,-0.49829391267957934,-10.722025289953857,0.0,0.0,True
TERF1,-0.4115379144087705,-9.975389927684379,0.0,0.0,True
TERF2,-0.16827405910437943,-5.163839739440581,3.5565500766665537e-07,6.831399088397871e-07,False
TERF2IP,1.111239750075324,20.602999424284924,0.0,0.0,True
TES,-0.580145429112239,-12.685825615819903,0.0,0.0,True
TESC,0.9498479563783704,15.019114913884541,0.0,0.0,True
TESK1,0.0715798827588423,2.262715522048901,0.024101116034485726,0.03002928670646199,False
TESK2,-0.30366904719777654,-6.553934647747786,1.453788200933559e-10,3.6207970349305227e-10,True
TET2,-0.3071698826691973,-4.212151490075001,3.0238621982148217e-05,4.9533374091633296e-05,True
TET3,-0.4978422590729181,-6.629843981027488,9.097367303922965e-11,2.3016159449569216e-10,True
TEX10,-0.26761923732328974,-6.170347127498942,1.4540146864305825e-09,3.3591646957468673e-09,False
TEX2,0.2178063835275088,3.3742010929187805,0.0008005149250549515,0.0011607667952804614,False
TEX261,-0.07023822628487286,-2.6566441543365866,0.008156194783949022,0.01071279449444798,False
TEX264,-0.27192923282767767,-7.420541379573008,5.373479439185758e-13,1.6068823899268105e-12,False
TF,0.6734015502305253,14.8410501273729,0.0,0.0,True
TFAM,-0.19094938492831037,-6.196217522365057,1.2492336054492625e-09,2.901193931687511e-09,False
TFB1M,-0.12308612795867191,-4.5422660702278295,7.054751317792096e-06,1.2207252580689073e-05,False
TFB2M,-0.16188245633580012,-3.343923184862188,0.0008909354324069252,0.0012836379294428233,False
TFCP2,-0.18492932061854805,-5.128054980944864,4.260626684793323e-07,8.12283329727479e-07,False
TFDP1,1.504681853281875,18.059681394992545,0.0,0.0,True
TFDP2,0.9138399677802274,16.0076674442161,0.0,0.0,True
TFE3,0.017594810044199605,0.6846936298878067,0.4938690740457299,0.5236448696550775,False
TFEB,-0.4742831906169771,-8.995489671062343,0.0,0.0,True
TFEC,-0.20770774487185228,-2.955265848860886,0.0032782584930257652,0.0044720819020800315,False
TFF3,-0.012722383648938518,-0.0981473349019753,0.9218564375620708,0.9296851956117574,False
TFG,-0.4723233019570552,-8.777857484055597,0.0,0.0,True
TFIP11,-0.5838756937682508,-12.156521826064198,0.0,0.0,True
TFPI,0.269293144184489,4.189849655053092,3.325205977477985e-05,5.42228873932176e-05,False
TFPT,-0.1912315345063087,-4.658257073669652,4.139360102017875e-06,7.308597335245846e-06,False
TFR2,1.0849648553910578,19.281054800293568,0.0,0.0,True
TFRC,1.0828687182948542,9.676708222418291,0.0,0.0,True
TGDS,-0.2537189433780891,-5.014704700237663,7.49811567501979e-07,1.3978118540306353e-06,False
TGFA,-0.49338084951384076,-5.119716207759749,4.443118919450484e-07,8.459551542669442e-07,True
TGFB1,-0.4261029755434462,-8.239681869166317,1.7763568394002505e-15,6.487588596401866e-15,True
TGFB1I1,0.2875784746736749,5.454960745637855,7.872387075558152e-08,1.5953910401716106e-07,False
TGFBI,-0.5591555865019306,-4.819164539261149,1.939309684839685e-06,3.509096490679914e-06,True
TGFBR1,-0.21299851305559425,-3.026348641581142,0.0026087781501111795,0.0035954194198529166,False
TGFBR2,-0.4241838269475471,-10.154874238476491,0.0,0.0,True
TGFBR3,-0.1729386421032113,-2.0364857839610018,0.04225214108767883,0.0512696105750524,False
TGFBRAP1,-0.23865849092782287,-6.126121282942469,1.882580979994941e-09,4.313795565657793e-09,False
TGIF1,0.01816106811045959,0.3715691537783742,0.7103782817899527,0.7339534871233712,False
TGIF2,-0.25313347472759906,-5.769579726180443,1.429515794626468e-08,3.0641221507819655e-08,False
TGM2,1.0133233701554811,19.6759097119559,0.0,0.0,True
TGM3,-0.008274346881058214,-0.28016408344241867,0.779472807692291,0.7989630959074124,False
TGOLN2,-0.6024020123151468,-16.823939743468706,0.0,0.0,True
TGS1,-0.2679703197511567,-7.930308635038291,1.554312234475219e-14,5.235123575707617e-14,False
TH1L,-0.2029533436558486,-3.7074783902747352,0.00023386017383275615,0.0003545453201341824,False
THADA,-0.186288535109008,-4.036987992469279,6.304419930636129e-05,0.0001004434483831225,False
THAP1,-0.1819760553602956,-4.076264279242302,5.3590423659821695e-05,8.585647985222339e-05,False
THAP11,0.42905259638782756,9.073299830871536,0.0,0.0,True
THAP2,-0.016226930102937853,-0.5340353142692297,0.5935653322911025,0.6221364024259518,False
THAP3,-0.06048167964234574,-2.1238925043316996,0.034191931152857125,0.041892609618316194,False
THAP4,-0.39566589796450113,-10.46523284069456,0.0,0.0,True
THAP5,-0.14473697186298118,-1.9200471670180115,0.05544664212200656,0.06653019485452016,False
THAP6,-0.3230939883752719,-8.341149145879658,8.881784197001252e-16,3.353302922492869e-15,True
THAP7,-0.03426259792076003,-1.1982880302165835,0.2313986029993571,0.2579830147066971,False
THAP8,-0.20198656126842618,-5.923478773922029,6.031386279303774e-09,1.3286582243507397e-08,False
THBD,-0.3251752031229147,-5.511732239722432,5.820214044049976e-08,1.1920882925571066e-07,True
THBS1,0.15981266884896606,1.5386652463667043,0.12454762759641191,0.14339471487087144,False
THBS3,-0.08997531668790959,-2.2940026669156,0.02222314610713605,0.027809714286594258,False
THEM4,-0.06929123598720643,-1.8781439895191931,0.060969883042460093,0.07289175742253222,False
THEM5,0.4372670317770724,8.6910311931445,0.0,0.0,True
THEMIS,-0.05776574338651619,-0.60487408587447,0.545549649723186,0.5746855432246346,False
THOC1,-0.00568731464793526,-0.10389879913244532,0.9172932319409575,0.926004908687013,False
THOC2,-0.31814795235790827,-11.793755142642253,0.0,0.0,True
THOC4,-0.5437180616014965,-8.897400382573366,0.0,0.0,True
THOC5,-0.4951477836260141,-9.41710985277753,0.0,0.0,True
THOC6,-0.15863102690498643,-3.6666380719189764,0.0002733314782581431,0.0004118384954945128,False
THOC7,0.46438478645476433,8.725788856764899,0.0,0.0,True
THPO,0.17185176674083102,6.185605264329546,1.3295773371169162e-09,3.079710707068119e-09,False
THRA,0.09421788310548385,3.782839808189349,0.00017471430758342343,0.0002679805737754267,False
THRAP3,-0.23029434345925992,-6.4989735885857245,2.0358359442695928e-10,5.012995776409029e-10,False
THRB,-0.07108888648294887,-1.9479146311290199,0.05201007292539073,0.06256961149113063,False
THTPA,0.21738031301375393,6.989981843748156,9.289680136248535e-12,2.5207968313179475e-11,False
THUMPD1,-0.47045132095485886,-9.055643571464467,0.0,0.0,True
THUMPD3,-0.13912895651724666,-3.501879505200448,0.0005053325207873272,0.0007459855577276973,False
THYN1,-0.575438833120403,-7.868693462263214,2.4202861936828413e-14,8.027433534417692e-14,True
TIA1,-0.156809449142143,-3.2405135131719156,0.001276347738505823,0.001813301628003031,False
TIAL1,-0.010994582707235523,-0.2913449787314888,0.77091385589969,0.7908950576794385,False
TIAM1,-0.3650352638051477,-4.064919186709008,5.6172908523111076e-05,8.989382235033571e-05,True
TIAM2,-0.3507717532821153,-3.6474473975572765,0.00029396868917097585,0.00044171997528834735,True
TICAM1,-0.2921101857598898,-6.554914749416569,1.4450551866218575e-10,3.5998249772268983e-10,False
TICAM2,-0.6180568179884514,-8.707192915111532,0.0,0.0,True
TIE1,0.2607650191220636,9.46714299647336,0.0,0.0,False
TIFA,-0.48569329322058064,-4.674233320162788,3.8428868911477565e-06,6.802860626883511e-06,True
TIGD3,-0.17686884830717808,-2.516638158325429,0.012174267680629791,0.015660009984720776,False
TIGIT,-0.0222471371879851,-0.6612976624847579,0.5087400160280628,0.5382728248945766,False
TIMM10,-0.24225298219389124,-3.161998105117968,0.001666504942674285,0.0023396063905746604,False
TIMM13,0.13372404532373805,5.2706428316881455,2.0616461804401354e-07,4.0319358832750285e-07,False
TIMM16,-0.048197304955286846,-1.3839826596265081,0.16700952609386488,0.18957259864753936,False
TIMM17A,-0.21609760961193292,-4.061366657788442,5.7005591113767906e-05,9.115038923368857e-05,False
TIMM17B,-0.0489215799837357,-1.2707082249976878,0.2044504696445446,0.22953511870238671,False
TIMM44,0.14379815007171937,5.111079982967113,4.640087103435775e-07,8.821449635992192e-07,False
TIMM50,-0.0476925973307778,-1.66736406395569,0.09609692304833994,0.11227715352407219,False
TIMM8B,-0.07264671816939483,-1.8762963559824455,0.061223584789606766,0.07315008220395378,False
TIMM9,-0.05647576670819099,-1.4549671598275211,0.1463346273595918,0.16714214898910637,False
TIMP1,-0.3645360192833049,-5.0450775362086375,6.450937226620823e-07,1.2110225865946098e-06,True
TIMP2,-0.682702925621558,-13.739996397893943,0.0,0.0,True
TINF2,-0.5326545029345029,-12.592183374105835,0.0,0.0,True
TIPARP,-0.6478739120693815,-7.696497136192842,8.08242361927114e-14,2.573284623283147e-13,True
TIPRL,-0.3227132550329732,-8.435347855710312,4.440892098500626e-16,1.713723151846858e-15,True
TIRAP,-0.2159213851266477,-7.11183941890064,4.2021941482062175e-12,1.1700525596612864e-11,False
TJAP1,-0.18818179914417943,-5.061866995356751,5.934296241072445e-07,1.116947032694665e-06,False
TJP2,-0.1393306960122973,-3.258369590012242,0.0012003269535678651,0.0017086710551344833,False
TK1,0.4652846837646387,8.429396296347711,4.440892098500626e-16,1.713723151846858e-15,True
TK2,-0.419645556593768,-11.836853995315495,0.0,0.0,True
TKT,-0.5345265861727633,-11.793018661388581,0.0,0.0,True
TKTL1,-0.2058386021357954,-3.5055918696518815,0.0004985126371048754,0.0007362009060014179,False
TLE1,0.067530186149944,0.9503090779009282,0.3424353948160124,0.37242746577161934,False
TLE3,-0.7795897384931445,-11.913568484315809,0.0,0.0,True
TLE4,-0.34535206986566,-9.017530449564171,0.0,0.0,True
TLK1,-0.09270830888129833,-1.656956252225563,0.09818440208463786,0.11455344146793715,False
TLK2,-0.2568159366384588,-11.537867769257304,0.0,0.0,False
TLN1,-0.39174125546101823,-6.8078447248732115,2.98046032298771e-11,7.805006687683371e-11,True
TLR1,-0.5909082293669554,-9.325186305489366,0.0,0.0,True
TLR10,-0.3977672920169555,-7.753009031174889,5.440092820663267e-14,1.754814595385611e-13,True
TLR2,-0.7170301578583231,-9.91259913595606,0.0,0.0,True
TLR4,-0.34192346613266,-4.576885603136681,6.023990397396872e-06,1.0489848131158666e-05,True
TLR5,-0.6781972016100983,-8.013568194180003,8.659739592076221e-15,2.990154087563729e-14,True
TLR6,-0.32106823395527595,-6.850892027327033,2.2676083233363897e-11,5.990958779016484e-11,True
TLR7,-0.19775178620226352,-5.059238041855018,6.012464988103261e-07,1.1311054090798867e-06,False
TLR8,-0.6480699299159332,-8.79661183524197,0.0,0.0,True
TLR9,0.2071378827784467,7.914427658287647,1.7541523789077473e-14,5.885837824829112e-14,False
TM2D1,-0.2581676797754344,-3.7534822899429856,0.00019584392017701902,0.0002993532532535937,False
TM2D2,-0.11814320061601613,-3.7610853997429854,0.00019015171306913103,0.00029084551624529545,False
TM2D3,-0.3659523166647771,-7.035031817689972,6.936895502462903e-12,1.9025261736397662e-11,True
TM4SF1,0.2594172731286353,6.677644740160007,6.757172599236583e-11,1.7266164855946363e-10,False
TM6SF1,-0.35364083096904864,-4.639534588068745,4.514805508115671e-06,7.945919732312363e-06,True
TM7SF2,0.5802840321490002,17.780034057545475,0.0,0.0,True
TM7SF3,-0.3195895282037595,-4.954736354868952,1.0068686173703156e-06,1.858673013379594e-06,True
TM9SF1,-0.27229267581855243,-9.874638841044614,0.0,0.0,False
TM9SF2,-0.3783375777142828,-7.7328907496339445,6.261657858885883e-14,2.00578523015869e-13,True
TM9SF3,-0.11681925773238966,-1.9263359459407934,0.05465497329011204,0.06562812856549574,False
TM9SF4,-0.22070908174261294,-7.208619113537788,2.221112183065088e-12,6.3360552839838415e-12,False
TMBIM1,0.04152364431263145,1.0367963085918412,0.30035492416713483,0.3294409037784447,False
TMBIM4,-0.4947853782507181,-12.097969257901172,0.0,0.0,True
TMBIM6,-0.37837064887479777,-16.673739438322684,0.0,0.0,True
TMC4,-0.12461039956388076,-2.674527664183375,0.007739859383022019,0.010190357781807135,False
TMC5,0.3686193387547898,13.620926148139086,0.0,0.0,True
TMC6,0.19121706624799906,8.380631525170918,6.661338147750939e-16,2.5382717209375807e-15,False
TMC8,-0.19376209012191037,-5.018738167510623,7.350136808081942e-07,1.371112969915723e-06,False
TMCC1,-0.3468438422251179,-6.880954954543386,1.8720358596624465e-11,4.976541119409032e-11,True
TMCC2,1.5618601351977448,20.8364254517789,0.0,0.0,True
TMCC3,-0.6321929928858321,-6.581258437406361,1.2286660577842667e-10,3.072065187674619e-10,True
TMCO1,-0.12560090009132452,-1.8957136329894189,0.058600742016015284,0.07021239310198461,False
TMCO3,-0.35355049600096056,-3.6003800974618776,0.0003509506083683167,0.0005238400088291934,True
TMCO4,-0.07095126302263965,-2.4003088082442154,0.016762602300667062,0.021258220400901015,False
TMCO6,0.06434505637465104,2.6078757085654503,0.00939558372555993,0.012247112021582532,False
TMED1,0.06193101695164138,1.4332014098178534,0.15245391900388494,0.17375917523643644,False
TMED10,-0.27838193119688803,-5.798392342107756,1.2179729447225895e-08,2.624360334878322e-08,False
TMED2,-0.1748467733663297,-3.196296065614772,0.0014841989082177154,0.0020954145390072146,False
TMED3,-0.07944679369572505,-2.1145782218630216,0.034982877584056826,0.04283245821542842,False
TMED4,-0.24849204264005298,-8.42173009314368,4.440892098500626e-16,1.713723151846858e-15,False
TMED5,-0.24794345879448088,-4.733425169928674,2.9125351668213284e-06,5.192616094507798e-06,False
TMED7,-0.2846301457561067,-4.4935158081032,8.797067398758074e-06,1.508611275365405e-05,False
TMED8,-0.16630580831383668,-4.192026551663918,3.294576267443006e-05,5.375385839189233e-05,False
TMED9,-0.49291774500939844,-11.504179470196307,0.0,0.0,True
TMEM101,-0.2700335100403888,-6.890791271344424,1.757971546112458e-11,4.682098090096972e-11,False
TMEM104,0.18499164958216507,7.724813374660584,6.639133687258436e-14,2.1237484294232137e-13,False
TMEM105,0.3222912507177318,8.902998880246976,0.0,0.0,True
TMEM106A,-0.09288691517441716,-2.8278267000098607,0.004883232854576036,0.006546021092966527,False
TMEM106B,-0.35784641242939363,-6.340107005295334,5.320255347385228e-10,1.269871971540208e-09,True
TMEM106C,-0.04573816508280171,-0.6446850704427016,0.5194405162921618,0.5489893850049924,False
TMEM107,-0.10008794892237649,-2.0251340263598374,0.04340879280835708,0.05261768750494214,False
TMEM109,-0.02080383637932215,-0.7148286566278896,0.4750638397122193,0.5057074549159093,False
TMEM110,-0.5717008430033181,-6.036335884499665,3.1659153076901703e-09,7.143619672729298e-09,True
TMEM111,0.8734264760793842,17.650426003319836,0.0,0.0,True
TMEM114,0.38215842170419645,11.866586536528983,0.0,0.0,True
TMEM115,-0.25687867658289587,-7.214606899614528,2.134736831749251e-12,6.095694983867036e-12,False
TMEM116,0.05743069972901926,1.6514095420265966,0.09931165012541854,0.11579824858737688,False
TMEM119,-0.029167383965548854,-0.7592615996090122,0.4480702858960659,0.47874238226850785,False
TMEM120A,-0.631916389025565,-9.361620267874963,0.0,0.0,True
TMEM120B,0.25305906313791393,8.845320539986297,0.0,0.0,False
TMEM121,0.26789299233141195,9.326068971242488,0.0,0.0,False
TMEM123,-0.36910426489877857,-3.628398081764776,0.00031589509156315643,0.00047343163670517807,True
TMEM126A,-0.21227038172489365,-3.1377105769156315,0.0018078677560491307,0.0025272850342147983,False
TMEM126B,-0.1679145915119351,-2.514476540326703,0.012248149536311814,0.01574801144198859,False
TMEM127,-0.4716806766977557,-15.13007502375844,0.0,0.0,True
TMEM128,-0.13912175436378948,-3.5146847341404888,0.0004821703129607169,0.0007128892099851748,False
TMEM129,0.17135047083780863,7.204846207700697,2.277289468111121e-12,6.486670965176064e-12,False
TMEM131,-0.569086903856264,-11.385722673271891,0.0,0.0,True
TMEM132A,0.11504111001456208,4.007590014751494,7.113482015541628e-05,0.00011277208827005782,False
TMEM132C,0.19492603876812087,6.658375045949238,7.619349595699987e-11,1.93832349807571e-10,False
TMEM134,0.1290424999634907,3.7880590385225497,0.00017119062886439274,0.0002627158078722275,False
TMEM135,-0.009135304021439694,-0.2668670933000504,0.7896865682828178,0.8088564449626336,False
TMEM138,-0.28525325357765574,-6.032605031850379,3.2346054723575435e-09,7.291471709605978e-09,False
TMEM139,0.2965468671045981,11.234042466424789,0.0,0.0,False
TMEM140,-0.3164123328184001,-3.1651333804010124,0.0016490191692939415,0.002316187271198258,True
TMEM141,-0.16124175166238697,-4.240045686801879,2.6834996528002364e-05,4.4171524007724955e-05,False
TMEM143,0.15970997463411507,5.076663007126557,5.512352794223574e-07,1.0404193320770335e-06,False
TMEM144,-0.15679656586388946,-4.188962124866985,3.337771548528323e-05,5.442008558739951e-05,False
TMEM145,0.4030538626692435,12.64047472867382,0.0,0.0,True
TMEM147,-0.2979039343657979,-5.0973466434651105,4.970821683158988e-07,9.426884255566082e-07,False
TMEM149,-0.4834494727461571,-7.2047492648448195,2.2788437803455963e-12,6.487889645526675e-12,True
TMEM14A,0.029187118756484498,0.9755311156318206,0.3297902334102474,0.3596377637652788,False
TMEM14B,0.30004652430442746,5.0076075805128415,7.765511134127934e-07,1.445554666354552e-06,True
TMEM14C,0.11676519664484619,1.5196097386071439,0.12927014346748833,0.14838692402610842,False
TMEM150A,0.42185725054379475,12.750346542437937,0.0,0.0,True
TMEM154,-0.4840463506105017,-7.547583620647272,2.2604140781368187e-13,6.956374503355068e-13,True
TMEM158,1.7994209032477526,13.845258777441241,0.0,0.0,True
TMEM159,-0.195448227852709,-4.8387995076899575,1.765331196557085e-06,3.2048621045139578e-06,False
TMEM160,-0.16799602331331265,-3.8666092045437757,0.0001256257526083271,0.00019523516517745815,False
TMEM161B,-0.12895845680750062,-3.770689929279524,0.0001831839500594512,0.00028063518030786255,False
TMEM164,-0.1980350598096674,-5.748897456965409,1.6030225813423726e-08,3.4213854205082066e-08,False
TMEM165,-0.17053630959721922,-2.8344520380462095,0.0047847785994492575,0.0064207670884268405,False
TMEM167A,-0.29401112966499543,-4.436021557612004,1.1383389455055237e-05,1.9325757278228635e-05,False
TMEM167B,-0.3465634026144526,-7.61403072056662,1.432187701766452e-13,4.4841995478792494e-13,True
TMEM168,-0.43525512866339167,-5.296100251718008,1.8079005492666056e-07,3.553789492662463e-07,True
TMEM169,-0.2537911955725254,-3.576223674335858,0.00038407251385597085,0.0005721106022380613,False
TMEM170A,-0.22224862107524102,-7.170881288685115,2.850386593422627e-12,8.057325931198833e-12,False
TMEM170B,-0.1670676714596553,-1.846495077236043,0.06543823897116585,0.07777373862039409,False
TMEM173,-0.30540836131630344,-6.3167902331652055,6.116009920731358e-10,1.4513868619057379e-09,True
TMEM175,0.07985518014840798,4.31056987473928,1.9783567621889375e-05,3.292687695947749e-05,False
TMEM176A,-0.21332638425663575,-1.6983772866315807,0.09008725092027925,0.10559835589200128,False
TMEM176B,-0.26294956955602045,-1.937711414440635,0.05324698574029707,0.06401085668362366,False
TMEM179B,-0.6002998047798878,-14.74720531085974,0.0,0.0,True
TMEM18,-0.0050628258448930374,-0.18481098603372614,0.8534556645388469,0.8679222918533572,False
TMEM180,-0.15581032567808473,-4.8564983695541795,1.6214799281044634e-06,2.952082707734363e-06,False
TMEM181,-0.40057015241307514,-7.123773989199941,3.885780586188048e-12,1.0864152080655371e-11,True
TMEM183A,0.517061115943739,17.37477956946506,0.0,0.0,True
TMEM184A,0.4829999728449046,11.52222975060837,0.0,0.0,True
TMEM184B,-0.4487414347645817,-7.595024143349883,1.63202784619898e-13,5.08502265630675e-13,True
TMEM184C,-0.514392483330627,-13.279983896535624,0.0,0.0,True
TMEM185A,-0.0842626856779094,-1.8182247132317988,0.06965545320396394,0.08255593841511066,False
TMEM185B,-0.6300387749443059,-8.20583956968904,2.220446049250313e-15,8.040653266681659e-15,True
TMEM186,-0.09519822454462457,-2.618639722508328,0.009108381769683538,0.011899676716001437,False
TMEM187,-0.3514682019842157,-7.743217820362272,5.839773109528323e-14,1.8779549538988485e-13,True
TMEM188,-0.34572714157995943,-4.943768593821057,1.062301661081122e-06,1.958177761880852e-06,True
TMEM189,0.4655995208302688,14.625837706113352,0.0,0.0,True
TMEM19,-0.22593651753576083,-4.958336933666605,9.8928748903937e-07,1.8276828526454693e-06,False
TMEM190,0.31828667917293263,10.976726169622054,0.0,0.0,True
TMEM192,-0.4139428394563569,-8.515122807733094,2.220446049250313e-16,8.732440437457957e-16,True
TMEM194A,0.033792466096542295,1.2085335287595924,0.22743953134385642,0.25364274969018125,False
TMEM199,-0.4791444037665378,-12.981427599869953,0.0,0.0,True
TMEM2,-0.4075689227796486,-7.997565687528191,9.547918011776346e-15,3.2830587336612457e-14,True
TMEM200B,1.322287546744695,24.24193533316149,0.0,0.0,True
TMEM201,0.16436070873246988,5.204658279686301,2.8906589433219665e-07,5.589642499265693e-07,False
TMEM203,-0.41873031198058985,-8.788319134142862,0.0,0.0,True
TMEM204,0.026760974641450552,0.8893957502768233,0.37423774007449717,0.4044323602512555,False
TMEM205,-0.45029002295631315,-7.4145765017064456,5.595524044110789e-13,1.6685177702332947e-12,True
TMEM206,-0.12188407658161893,-2.8044152829619944,0.005246033721161947,0.007004643843058359,False
TMEM208,-0.20733665334757845,-5.770946935319271,1.4187145680466529e-08,3.042102216926544e-08,False
TMEM209,-0.13448258220301712,-3.2840222277970104,0.0010984348395794985,0.001569445660768574,False
TMEM211,0.29882991704769246,11.844322701431393,0.0,0.0,False
TMEM214,0.02050900196158656,0.9898301435231083,0.3227578587577371,0.3525028704873778,False
TMEM216,-0.46455606133492733,-6.937915951838251,1.2995382547842382e-11,3.490993739939282e-11,True
TMEM217,0.21623734500111347,7.583201380993306,1.7696955012524995e-13,5.496123612544498e-13,False
TMEM218,-0.09584552625560017,-3.1288695435686105,0.0018620134460172189,0.0026001373360010115,False
TMEM219,-0.26778110056901117,-4.716186769673138,3.1583631077136687e-06,5.614380345332369e-06,False
TMEM222,-0.3898216217512873,-9.526918010941818,0.0,0.0,True
TMEM223,0.019134399396625312,0.38893201210811756,0.6974996076233884,0.7215534782410248,False
TMEM229B,-0.16402860280709097,-3.310743554836924,0.001000874324943446,0.0014341424740668682,False
TMEM231,0.21259700426691985,7.181056577307327,2.6652013929151508e-12,7.548673431273574e-12,False
TMEM30A,-0.3099069118994837,-4.102647482627595,4.801419651911942e-05,7.722361487066974e-05,True
TMEM30B,0.27788585510003516,9.587365936910906,0.0,0.0,False
TMEM33,-0.4872335453990688,-6.481129315126106,2.2699309099039056e-10,5.568001309877148e-10,True
TMEM37,0.10669309893614054,3.5853787731858953,0.00037118889165954627,0.0005533486272843683,False
TMEM38A,-0.19013678608579987,-3.645948267403902,0.0002956410001362375,0.0004441748637758341,False
TMEM38B,-0.13265619659643235,-2.5209894997863422,0.01202674370754142,0.015482349214033261,False
TMEM39A,-0.04910813057229291,-1.8897202971987133,0.05940013224285767,0.07111839967835751,False
TMEM39B,-0.028599016892640883,-1.0445886425367394,0.29674102619075593,0.3256941286985534,False
TMEM40,0.36924845440316423,5.070356141488444,5.688534476799845e-07,1.0726179184524048e-06,True
TMEM41A,-0.1479998490772303,-5.136529158020657,4.0826112068792497e-07,7.796352535152865e-07,False
TMEM41B,-0.23176606257783128,-3.8158820782972853,0.00015351043025990663,0.00023675011998445099,False
TMEM42,-0.1903173117482746,-3.775024288763321,0.00018011900570091832,0.00027604987049878633,False
TMEM43,-0.5667803944818646,-8.810388310504687,0.0,0.0,True
TMEM45A,0.08135292095369451,1.8149092809227823,0.07016437849270507,0.0831334577100874,False
TMEM45B,0.017829373366005097,0.30250482865839173,0.7623988232829171,0.7827158685736115,False
TMEM48,-0.0265126877807611,-0.8328726238609595,0.4053324550521713,0.43586860994641163,False
TMEM49,-0.44539250179165357,-4.84082650370723,1.7482526215584215e-06,3.1758590045310608e-06,True
TMEM50A,-0.21247973063223036,-7.57541844830797,1.8673951274195133e-13,5.78550954081371e-13,False
TMEM50B,-0.19713138662008767,-3.383825430974413,0.0007736125506692115,0.0011233131187644836,False
TMEM51,0.1668460518159547,5.216198260571814,2.725441390349914e-07,5.280800567778076e-07,False
TMEM52,0.502290815580364,12.061761431937525,0.0,0.0,True
TMEM53,0.11295099296330058,3.820673543728685,0.00015064536749775925,0.00023261179466577597,False
TMEM54,0.17144433446263863,7.608562270402141,1.4854784069484595e-13,4.640961695047275e-13,False
TMEM55A,-0.1010924966433926,-1.032505754279621,0.30235729188953764,0.3315109123620392,False
TMEM55B,-0.15335565480303082,-5.36525591381539,1.2620527911622048e-07,2.5125451264081297e-07,False
TMEM56,1.1124810614319607,19.175918763624317,0.0,0.0,True
TMEM57,0.44181230636619073,11.16247417609097,0.0,0.0,True
TMEM59,-0.15222852947746723,-4.627611584374566,4.770730503311782e-06,8.380973717805157e-06,False
TMEM59L,0.19630168953798854,6.538791711986392,1.59547930422832e-10,3.960846143406469e-10,False
TMEM60,-0.5932176097573354,-9.587051665590852,0.0,0.0,True
TMEM62,-0.11292209787738994,-3.0433545412664755,0.0024684205951872595,0.003412594435425113,False
TMEM63A,-0.10270859427145274,-2.4819027771924955,0.013410741587925656,0.01715853963693387,False
TMEM63B,0.5281163060221821,14.641815036509856,0.0,0.0,True
TMEM63C,0.22514972171784153,6.0721445352234324,2.575072599597661e-09,5.844780546751814e-09,False
TMEM64,0.16391986645923984,2.380021786422536,0.017702761902866238,0.022364346825961418,False
TMEM65,-0.14669693847868093,-2.9156054867039103,0.0037167420546238006,0.005042180158663474,False
TMEM66,-0.10233762989037842,-1.51796180386391,0.12968501782342035,0.14880383706623956,False
TMEM68,-0.06401163434997992,-2.6020964366594086,0.009553104664635992,0.012439770815277185,False
TMEM69,-0.43250260160435783,-10.785987529597595,0.0,0.0,True
TMEM70,-0.5362893070273111,-6.605842287940953,1.0555711860149586e-10,2.657732129334712e-10,True
TMEM71,-0.4286662477150678,-5.579721925650747,4.0400077061519823e-08,8.360914259282193e-08,True
TMEM79,0.08974021613852567,2.417325449197508,0.016008202324423904,0.020344051475622123,False
TMEM80,-0.35251590334933613,-8.909585222579919,0.0,0.0,True
TMEM81,-0.033879720313050754,-1.189711346771039,0.23475037312629454,0.26146679056679434,False
TMEM82,0.2459956624159032,8.554961248742371,2.220446049250313e-16,8.732440437457957e-16,False
TMEM85,-0.18132074286471322,-6.055361465030061,2.8371927029979815e-09,6.427064453457964e-09,False
TMEM86B,1.43659828498998,19.443751966713897,0.0,0.0,True
TMEM87A,-0.5238906452706757,-13.853011074193748,0.0,0.0,True
TMEM87B,-0.16861508273330506,-4.798481503867396,2.1404101011590626e-06,3.8584325438577845e-06,False
TMEM88,-0.276591994864662,-5.433086967709225,8.837828913144108e-08,1.783826025065831e-07,False
TMEM88B,0.17827608306112985,6.009886779993518,3.685403315856206e-09,8.268827579927472e-09,False
TMEM8A,-0.3687608816907799,-8.428467240501115,4.440892098500626e-16,1.713723151846858e-15,True
TMEM8B,-0.0408755462581647,-1.5278640792992981,0.12720762241328942,0.1462088008958971,False
TMEM9,0.10937835857857925,2.8506037229889682,0.004552267371390473,0.006128031769434014,False
TMEM91,-0.2753625188876505,-5.340914636734972,1.4328849773370678e-07,2.840372062286299e-07,False
TMEM92,0.16348688377100284,4.058408034578937,5.770800495552564e-05,9.222232367961984e-05,False
TMEM93,-0.40010621310802463,-10.378805416999434,0.0,0.0,True
TMEM97,-0.05399503420921725,-2.2699158649885587,0.023657109536759036,0.02949520995280088,False
TMEM9B,0.5142675426467633,10.84128122582577,0.0,0.0,True
TMF1,-0.21044551656588917,-4.0606357425151165,5.7178360018728114e-05,9.140201627416308e-05,False
TMIGD2,-0.011460401769714412,-0.36101406477331893,0.7182484082810459,0.7410877297554074,False
TMLHE,-0.3899784380190039,-8.423859883482457,4.440892098500626e-16,1.713723151846858e-15,True
TMOD1,1.5249482965247223,20.770924326409588,0.0,0.0,True
TMOD2,-0.15555771172880117,-3.1606537792859015,0.0016740546815428026,0.00234934647620511,False
TMOD3,-0.20224654751615567,-5.0240674907841125,7.158938386542246e-07,1.3367451981614545e-06,False
TMPO,-0.10690033765411311,-2.4920182609247323,0.013039649593991065,0.016702293302922614,False
TMPRSS4,0.3374916963968655,13.515268946352144,0.0,0.0,True
TMPRSS5,0.4692847214153133,13.302318954225138,0.0,0.0,True
TMPRSS6,0.2179749970688154,6.421934224309233,3.2514702041908095e-10,7.889969513813762e-10,False
TMPRSS9,0.44587694340837025,8.617623638068583,0.0,0.0,True
TMSB10,-0.4273786240411859,-10.024792685979573,0.0,0.0,True
TMTC1,-0.3317249818009489,-3.346001195371402,0.0008844382891683988,0.0012749148608347874,True
TMTC2,-0.09192400362129893,-3.377474249597429,0.0007912694204856852,0.0011479385962940311,False
TMTC3,0.013302113641537883,0.37949471693434583,0.7044890377377135,0.7282607220408078,False
TMUB1,-0.027954500971192786,-0.8879935382470536,0.37499076881159543,0.4051701215590252,False
TMUB2,-0.3891580203048406,-11.590178209299026,0.0,0.0,True
TMX1,-0.232542811437348,-2.9286379853301265,0.003567081533747629,0.004847140755838025,False
TMX2,-0.3370567992990017,-7.612650335570383,1.4455103780619538e-13,4.519770370492847e-13,True
TMX3,-0.20767703972335338,-3.0214695971362318,0.0026503775916204564,0.0036479507083135424,False
TMX4,-0.47121306229882975,-6.885456012074955,1.818967199085364e-11,4.836722799229988e-11,True
TNF,-0.2507037453820402,-4.735718709421562,2.881250351416398e-06,5.139226199746901e-06,False
TNFAIP1,-0.38440267618227697,-9.19207436797231,0.0,0.0,True
TNFAIP2,-0.26048889630279826,-5.38946684150863,1.1118172693613815e-07,2.222284075268741e-07,False
TNFAIP3,-0.39595352366557446,-3.994060930812802,7.518065102729565e-05,0.00011900589792269047,True
TNFAIP6,-0.3200001203433107,-3.2938201546774417,0.0010616810496999474,0.00151787315520587,True
TNFAIP8,-0.13702148745810305,-1.602005389273883,0.10981492349421806,0.1273746957738292,False
TNFAIP8L1,0.01998038424610371,0.8217529053679133,0.411627169328449,0.44218347136943054,False
TNFAIP8L2,-0.5556242230288619,-14.12678285752014,0.0,0.0,True
TNFAIP8L3,-0.23904777157164192,-3.713782671483924,0.00022826794085917257,0.0003463863009823223,False
TNFRSF10A,-0.18694346453228938,-3.714303870818951,0.00022781128854920674,0.0003457844555011612,False
TNFRSF10B,-0.5164587101570159,-6.308666836798105,6.419724751793865e-10,1.520954533441249e-09,True
TNFRSF10C,-0.8047232716895669,-10.18077800741017,0.0,0.0,True
TNFRSF10D,-0.08238619512542522,-1.5220733643544007,0.1286518449797187,0.14776554016565757,False
TNFRSF12A,0.0755472733646414,1.8662183864116069,0.06262289274265287,0.07468196516229614,False
TNFRSF13B,0.3036285911854639,9.008295576197796,0.0,0.0,True
TNFRSF13C,0.3541625860611304,10.294118750319951,0.0,0.0,True
TNFRSF14,-0.4027325700154938,-10.0699740077028,0.0,0.0,True
TNFRSF17,-0.0933349795062437,-0.8045187617656181,0.42149733341150264,0.45215382599805354,False
TNFRSF1A,-0.5145669613396366,-12.884281752485144,0.0,0.0,True
TNFRSF1B,-0.6540822664463137,-12.244991718635916,0.0,0.0,True
TNFRSF25,-0.045702149858549035,-1.0277804855155406,0.304572823026906,0.3336859756940204,False
TNFRSF8,-0.4766279142878127,-9.930667201900416,0.0,0.0,True
TNFRSF9,-0.3935365507796913,-5.611421229215515,3.403385595568409e-08,7.087976618215964e-08,True
TNFSF10,-0.6592833587895726,-11.084049840686033,0.0,0.0,True
TNFSF12,-0.23000849828798708,-5.466053247135608,7.422767089870774e-08,1.5087851439601455e-07,False
TNFSF12-TNFSF13,-0.49427330412565595,-9.55815069871164,0.0,0.0,True
TNFSF13B,-0.8569532242325213,-11.455468364960264,0.0,0.0,True
TNFSF14,-0.4604360869249948,-5.922264909758021,6.073017644325773e-09,1.3365512083490367e-08,True
TNFSF4,0.13659514740902523,2.2890638391813867,0.022510830431596185,0.028148312607637477,False
TNFSF8,-0.1459353549483886,-3.138043961723639,0.0018058546762103056,0.002525696942115895,False
TNIK,-0.134567807264387,-2.8902497910207376,0.004024437931952951,0.005444216152456376,False
TNIP1,0.05117239603618362,1.254135655865786,0.21040557000807114,0.23574183065100393,False
TNIP2,-0.11971430292544172,-3.3249943909720496,0.0009521955870976928,0.0013681353333888392,False
TNK2,-0.18744950227805468,-3.511026098745108,0.0004886846576044324,0.0007223352458546716,False
TNKS,-0.11133638376502075,-4.300061902524426,2.070845187418513e-05,3.440159462629629e-05,False
TNKS2,-0.5102165834403314,-12.128658286175844,0.0,0.0,True
TNNC2,0.1334442562339211,5.105514076423196,4.771479125142974e-07,9.063764518885541e-07,False
TNNI1,0.2812840961490912,10.278945623580734,0.0,0.0,False
TNNI2,-0.4465830142236924,-9.05399101229034,0.0,0.0,True
TNNT1,-0.29078417137990975,-3.320304851541308,0.0009679660831174441,0.0013895814196697206,False
TNNT3,-0.10378791723240299,-2.61216972163774,0.009280054570004914,0.01210610969330539,False
TNPO1,-0.07164469142978724,-1.5423951990240394,0.12363923171730118,0.142491276653486,False
TNPO2,-0.17679840614276054,-5.8621562843595365,8.525345762677716e-09,1.854645096133798e-08,False
TNPO3,-0.5046685578499401,-10.92419637642033,0.0,0.0,True
TNR,0.17908387959239302,6.895617554040493,1.7045254097070028e-11,4.548164974383823e-11,False
TNRC18,-0.31124022790474504,-8.942328837746599,0.0,0.0,True
TNRC6A,-0.48101449857233014,-11.025642746343436,0.0,0.0,True
TNRC6B,-0.5299298737829838,-11.67843817748622,0.0,0.0,True
TNRC6C,-0.45602506069838844,-8.15221604663747,3.1086244689504383e-15,1.1144800889461594e-14,True
TNS1,1.6959358935246494,22.693742592902748,0.0,0.0,True
TNS3,-0.23207372946205496,-2.940493761204652,0.0034357327095075885,0.0046763801348006515,False
TNXA,0.6586177672517031,15.727690677935117,0.0,0.0,True
TOB1,-0.4952903144436851,-6.705818452130069,5.6663340686213814e-11,1.454982214365798e-10,True
TOB2,-0.039656481158522716,-1.2237477557129453,0.22165018500838873,0.24761793047343902,False
TOE1,-0.1507279549601197,-6.089165417679335,2.3334438825628467e-09,5.309944702339279e-09,False
TOLLIP,0.015144482077869448,0.5157999258507615,0.6062326103653461,0.6344320376849661,False
TOM1,-0.4654684758708685,-11.190849092169946,0.0,0.0,True
TOM1L2,0.04655369277403221,2.2773769977005007,0.023204549296735655,0.028952903309044414,False
TOMM20,-0.05738475189891634,-0.8216381483907695,0.41169243349257,0.44221234067520643,False
TOMM22,-0.0589024313375246,-1.3842122502095036,0.1669392778757708,0.18951153462609674,False
TOMM34,0.11289803247408559,3.374499059699648,0.0007996691323124416,0.001159686357183308,False
TOMM40,0.23350738067858723,7.376938378938578,7.214229214014267e-13,2.132975008116795e-12,False
TOMM40L,-0.22514918771078873,-5.308711906730934,1.6936852631488364e-07,3.3418226355278254e-07,False
TOMM5,0.19166821833183434,2.982870120321998,0.0030015459108130305,0.004108711508812275,False
TOMM6,0.34811966326397403,8.22105548512154,1.9984014443252818e-15,7.261699128448871e-15,True
TOMM70A,-0.16445827735562357,-2.991825532681212,0.0029164745480712018,0.003996059274322846,False
TOP1,0.49470291651837695,11.529459411190405,0.0,0.0,True
TOP1MT,0.13583904081219478,5.583859858163674,3.9507599636223745e-08,8.183564830240269e-08,False
TOP2A,0.10380041261896356,1.456955509840829,0.1457851511764241,0.16656409010129233,False
TOP2B,-0.4037981278074989,-8.969866821617487,0.0,0.0,True
TOP3A,-0.296254930367172,-7.448021707645047,4.460876112943879e-13,1.3423414823667855e-12,False
TOPBP1,-0.49539577785933364,-8.239304855097764,1.7763568394002505e-15,6.487588596401866e-15,True
TOPORS,-0.38050399143336744,-5.121958585578771,4.393314709805196e-07,8.367492087011584e-07,True
TOR1A,-0.12028775863228969,-2.7728283348286444,0.005774231470430324,0.007682302183863121,False
TOR1AIP1,-0.42219889448007386,-8.278777618321698,1.3322676295501878e-15,4.939295405467851e-15,True
TOR1B,-0.6636621450629638,-7.7795106136297845,4.529709940470639e-14,1.468554145912786e-13,True
TOR2A,-0.14423696424723786,-5.719502410073459,1.8853723249279142e-08,4.0069379724805615e-08,False
TOR3A,-0.11577581443947027,-3.4793066446267633,0.0005487148396401409,0.0008073376213839294,False
TOX2,0.22635969409250345,8.737286377833788,0.0,0.0,False
TOX4,-0.025762955495289397,-1.1027319893806997,0.27069837439751887,0.2989047713463401,False
TP53,0.1126039285538818,5.327695504405274,1.534850870843485e-07,3.0346630932451257e-07,False
TP53BP2,-0.23440834885380468,-5.37626200166681,1.1914623443409766e-07,2.3773522855471522e-07,False
TP53I11,-0.20432916391849298,-4.9112201834561295,1.244705224667797e-06,2.2838100482555516e-06,False
TP53I13,0.04876476744716651,1.5194902331241944,0.12930019464669495,0.14840663034428847,False
TP53I3,-0.32286288097644356,-2.809440011324652,0.0051661689680275735,0.00690440890389948,True
TP53INP1,-0.2930022211707701,-4.668175519023407,3.952816108432344e-06,6.991016237222812e-06,False
TP53INP2,0.07750775509995877,2.3141637611709633,0.021081785794880847,0.02644751585397871,False
TP53RK,-0.36277124979479947,-7.5763557377268205,1.8562928971732617e-13,5.754208256872659e-13,True
TP53TG1,-0.025350656842983543,-0.7352714244829801,0.46253475426445334,0.4929624199086083,False
TP53TG3,0.0067216811636758855,0.22421924272841845,0.8226825036278815,0.8394969126095182,False
TP73,0.24703545528582715,8.637982990290306,0.0,0.0,False
TPCN1,0.013648060135097229,0.43158384972797403,0.6662384605936587,0.6921981444555204,False
TPCN2,-0.1055054738455814,-4.146954881489327,3.987066631627734e-05,6.463132638575832e-05,False
TPD52,-0.02233364755541034,-0.3224866655238817,0.7472250203494877,0.7685075901255133,False
TPD52L2,-0.21989407495267077,-9.066889330919539,0.0,0.0,False
TPI1,-0.2426660708242867,-5.494113536133747,6.393899298906547e-08,1.3042558176749517e-07,False
TPK1,-0.6596037628097982,-5.844662516737255,9.404889755870727e-09,2.040205745722691e-08,True
TPM1,0.9858397818255118,17.29182915115164,0.0,0.0,True
TPM2,0.16467680578295552,4.027510675853922,6.555183918965923e-05,0.00010430883210742985,False
TPM3,-0.24922330547564542,-9.59230443350734,0.0,0.0,False
TPM4,-0.12229531082098166,-1.8215881520238517,0.06914226926332212,0.08197301354921856,False
TPMT,-0.17471579962728034,-4.815830608686238,1.9704463245506787e-06,3.56431708738996e-06,False
TPP1,-0.20010100734846237,-6.515776799998916,1.8371149046458868e-10,4.534331816287973e-10,False
TPP2,-0.14819345070647794,-3.468220332797014,0.0005712734163594302,0.0008390282395823379,False
TPR,-0.4128443453925197,-11.823676583453777,0.0,0.0,True
TPRG1L,0.5193592121209178,13.758955257077515,0.0,0.0,True
TPRKB,-0.13255854038081205,-3.47089178873863,0.0005657596165118406,0.000831354129684895,False
TPSAB1,0.8454880546303061,13.878934109909368,0.0,0.0,True
TPST1,-0.29104719822860403,-2.598133057426936,0.009662492578589754,0.012573684140620805,False
TPST2,-0.24639201789520548,-4.269803016929668,2.36080861204524e-05,3.906083654431071e-05,False
TPT1,0.34176019476484676,8.231507671204515,1.7763568394002505e-15,6.487588596401866e-15,True
TPX2,0.10291126537787054,1.4364050070065706,0.15154118266886063,0.1727806476455118,False
TRA2A,-0.279682318537656,-5.470476938427789,7.250505773548355e-08,1.475332556182715e-07,False
TRA2B,-0.22729870573349942,-4.541072033756452,7.093161748628063e-06,1.2268187715082082e-05,False
TRA@,-0.05560038934752409,-0.7149232512475043,0.4750054368579131,0.5056920172981794,False
TRABD,-0.2443487625778964,-8.02506124670667,7.993605777301127e-15,2.7684409184826125e-14,False
TRADD,-0.17116624864737773,-7.829994485260061,3.175237850427948e-14,1.0408527262117112e-13,False
TRAF1,-0.10913976352167865,-3.6916813734792306,0.0002484446892627723,0.0003757660682271368,False
TRAF3,-0.12131373041113536,-2.8109883309277617,0.005141782522731786,0.006872614629768791,False
TRAF3IP2,0.06912583392389315,1.742780280243276,0.08201498027039889,0.09654885618137198,False
TRAF3IP3,-0.40848601879870206,-8.059022461114946,6.217248937900877e-15,2.1662580313272896e-14,True
TRAF4,0.17110638238418785,7.358817217435536,8.151257446797899e-13,2.4032335431191454e-12,False
TRAF5,-0.19995300569788643,-2.5042043046933045,0.012604717611357508,0.01618478900515295,False
TRAF6,-0.382259966241179,-8.892453646940105,0.0,0.0,True
TRAF7,0.03766164739062017,1.2838280619996998,0.19982400054421579,0.22466766149923678,False
TRAFD1,-0.40959750078877377,-7.523764931828078,2.6623148130511254e-13,8.156171364770189e-13,True
TRAJ17,0.20384739784593098,6.930386762381656,1.3639533946729898e-11,3.659766865417696e-11,False
TRAK1,-0.18854471663472028,-8.28056790535485,1.3322676295501878e-15,4.939295405467851e-15,False
TRAK2,1.8515821765236087,23.56539742192841,0.0,0.0,True
TRAM1,0.044772795526628606,0.8922055916351195,0.37273159955900503,0.4028802942028881,False
TRAM2,-0.04608413524257626,-1.5536151735003276,0.12093796308168892,0.13962958772556627,False
TRANK1,-0.3523771079775999,-4.436896220123533,1.1339079498906557e-05,1.925770171147733e-05,True
TRAP1,0.09956414110739242,1.9949877632840862,0.046611412907609395,0.05633373888183324,False
TRAPPC1,-0.41751818376820626,-7.851711713426976,2.731148640577885e-14,9.024699136780453e-14,True
TRAPPC10,-0.2853385130554926,-6.665495936051043,7.28885840572957e-11,1.856708535506389e-10,False
TRAPPC2,-0.18358772164411397,-5.323535605630533,1.5683698162405335e-07,3.099871639202935e-07,False
TRAPPC2L,-0.24274684405807267,-5.6132551323653965,3.369707246569931e-08,7.025458420495752e-08,False
TRAPPC3,-0.06165133153484348,-2.0326446546543644,0.042640558273844276,0.051719131384270006,False
TRAPPC4,-0.05767227987820789,-2.619454084398708,0.009086976514916856,0.011873058357001733,False
TRAPPC5,0.36046782468457117,8.58353951289811,2.220446049250313e-16,8.732440437457957e-16,True
TRAPPC6A,0.1326822247561572,2.553459800611298,0.010975175962706585,0.014196861528850887,False
TRAPPC6B,-0.17476896467638126,-3.2699514444226256,0.0011532850980719989,0.0016437380654159063,False
TRAPPC9,0.13992169243723263,4.376679190471754,1.480928833852424e-05,2.4903185972137526e-05,False
TRAT1,-0.02593170115180987,-0.36297382761376984,0.7167848638699907,0.7397764400070266,False
TRBC1,-0.3167808229871474,-2.294227872113903,0.022210104819906817,0.027796414322088944,True
TRBV9,-0.018409964547222657,-0.2360207917433029,0.8135176173513341,0.8312702416632678,False
TRD@,0.19452944041780196,5.024227420876421,7.153275571880613e-07,1.336120987716763e-06,False
TRDMT1,-0.20841987708692056,-7.207006018288472,2.2450930003969916e-12,6.401293631577462e-12,False
TREM1,-0.5878829342933258,-4.653750413277945,4.2268899649311464e-06,7.456285682395387e-06,True
TREML1,0.427936474677737,3.0280222188288075,0.002594647487277779,0.003577228534524565,True
TREML2,-0.3190938192181907,-6.48841321994693,2.1713497666553394e-10,5.336415182868115e-10,True
TREML4,-0.1538408288096451,-2.973731517059359,0.003090693101109876,0.004225218826452013,False
TRERF1,-0.34978150544205766,-6.777944599913441,3.60078633576677e-11,9.386163793097403e-11,True
TREX1,-0.41255230485660643,-5.03826290958272,6.672814749641987e-07,1.2514515320925764e-06,True
TRIAP1,-0.12428798269057317,-1.9556990064552098,0.0510826846901522,0.061486044403956455,False
TRIB1,-0.23512171310218655,-3.7359399547188854,0.0002095960574042266,0.00031935674407927066,False
TRIB2,-0.09526081779117535,-1.5627029723544246,0.11878416518448476,0.13722543363354528,False
TRIB3,0.16153841914439804,2.743400246528896,0.006309130132795104,0.008369788091635012,False
TRIM10,0.8456085443251142,22.17030340972413,0.0,0.0,True
TRIM11,0.05156120632254879,1.8290278844816128,0.06801819836354528,0.0806984887166215,False
TRIM13,-0.31675310642781396,-9.243315403071238,0.0,0.0,True
TRIM14,-0.3219210665367651,-6.299476270492096,6.781153416568486e-10,1.6039446859435809e-09,True
TRIM15,0.17796645713040382,6.591086437052981,1.1563616730825288e-10,2.896939998311798e-10,False
TRIM16,0.2535977740932669,10.25711348601618,0.0,0.0,False
TRIM21,-0.5950072160830704,-8.496877923127578,2.220446049250313e-16,8.732440437457957e-16,True
TRIM22,-0.6128876244236308,-5.2702279391064115,2.0660548694095837e-07,4.039872015061788e-07,True
TRIM23,0.24796840099265127,5.812246935325027,1.127439031023414e-08,2.4356658286494198e-08,False
TRIM24,-0.15439424563973603,-3.1645069301284554,0.0016524993541233712,0.0023205095770019646,False
TRIM25,-0.5675809736696351,-12.125915161771873,0.0,0.0,True
TRIM26,-0.11992994757712738,-3.4914177247693323,0.0005250239164766857,0.0007742607212770378,False
TRIM27,-0.781423564597663,-13.454002411410071,0.0,0.0,True
TRIM28,-0.3460059276734775,-7.281460664467798,1.368682944757893e-12,3.964259200569819e-12,True
TRIM3,0.38571077581682855,10.657531658944638,0.0,0.0,True
TRIM32,-0.010301947425246816,-0.3353755478207392,0.7374889287023927,0.7593077377299661,False
TRIM33,-0.38590355209710037,-8.659621586299808,0.0,0.0,True
TRIM34,-0.6062349196682053,-12.317937406754968,0.0,0.0,True
TRIM35,-0.05821661725694183,-2.8332290189078515,0.004802816237907681,0.006443470794835614,False
TRIM36,0.30999712420452363,10.754976469397628,0.0,0.0,True
TRIM37,0.01430607507043069,0.4047413399230395,0.6858486814333893,0.7107774144337572,False
TRIM38,-0.4836780088008785,-9.636319325032035,0.0,0.0,True
TRIM39,-0.22650962395641105,-6.649023960002348,8.075740076662896e-11,2.0503515526356603e-10,False
TRIM4,-0.3223022378211362,-10.149462339013263,0.0,0.0,True
TRIM41,-0.23066028146756468,-8.302481409861635,1.1102230246251565e-15,4.157561450148628e-15,False
TRIM44,-0.3974543845372458,-8.876342726943287,0.0,0.0,True
TRIM46,0.36434498096515133,13.82038265461328,0.0,0.0,True
TRIM47,0.12611231625478103,4.965512240831395,9.551312349920238e-07,1.766279771371508e-06,False
TRIM5,-0.29181726790248286,-5.912479748799794,6.41901265474587e-09,1.409735114776314e-08,False
TRIM50,0.19002767209787397,6.337086535033926,5.417317705536107e-10,1.2919685848875862e-09,False
TRIM52,-0.2137351561538834,-4.63525614375223,4.605085462516811e-06,8.099859435445282e-06,False
TRIM56,-0.7922213377704139,-11.31317651673935,0.0,0.0,True
TRIM58,2.08064242714679,17.866046374707476,0.0,0.0,True
TRIM59,0.00165569986660552,0.04874588010691066,0.9611421700196732,0.9652481827773858,False
TRIM6,0.029410824354859866,0.8066467637071222,0.42027112220529217,0.4509224158609128,False
TRIM65,0.12866911174043727,4.474487541013343,9.583347356345584e-06,1.6380854458783912e-05,False
TRIM66,-0.14446248363351444,-4.894919210228477,1.347068919743677e-06,2.465737626970827e-06,False
TRIM68,-0.22622604850397288,-6.656944320704941,7.687495084951479e-11,1.9547959356193398e-10,False
TRIM69,0.08004501535082076,2.507972590513091,0.012472856801312826,0.01602262044098611,False
TRIM7,-0.06557289354316165,-1.8606706895908542,0.06340443616075375,0.07553580516451779,False
TRIM8,-0.8612336748795739,-13.276979134582918,0.0,0.0,True
TRIML1,0.24021151887073167,8.587369291142954,2.220446049250313e-16,8.732440437457957e-16,False
TRIO,0.00968382207456786,0.45751047417597207,0.6475120225517801,0.6740730255995407,False
TRIOBP,-0.41802788629811793,-10.644346791470332,0.0,0.0,True
TRIP11,-0.23452713516293322,-8.553365683029122,2.220446049250313e-16,8.732440437457957e-16,False
TRIP12,0.3557889451977774,10.587792475248184,0.0,0.0,True
TRIP13,0.029102134656547207,1.0356221934806993,0.30090199113092053,0.32997810699134367,False
TRIP4,-0.3864133069304412,-11.330119938392695,0.0,0.0,True
TRIP6,-0.16948564120552723,-4.159334555195192,3.784174419063646e-05,6.147215503200414e-05,False
TRIT1,-0.2915831047717665,-6.657778388765326,7.647682487288421e-11,1.9451016686040036e-10,False
TRMT1,-0.19323844497727238,-5.998702140032348,3.929325309570686e-09,8.804103917709537e-09,False
TRMT112,-0.21022777049587127,-5.974364529498841,4.515821494521788e-09,1.0063406422015181e-08,False
TRMT12,-0.1388565496628016,-4.027457669319696,6.55661270916319e-05,0.0001043171571779707,False
TRMT2A,0.04892292133193621,2.1691004110696923,0.030567227933844254,0.0376662279171964,False
TRMT6,-0.4427188805625706,-4.949134145221662,1.0348247752034467e-06,1.909361939062711e-06,True
TRMT61B,-0.08879609913243325,-2.8627996126653357,0.004383557065815502,0.005909900964551588,False
TRMU,0.24313598486864496,10.717636471571224,0.0,0.0,False
TRNAU1AP,-0.4062772673225119,-8.425691773681443,4.440892098500626e-16,1.713723151846858e-15,True
TRNT1,-0.1069205823382453,-3.3648521857698257,0.0008274790614719585,0.0011976041348279293,False
TRO,0.33341942462346097,10.091352893082975,0.0,0.0,True
TROAP,0.45853454873554744,14.997651349656783,0.0,0.0,True
TROVE2,-0.3848659523164404,-9.312889805853187,0.0,0.0,True
TRPC4AP,-0.2545361194393507,-9.697917217862583,0.0,0.0,False
TRPM2,-0.08263887821314286,-1.8187108883460803,0.06958108060651824,0.08247627778416172,False
TRPM3,0.19333846697345214,6.786656468331997,3.408007209770858e-11,8.895725141479836e-11,False
TRPM6,-0.21581385270897746,-4.404719944863339,1.3082872448277882e-05,2.2071120054439503e-05,False
TRPM7,-0.11676986748290519,-2.086553123938154,0.03745786133160456,0.04567345238475208,False
TRPS1,-0.4883698296194825,-7.385262196283156,6.821210263296962e-13,2.021443813298629e-12,True
TRPT1,-0.20789375526745513,-6.331348126131346,5.606521913392726e-10,1.3354327113393467e-09,False
TRPV2,-0.28382129847417215,-5.737392084604301,1.7082532499657077e-08,3.6385667874177126e-08,False
TRPV4,0.3259722301054495,11.551176137540555,0.0,0.0,True
TRPV5,0.4013377956819064,11.405104380315183,0.0,0.0,True
TRRAP,-0.295115086006418,-6.864431934134679,2.0802026767796633e-11,5.511006125534715e-11,False
TRUB1,-0.037828249835035965,-1.0069156932895775,0.31448465381922297,0.3439237375243169,False
TRUB2,-0.09705773794661976,-2.8632881597362076,0.004376918795987672,0.005901642000583167,False
TSC1,0.01028269325096165,0.35337229049369595,0.723965127062725,0.7465181540269921,False
TSC2,-0.05659500465361056,-2.5862904626463536,0.009996048230206167,0.012987195980571265,False
TSC22D1,0.5774832484903074,6.842747314065602,2.3882229527316667e-11,6.298063230887379e-11,True
TSC22D2,-0.3878825124564882,-6.97887589786355,9.980904991380157e-12,2.702633864497133e-11,True
TSC22D3,0.27160072191074214,3.4154769916732484,0.0006909604015681303,0.0010086393189283097,False
TSC22D4,-0.47875088119841536,-10.274267367691202,0.0,0.0,True
TSEN15,-0.04067220273348049,-1.0895916126083074,0.27644199714825435,0.30489614756326516,False
TSEN2,-0.11690266736573207,-4.059033246166558,5.755889018388416e-05,9.199678868158202e-05,False
TSEN34,-0.6113965067526212,-11.19453036022551,0.0,0.0,True
TSEN54,-0.022319935570102256,-0.451581130213038,0.6517755568033565,0.6781503602942701,False
TSFM,-0.2787401937258531,-5.89893955916389,6.929675722133766e-09,1.5180853683168268e-08,False
TSG101,0.10132906223391025,3.021913467095262,0.002646568094063495,0.0036431426715484464,False
TSGA14,-0.07069945308407455,-2.124148606204454,0.0341704019541611,0.04187328299042359,False
TSHZ1,-0.44914430248532833,-7.114777587043895,4.122036045828281e-12,1.1482885903723331e-11,True
TSHZ2,-0.05247499780829257,-1.4982364526534653,0.13473181064420636,0.15437936206213201,False
TSHZ3,-0.6702403412013562,-8.209455726521467,1.9984014443252818e-15,7.261699128448871e-15,True
TSN,-0.13802313918299092,-3.7959769172421627,0.00016597277520813414,0.00025504807865828406,False
TSNAX,-0.13469713896729552,-1.5916485595652223,0.11212467245205593,0.1299098875452859,False
TSPAN1,0.16099977942863086,6.582518366159907,1.2191558873553276e-10,3.048948472958319e-10,False
TSPAN13,0.22941952410734912,3.41354608973634,0.0006957568981811324,0.0010148694073886873,False
TSPAN14,-0.5391011251119178,-12.961678223512289,0.0,0.0,True
TSPAN16,0.1647169606828225,5.3479050035168285,1.3816534938371205e-07,2.7407037360960553e-07,False
TSPAN17,0.2177983306440492,4.410759674310524,1.273710224247715e-05,2.1513003039749895e-05,False
TSPAN18,0.12746934286693357,3.603055342841537,0.0003474520369566303,0.0005189031523017535,False
TSPAN2,-0.08602185963068543,-0.8781451959408461,0.3803060449264577,0.41064354438581424,False
TSPAN3,0.052321664440332594,1.151348914554828,0.25016421321548954,0.2776682956281773,False
TSPAN31,-0.2632219970514571,-7.34563721474049,8.906209103543006e-13,2.6177755208908365e-12,False
TSPAN32,-0.09004703521861002,-2.462356741037971,0.01415441052809907,0.01807249515668618,False
TSPAN33,0.31291076087961756,3.342249655724715,0.0008962001511900741,0.0012909002802999204,True
TSPAN4,0.10119951119500437,3.9275398492428235,9.84550184470745e-05,0.00015434177429121543,False
TSPAN5,2.1936238490597226,19.311984413021097,0.0,0.0,True
TSPAN7,0.6941981902243257,13.907862282527814,0.0,0.0,True
TSPAN9,0.20706624167101229,2.6199298147264667,0.009074492944036505,0.011859437737957397,False
TSPO,-0.41756236801842483,-6.7380620697099785,4.628941674411635e-11,1.1968749528069052e-10,True
TSPO2,1.5654851156926695,20.44234313336136,0.0,0.0,True
TSPYL1,0.2649108399730373,9.054600796659994,0.0,0.0,False
TSPYL2,0.18537782302685413,5.479063540689773,6.927156204206142e-08,1.4105340695819438e-07,False
TSPYL4,-0.3856435546422565,-5.852669182563618,8.991870803498614e-09,1.9528159838895272e-08,True
TSR1,-0.07567375400536003,-2.8385898481642706,0.00472420738170376,0.006347619833179238,False
TSR2,0.09139447829249603,3.428667481305754,0.0006590099374230718,0.0009632198285974323,False
TSSC1,-0.36712716878547713,-7.4230065358390664,5.284661597215745e-13,1.581143297099433e-12,True
TSSC4,-0.02761508606158758,-0.6982412972359398,0.4853657925993884,0.5151505173640795,False
TSSK3,0.30433290384442424,9.762738865656065,0.0,0.0,True
TST,-0.141129936210592,-2.245545662057123,0.025189243467571565,0.03131731198089119,False
TSTA3,1.6927019556671148,17.446972841644225,0.0,0.0,True
TSTD1,-0.30867997244482925,-5.611720145028442,3.397873959976039e-08,7.079057722004701e-08,True
TTBK2,-0.34719049350973563,-8.709402755850004,0.0,0.0,True
TTC1,-0.05390717181763627,-1.9621411198294365,0.05032574716461258,0.060619291183642406,False
TTC13,-0.48566241323244697,-7.97660207313297,1.1102230246251565e-14,3.790355370674919e-14,True
TTC14,-0.4165888488610907,-7.071453402758709,5.4722892883773966e-12,1.5098275524028558e-11,True
TTC15,-0.5800665675408911,-11.949997977009716,0.0,0.0,True
TTC16,0.23421305483383614,7.2898185893611815,1.2942980021080075e-12,3.758260319203967e-12,False
TTC17,-0.5204994142905912,-12.533988377761698,0.0,0.0,True
TTC19,-0.15859972060457572,-3.6036138254018124,0.00034672581838290917,0.0005178857238009246,False
TTC21A,0.2395698917625535,7.377766342799342,7.174261185127762e-13,2.1217025569059484e-12,False
TTC21B,0.08607846277194175,2.560852003102029,0.010747545892560106,0.013921171835870895,False
TTC27,-0.07598589736429107,-2.0909841701923195,0.037056864320370364,0.045232385303205065,False
TTC3,-0.22736532490637273,-4.360691114192791,1.588905517935224e-05,2.6645221518555608e-05,False
TTC31,0.07873486732156643,2.965205518826943,0.0031760414316504004,0.004337778189611212,False
TTC32,-0.2985888232737093,-4.824914488270221,1.886719863675168e-06,3.4171581933450096e-06,False
TTC33,-0.01825679505895783,-0.337041278575262,0.7362336972887198,0.7581508992552086,False
TTC35,-0.5477762859581694,-5.28397167835643,1.9247666016575238e-07,3.775138172057384e-07,True
TTC36,0.22610057223871305,8.224945648560757,1.7763568394002505e-15,6.487588596401866e-15,False
TTC37,-0.0683944777563541,-1.5699757008482973,0.11708236172983977,0.13536803420315408,False
TTC38,-0.2003436577539075,-4.785663212965666,2.2749705728131175e-06,4.0933124067844895e-06,False
TTC39C,-0.1988143197785348,-4.042876670158757,6.153226600003059e-05,9.80888696449422e-05,False
TTC5,0.023083777667759264,0.628340550495402,0.5300809338531653,0.5591577176789938,False
TTC7A,-0.18010333655819366,-5.874579429881422,7.949999103473715e-09,1.7324260248375657e-08,False
TTC7B,0.005173497960680784,0.08320109864616435,0.9337264647730708,0.9402565912860391,False
TTC9,-0.273852943774997,-4.162826700012967,3.728743394870726e-05,6.0597340809136415e-05,False
TTC9C,-0.5637384418683062,-9.518129335220438,0.0,0.0,True
TTF1,-0.3343257110117088,-8.817239987074768,0.0,0.0,True
TTF2,-0.09154056612376671,-3.51620409451652,0.00047948898216487734,0.0007092890183070787,False
TTK,0.0043716321810323144,0.08114348932501271,0.935361798891468,0.9417387082799422,False
TTL,0.19044272021872555,5.236920596872034,2.451437906003662e-07,4.765122045098916e-07,False
TTLL10,0.27939717776639617,9.606577628545805,0.0,0.0,False
TTLL12,-0.23665535304952634,-8.212009517759252,1.9984014443252818e-15,7.261699128448871e-15,False
TTLL3,-0.3557732361930457,-7.35518380675664,8.351097591230427e-13,2.459005448706117e-12,True
TTLL4,-0.3212338648517816,-8.867144794753017,0.0,0.0,True
TTLL5,0.17536352764310958,6.222435666793368,1.0705472064387322e-09,2.4942623929950966e-09,False
TTN,-0.06401253762418024,-1.665237227074294,0.09652057770829381,0.11274926829143458,False
TTPAL,-0.1978664998021129,-4.063532737428925,5.649649591599193e-05,9.038654673004321e-05,False
TTTY14,0.20169664114339358,6.593293396937584,1.1407075284353141e-10,2.860211149335303e-10,False
TTTY6B,0.39979780597209924,11.774145497197786,0.0,0.0,True
TTYH2,-0.15540445388551172,-3.000391993890198,0.00283716943486656,0.003894346367996652,False
TTYH3,0.18035282417708043,4.965434213246758,9.554964659486131e-07,1.7666715555797873e-06,False
TUBA1A,-0.5965620961308051,-11.769834628118797,0.0,0.0,True
TUBA1B,-0.10770511809365857,-2.6341601988303,0.008708106058184395,0.011403896507983862,False
TUBA1C,0.0027365030218780007,0.04665998963308799,0.9628037039250756,0.9663270772425674,False
TUBA4A,-0.28538215695482805,-5.88429598383094,7.526565592996803e-09,1.6423282641737107e-08,False
TUBA8,0.1749959231938707,1.8219474257885748,0.0690876369329887,0.08191667419774543,False
TUBB,-0.20053093211474504,-3.615437768089034,0.0003316809256312947,0.0004962504977720332,False
TUBB1,0.42149339791179763,3.929031290776356,9.78655312822152e-05,0.00015343855380969606,True
TUBB2A,1.5071605542587783,7.375881149217601,7.265299473147024e-13,2.14752334183168e-12,True
TUBB2C,0.4672523816410159,10.331884441619483,0.0,0.0,True
TUBB4Q,0.45009419810330975,11.147511968013513,0.0,0.0,True
TUBB6,0.17830058980056407,3.084997870365594,0.0021534869116366373,0.002991199292794215,False
TUBBP5,-0.06671206505508209,-1.551476894289206,0.12144916084404356,0.14014955757989758,False
TUBD1,-0.1853937155900569,-6.309203343405757,6.399218932529038e-10,1.5167202239465429e-09,False
TUBE1,-0.1936427294848042,-4.563112447878578,6.4154569512364645e-06,1.1149615060545087e-05,False
TUBG1,0.5418766769711603,6.72072815291939,5.161004956732995e-11,1.3302666389932283e-10,True
TUBG2,0.6963877948631461,11.408343942504958,0.0,0.0,True
TUBGCP2,-0.008615013042240438,-0.49002647822652545,0.6243399612137437,0.6520192215069006,False
TUBGCP3,-0.36539006365559334,-7.4443668711555295,4.571898415406395e-13,1.3732385357774774e-12,True
TUBGCP4,0.02991774656530044,1.2880396904422475,0.1983552342777637,0.22313026793413673,False
TUBGCP6,-0.07084744081218863,-2.520386392106502,0.012047095576940725,0.0155050831229922,False
TUFM,-0.26528529809950996,-5.414080794440418,9.769293929373646e-08,1.964260722158405e-07,False
TUFT1,-0.153689833707209,-3.1580637386229244,0.0016886894216094905,0.0023675770992599467,False
TULP3,0.05094246614622122,2.6120153868416582,0.00928418477134052,0.012110126189680834,False
TULP4,-0.20629349267705832,-4.758153201678709,2.591810833285635e-06,4.6373204393627255e-06,False
TUSC2,-0.18599448456911016,-5.135375505849372,4.106415474325331e-07,7.839211111825239e-07,False
TWF1,-0.15577301889498685,-2.6200947326336106,0.009070168943557944,0.011855131744110285,False
TWF2,-0.4624806064359932,-11.631875995814747,0.0,0.0,True
TWIST2,0.005975357003799253,0.10655736100282995,0.9151848458854706,0.9244137355098855,False
TWISTNB,-0.15875220845802396,-5.067199860481313,5.778737302009063e-07,1.088913381021469e-06,False
TWSG1,0.22209972776662523,3.9363313893536565,9.502809819039726e-05,0.0001491522909190879,False
TXK,-0.2585880515860728,-3.9320194955861423,9.669449681393161e-05,0.00015166447559908472,False
TXLNA,-0.17047799747312453,-6.1734504744985665,1.4278163096292928e-09,3.3012878503853524e-09,False
TXLNG,-0.18388255762756467,-5.040145856573209,6.61078096264589e-07,1.240221268871629e-06,False
TXN,-0.15512545269923805,-2.935930879597183,0.0034857525225573394,0.004739422014558309,False
TXN2,-0.0677833487634043,-1.7652927018325273,0.0781529386321067,0.09222499007344263,False
TXNDC11,-0.2314213699505494,-4.684947463195888,3.65561803739034e-06,6.4793143826279934e-06,False
TXNDC12,-0.701090955306718,-13.176221944808336,0.0,0.0,True
TXNDC15,-0.31900869748016136,-7.1560174998197015,3.1437075165285933e-12,8.849552024167366e-12,True
TXNDC16,0.2081771088172215,4.963561941475937,9.643007410353732e-07,1.782092128346938e-06,False
TXNDC17,-0.35545323991749544,-5.475727025354055,7.051100925359322e-08,1.4350111582900004e-07,True
TXNDC3,-0.3310477809802199,-4.21273156569537,3.016382778353588e-05,4.941788255419568e-05,True
TXNDC9,-0.10336309840476776,-1.5228301188883013,0.12846238513264896,0.14756264602542712,False
TXNIP,-0.46161263145279285,-6.645140653627239,8.273071117059771e-11,2.0981397225321776e-10,True
TXNL1,0.1250882789409662,5.080384442604599,5.410882979450804e-07,1.0219373838382326e-06,False
TXNL4A,0.029049148801940206,0.6944793556267043,0.48771899644793426,0.5175527517350303,False
TXNL4B,-0.18963334079549865,-4.536348789789794,7.2470775323019154e-06,1.2526873663653326e-05,False
TXNRD1,-0.1514860378716847,-4.508620776505732,8.217319694914238e-06,1.4115017233181793e-05,False
TXNRD2,0.3826871654886479,12.762819284642262,0.0,0.0,True
TYK2,-0.42745513895557075,-9.206968278941144,0.0,0.0,True
TYMP,-0.34907688912828494,-8.697223208556633,0.0,0.0,True
TYMS,0.1349036227619429,1.2467252454225901,0.2131087469416757,0.23856167696998665,False
TYROBP,-0.5290416180274544,-16.88559289554405,0.0,0.0,True
TYSND1,0.18134834614867712,6.601194830029068,1.0863487887036172e-10,2.728663693213468e-10,False
TYW1,0.022566246854968774,1.232311736356058,0.21843837100926833,0.2441719161238003,False
TYW1B,0.020218651356235462,0.8000742350138815,0.4240651672832041,0.454654380299258,False
TYW3,-0.15109782911433456,-4.10840975543132,4.687200091857413e-05,7.548141738865587e-05,False
U2AF1,-0.5853274910540769,-18.146305521973737,0.0,0.0,True
U2AF1L4,-0.0818043074620034,-2.5294207088598175,0.011745416708108802,0.015137106182670093,False
U2AF2,-0.3274059301023371,-8.362617096842513,6.661338147750939e-16,2.5382717209375807e-15,True
UAP1,-0.07732323324947554,-1.0393509272448742,0.2991669246227937,0.32816910815445777,False
UAP1L1,0.24058232415110092,8.003474842925028,9.325873406851315e-15,3.2124621941842196e-14,False
UBA1,-0.28454795939293476,-9.251342236252349,0.0,0.0,False
UBA2,-0.14268994963701775,-2.4892317758037246,0.013140953126879795,0.016828308957034837,False
UBA3,-0.3945615106773417,-5.088337283594877,5.200058175169886e-07,9.845409289904982e-07,True
UBA5,-0.02428788588121078,-0.7996546734805111,0.42430804291366475,0.4548724380011638,False
UBA52,0.17090968442671173,7.762607716613574,5.084821452783217e-14,1.6425142544758799e-13,False
UBA6,-0.33137662217475494,-4.699645961020393,3.4129334751664686e-06,6.058496024108885e-06,True
UBA7,-0.3524138962813508,-6.412189774544789,3.448747953882503e-10,8.358116490800031e-10,True
UBAC1,0.8686602695817394,17.668176316083937,0.0,0.0,True
UBAC2,-0.19188204698136158,-7.605717129355825,1.5165646516379638e-13,4.735513207432287e-13,False
UBAP1,0.296197918613589,7.261389926833126,1.5645262863017706e-12,4.512212892315998e-12,False
UBAP2,-0.1755330573187699,-3.3443113103538717,0.0008897185520759798,0.00128210936688456,False
UBAP2L,0.09138610386673696,3.3816694619031056,0.0007795647885797674,0.00113138551085427,False
UBASH3A,-0.16025524668572633,-2.945581904995421,0.0033807283500704166,0.004606412333151305,False
UBASH3B,-0.27405857700956826,-7.307419261992841,1.1506351427215122e-12,3.3546358413083015e-12,False
UBB,0.6796396527315309,17.65855733932926,0.0,0.0,True
UBE2A,-0.35795226679158887,-7.520492333054078,2.722266856380884e-13,8.333189454863514e-13,True
UBE2B,0.11219389725339912,2.981723866079002,0.003012597094520064,0.0041218797875967,False
UBE2C,0.13861804950678547,1.864358294918221,0.06288404167935613,0.07497787766323395,False
UBE2D1,-0.43042659264472416,-5.66171720266025,2.588455072505269e-08,5.4429379299357784e-08,True
UBE2D2,-0.23808157380754924,-5.2159954539919084,2.728264365536859e-07,5.285381302828637e-07,False
UBE2D3,0.18763532107402092,3.183415916450081,0.0015503839512069906,0.002184571588251171,False
UBE2E1,-0.32719720773253513,-4.40594774913487,1.3011861992762164e-05,2.1957755390364396e-05,True
UBE2E2,-0.1326308706534136,-2.616483649736013,0.009165271681069065,0.011967214293157396,False
UBE2E3,0.6707179354928714,11.15224161850654,0.0,0.0,True
UBE2F,0.5288430958739117,9.332686422985947,0.0,0.0,True
UBE2G1,-0.22336506774302478,-4.474808393496161,9.569547734900041e-06,1.6359694324475153e-05,False
UBE2G2,-0.08034913202581251,-2.1804594051356365,0.02971031534867663,0.03667700380467325,False
UBE2H,0.7866184861521281,11.17189306997376,0.0,0.0,True
UBE2I,-0.12287427158162778,-3.0855399165331057,0.0021496429616632007,0.002986940563980508,False
UBE2J1,-0.44478261660144724,-6.18629894622194,1.3241745477898803e-09,3.0678130764263134e-09,True
UBE2J2,-0.27464386721160583,-13.140103314471698,0.0,0.0,False
UBE2K,-0.2422940493221919,-7.314403926875081,1.0980105713542798e-12,3.2044549712262346e-12,False
UBE2L3,-0.27537034038985375,-7.885980113679781,2.1316282072803006e-14,7.102755371611738e-14,False
UBE2L6,-0.48619555309606,-4.144060851143454,4.035969073301615e-05,6.540563837276492e-05,True
UBE2M,0.49366535599522,9.867001121381985,0.0,0.0,True
UBE2N,-0.1687363152678225,-3.0249567187137334,0.002620584418755012,0.0036103949192248515,False
UBE2O,1.7298587086177624,22.651728990598077,0.0,0.0,True
UBE2Q1,-0.20529848989537935,-8.149708942517,3.3306690738754696e-15,1.1896426995960166e-14,False
UBE2Q2,-0.18436059110925473,-3.236291089162057,0.001294964627559514,0.0018381635914797338,False
UBE2R2,-0.30817918825863355,-7.7693857104893995,4.8627768478581856e-14,1.5721113250204445e-13,True
UBE2S,0.3452694873926516,5.330874543910148,1.5097048455814388e-07,2.9869958976730665e-07,True
UBE2T,0.1258231886553367,2.5422969999099387,0.011327062930908127,0.014625763692537912,False
UBE2V1,0.41890635802517284,12.18809879382017,0.0,0.0,True
UBE2V2,-0.12798894875302302,-2.2014884580254503,0.02817850364734298,0.03487570468612267,False
UBE2W,-0.24031131134177297,-3.198031483927995,0.0014754838028756545,0.0020838766460672714,False
UBE2Z,-0.48732526526832487,-12.838148086985814,0.0,0.0,True
UBE3A,-0.21363144978565973,-6.18881583489294,1.304751862107878e-09,3.025858002742228e-09,False
UBE3B,0.08507823590723618,3.36196351468925,0.0008359799936414891,0.0012091478587087285,False
UBE3C,-0.10240610187841614,-3.2696057068717783,0.0011546642656810047,0.0016455001455374853,False
UBE4A,-0.44022970087488744,-11.94302698595383,0.0,0.0,True
UBE4B,-0.21449147966155024,-6.88889202841535,1.7794432594087084e-11,4.7370942697316644e-11,False
UBFD1,0.29367013277351406,5.97693694906394,4.450000812283861e-09,9.922485357471505e-09,False
UBIAD1,-0.00039335413848107237,-0.012791428566014455,0.9897995311465948,0.9908317371406645,False
UBL3,-0.39166080847907647,-5.302703625756013,1.747197164725378e-07,3.4421009304723157e-07,True
UBL4A,-0.16396362272679088,-3.4678217518609764,0.0005721003650835943,0.0008401356585157984,False
UBL5,-0.005416922491267684,-0.10412830671774423,0.9171111965500818,0.926004908687013,False
UBL7,0.667346173272378,12.868891923430509,0.0,0.0,True
UBLCP1,-0.5071096631947967,-10.369524024211845,0.0,0.0,True
UBN1,-0.294655105911132,-5.905694636725112,6.670143770648451e-09,1.4637718821508765e-08,False
UBN2,-0.3568824317068744,-10.145518370006814,0.0,0.0,True
UBOX5,-0.005948745391592514,-0.22742798736700043,0.820188186594673,0.8372693833201026,False
UBP1,-0.36076718573561184,-6.055017632868364,2.8428264187141394e-09,6.438560266843919e-09,True
UBQLN1,0.6726747492276806,11.910501207636976,0.0,0.0,True
UBQLN2,-0.5423197883829349,-8.174513949691306,2.6645352591003757e-15,9.591494265492883e-15,True
UBQLN4,-0.037632703093964714,-1.2531560377850002,0.21076148160158237,0.23609467145469487,False
UBR1,-0.02758871284798925,-0.8437618284236952,0.3992245013521303,0.4297418027357433,False
UBR2,-0.6006704327276218,-10.745857062875334,0.0,0.0,True
UBR3,-0.15239736734581344,-4.093582362040409,4.986481890689731e-05,8.006591148432537e-05,False
UBR4,-0.0776766530858648,-1.243041276900039,0.21446190943437315,0.23993655155152918,False
UBR5,-0.312470143664318,-5.941675448842493,5.439692474240587e-09,1.2043017030708691e-08,True
UBR7,-0.2589028334689112,-7.885639408747858,2.1316282072803006e-14,7.102755371611738e-14,False
UBTD1,-0.0007494280756921157,-0.019900986961129564,0.9841306608726028,0.9859280816308499,False
UBTD2,-0.07677458631490675,-1.859035545843604,0.0636363271575977,0.07578071462094159,False
UBTF,-0.037310861443105026,-1.525595851396156,0.12777181068740884,0.14679867218315007,False
UBXN1,-0.04556018404109352,-2.3818203567368768,0.01761757734547076,0.022264056329399633,False
UBXN10,0.08355357133997066,2.906369632100275,0.0038262462647271622,0.005184019139425098,False
UBXN11,-0.0810159544500264,-2.5997138859051407,0.00961872867620528,0.01251956334702922,False
UBXN2A,-0.03111271300677876,-1.0467386836607868,0.29574904543654545,0.32479104341534626,False
UBXN2B,-0.44106154475316206,-7.122734168285044,3.912425938779052e-12,1.0930689883287873e-11,True
UBXN4,-0.5604251189389124,-12.401694042955288,0.0,0.0,True
UBXN6,1.3877082457158334,15.91179067279369,0.0,0.0,True
UBXN7,-0.705741865180693,-16.102465884780642,0.0,0.0,True
UBXN8,-0.09801327708416263,-2.617209353817451,0.009146087905751887,0.011947582965111815,False
UCHL3,-0.38090399478305326,-5.717747057010231,1.9036855203324876e-08,4.042874909422921e-08,True
UCHL5,-0.14113697789150548,-4.772745185954158,2.4188039842165665e-06,4.341935966057446e-06,False
UCK1,-0.03354948020428372,-1.7124205733706424,0.08746763955165182,0.10266351538572216,False
UCK2,0.1412895680618611,5.461903691646904,7.587963635202755e-08,1.5404609290430123e-07,False
UCKL1,-0.10371831877774751,-3.199914202662797,0.0014660824824097585,0.0020708527424743114,False
UCP2,0.647229203131146,12.048006680313623,0.0,0.0,True
UEVLD,-0.13375287925253287,-3.9196174153531214,0.00010164312350702254,0.0001591662778245504,False
UFC1,-0.04429581870917332,-0.9271333589476897,0.3543251164544756,0.3844279002014792,False
UFD1L,-0.0680343155099985,-1.841122962076714,0.066222955126924,0.07866579561792693,False
UFM1,-0.1527731683930882,-3.394674172660208,0.0007442981996950149,0.0010821116953536384,False
UFSP2,-0.09093732498735907,-2.465228993000835,0.014042890919510276,0.017941444155039805,False
UGCG,-0.2929354321060149,-2.710494800280337,0.006959892545724378,0.009196031456090744,False
UGDH,-0.04231458910795993,-1.278810894506776,0.20158407178466442,0.22645279138751212,False
UGGT1,-0.030280344624147304,-1.072695551520709,0.28394891423583846,0.3125473046423911,False
UGP2,-0.2091453921911821,-4.2216772078646185,2.9032485672431108e-05,4.763891772944928e-05,False
UGT2B7,0.24955544239804395,8.836251029276786,0.0,0.0,False
UHMK1,-0.10531545612850479,-2.154971237851096,0.03166276565273196,0.038945370801262084,False
UHRF1,0.004943393808073182,0.16238519157774933,0.87107114331865,0.8841191734855519,False
UHRF1BP1,-0.10453846428973357,-2.1447644167558044,0.03247503811722319,0.03990186283437802,False
UHRF1BP1L,-0.644077992847568,-12.189372485038403,0.0,0.0,True
UHRF2,-0.03797185738077413,-0.6026352037860938,0.5470371406614603,0.576147099138645,False
UIMC1,0.1833240057750647,3.9698917903646733,8.295722039908249e-05,0.00013083026037473045,False
ULK1,-0.054475706891079057,-1.185238084349952,0.23651214682284394,0.2633781341117884,False
ULK2,-0.024271263029560064,-0.7130111650352862,0.4761867290126254,0.5067154671128343,False
UMPS,-0.13015763441598915,-2.288670601283656,0.022533875300988937,0.028171012545267157,False
UNC119,-0.5201533983408329,-10.012596227023533,0.0,0.0,True
UNC119B,-0.0825130677979864,-1.7035048945778912,0.08912350764943522,0.10455379209836484,False
UNC13D,-0.31412772358005014,-8.011577657800936,8.659739592076221e-15,2.990154087563729e-14,True
UNC45A,0.4715946982783157,11.794959402798657,0.0,0.0,True
UNC50,-0.4515508643007893,-8.215095452812928,1.9984014443252818e-15,7.261699128448871e-15,True
UNC93B1,-0.26385648420661845,-5.297604234790011,1.7938974328224333e-07,3.528069750500531e-07,False
UNCX,0.679354343517204,15.453704354126582,0.0,0.0,True
UNKL,-0.28672945259961935,-9.584656860633885,0.0,0.0,False
UPB1,-0.15543186119476493,-2.5218176015782072,0.011998849221306784,0.015449724310536091,False
UPF1,-0.4645447112353853,-10.34273396105808,0.0,0.0,True
UPF2,-0.19270394304975458,-3.4819057716353816,0.0005435479366615592,0.0008000419987738948,False
UPF3A,0.06999170896894347,2.3788669269511487,0.017757649496521255,0.022426309017698536,False
UPF3B,-0.20413319475083025,-4.423236824652195,1.205028755735249e-05,2.040383101178059e-05,False
UPK3A,0.23278989477700662,7.594699804846016,1.6364687382974807e-13,5.097480637222466e-13,False
UPP1,-0.3109203245880039,-5.6197115966425875,3.253699731864401e-08,6.792201379366807e-08,True
UPRT,-0.10318105731241767,-2.9610402031884226,0.0032185164833598012,0.0043942267834326835,False
UQCR10,0.0717506017159657,1.6231033063455673,0.10522650768229824,0.12224953524885461,False
UQCR11,0.1383009234415784,4.190046383661957,3.322426821505964e-05,5.4185239355694746e-05,False
UQCRB,0.28022902735894295,4.00731002704275,7.121641487461972e-05,0.00011288590655576503,False
UQCRC1,-0.2824598778839613,-7.119500570520996,3.9963587994407135e-12,1.1157066653116233e-11,False
UQCRC2,0.025927523581239065,0.8151134914405695,0.4154132323234896,0.44608418226291385,False
UQCRFS1,-0.37548606122554773,-6.804072621358112,3.052513797285883e-11,7.991342370667292e-11,True
UQCRH,0.2119716722640277,5.278515237736777,1.9797011452382662e-07,3.878921158700389e-07,False
UQCRHL,-0.07007194485409585,-2.353948497655343,0.018978950552741125,0.023913643777841286,False
UQCRQ,-0.1195331258635921,-3.0659145404733876,0.00229291434420964,0.0031779665901757724,False
URGCP,0.14378966726571907,4.877871823662268,1.462792868389684e-06,2.671197059445271e-06,False
URM1,-0.10253716471544694,-3.9566069707485005,8.755048049713388e-05,0.00013779122623944326,False
UROD,0.8896492391269888,17.420211304951536,0.0,0.0,True
UROS,0.5364649572231688,10.614994767110344,0.0,0.0,True
USE1,-0.3902372549594353,-7.722650722923358,6.727951529228449e-14,2.1509651308682347e-13,True
USF1,-0.820423781222229,-13.30876479371828,0.0,0.0,True
USF2,-0.2182963018360793,-7.082017833268764,5.10747000248557e-12,1.4115390345161057e-11,False
USMG5,-0.0254534794567558,-0.6295422567079028,0.529294846490642,0.5584307873901543,False
USO1,-0.39003243023684675,-7.063868329114167,5.749845044533686e-12,1.5845087336838162e-11,True
USP1,-0.2586395610409342,-3.3239285898783195,0.0009557586717374722,0.0013729123506352342,False
USP10,-0.2713067662636153,-6.492175956033722,2.1220802892685242e-10,5.21978279993255e-10,False
USP11,-0.3875201081376516,-6.130474165781885,1.8354429087708013e-09,4.20996950739364e-09,True
USP12,1.0517727102011185,22.548247422438237,0.0,0.0,True
USP13,-0.01054991317651277,-0.32272237792461017,0.7470465971746236,0.7683926915666122,False
USP14,-0.02191728994886777,-0.5946123660813251,0.5523839148843708,0.5812469457890808,False
USP15,-0.2198106541758431,-4.236193842580131,2.728223330072943e-05,4.4856415271353456e-05,False
USP16,-0.22651534510268645,-4.822975911907189,1.904294866905687e-06,3.447905151192488e-06,False
USP18,-0.3023080929934281,-2.7916915447547717,0.005453296951914988,0.007271273016449675,True
USP19,-0.001306106945884622,-0.06529199642842928,0.9479688081335098,0.9534316511734828,False
USP20,-0.09663155181300676,-2.3848330024793145,0.017475698597680722,0.02210415857545671,False
USP21,0.035985051006965474,1.3635459664475644,0.17335223960649926,0.1963658617393318,False
USP22,-0.28722032378797646,-8.818177111552208,0.0,0.0,False
USP24,-0.23258128648727183,-5.752657181482001,1.570025043307055e-08,3.3540649988601574e-08,False
USP25,-0.3740488849505579,-7.130233545160207,3.724576203012475e-12,1.0426098003037836e-11,True
USP27X,-0.17204131765184227,-6.582988632078462,1.2156231576909704e-10,3.040773757533613e-10,False
USP28,-0.013082762641930312,-0.3891756044409308,0.697319536116769,0.7214319863956405,False
USP3,-0.39119162013238995,-10.259665017290189,0.0,0.0,True
USP30,-0.11507348144965501,-4.055360905815897,5.844002242905155e-05,9.334344867053604e-05,False
USP31,-0.21510776390505093,-5.562113289681978,4.442221590572615e-08,9.16203231903419e-08,False
USP32,-0.01700949672401908,-0.4273180914393426,0.6693400537814225,0.6951697844656212,False
USP33,-0.16388980455261315,-3.35797359212504,0.0008478554368325231,0.0012249400196756345,False
USP34,-0.3589139909789214,-10.110828198139009,0.0,0.0,True
USP36,0.008431474731934507,0.31174511789282366,0.7553701441063807,0.7762640576158486,False
USP37,-0.11331118783416327,-4.421771811643088,1.2129054278942064e-05,2.0528148139749285e-05,False
USP38,-0.2442724075956244,-4.050678945575982,5.958199265121422e-05,9.508519996527246e-05,False
USP39,-0.20815049659015283,-6.7269738880512895,4.962719124534942e-11,1.2805905375340053e-10,False
USP4,-0.47818751781204405,-11.043846381063588,0.0,0.0,True
USP42,-0.18250237706654415,-7.858643755734318,2.5979218776228663e-14,8.599270720786724e-14,False
USP47,-0.2705673617361972,-6.856971123087724,2.1814994255464626e-11,5.771403739749587e-11,False
USP48,-0.32817430500572087,-7.87498851759642,2.3092638912203256e-14,7.665824427367992e-14,True
USP5,0.1805191019608121,6.058372034432242,2.7883284570151545e-09,6.317615164507782e-09,False
USP53,-0.04373229864184314,-1.5638642333526716,0.11851113485419429,0.13692374748098937,False
USP54,0.08218505368015938,2.9104843489805927,0.003777102236361518,0.00512165281467314,False
USP7,0.12973917618785702,4.0503826915722945,5.965496007043214e-05,9.518845893493667e-05,False
USP8,-0.5151426394384657,-12.350431808185826,0.0,0.0,True
USP9X,-0.2525413964999714,-7.15236036091697,3.220312905227729e-12,9.047508379345906e-12,False
USP9Y,-0.037058394261439975,-1.2443644739970907,0.21397517104516472,0.23941524966189923,False
USPL1,-0.21520675970445735,-3.701137156518836,0.00023961510547021447,0.00036284033126217965,False
UTF1,0.25296460129216936,9.638172605824929,0.0,0.0,False
UTP11L,-0.3459081743436818,-9.02491967811715,0.0,0.0,True
UTP14A,-0.2248930440570467,-5.155942474037621,3.701516337883959e-07,7.095650972888221e-07,False
UTP14C,-0.20125461012199075,-6.898375400935917,1.674704819265571e-11,4.469630401557024e-11,False
UTP18,-0.4535736804231947,-7.155864079951885,3.1468161409975437e-12,8.856138560505914e-12,True
UTP23,-0.17007156223943243,-5.486657250307549,6.65290595946999e-08,1.355648748401465e-07,False
UTP3,-0.34548376722489405,-6.145691007104726,1.6795489443666156e-09,3.863163795958275e-09,True
UTP6,-0.25908717409373594,-6.737648949362053,4.6409542875380794e-11,1.199711679491722e-10,False
UTRN,-0.5507434075624182,-8.137011164088946,3.552713678800501e-15,1.2658122136128355e-14,True
UTS2R,0.4061198664104455,13.312923402256024,0.0,0.0,True
UTY,-0.20734730745014218,-3.793738726091922,0.0001674323139717604,0.000257222302566112,False
UVRAG,-0.44051996575016394,-12.295039322639706,0.0,0.0,True
UXS1,0.13313051511257878,2.889636870290973,0.004032154984169534,0.005454015178798597,False
UXT,-0.10103510494819368,-2.7316803543317305,0.006534330418171974,0.008648621404908994,False
VAC14,-0.0170825902353946,-0.46818060467796924,0.639868815638134,0.6669666896512231,False
VAMP1,-0.07283271762267374,-2.136598023238452,0.03313776435890192,0.040672765865763585,False
VAMP2,0.08399731306471114,2.574980793355072,0.010324158976953823,0.013399885887947166,False
VAMP3,-0.35718882455056367,-7.470408030599218,3.83026943495679e-13,1.1589407307924156e-12,True
VAMP4,-0.020325326462736548,-0.49298644342274395,0.6222485238732447,0.6501297729247987,False
VAMP5,-0.6256753777531872,-6.372395839546257,4.383373664040846e-10,1.0541144308160022e-09,True
VAMP7,0.20013718993749485,3.676514269830785,0.00026324941517663625,0.00039727106162972263,False
VAMP8,-0.22913894282671787,-3.7216911172163165,0.00022143069560143225,0.0003367208161891615,False
VANGL1,-0.11853360803261692,-2.852639876508243,0.004523696427298107,0.006090994640098994,False
VAPA,-0.38099778187090827,-8.921741640725118,0.0,0.0,True
VAPB,-0.18035300240421037,-6.308901486601949,6.410747488416746e-10,1.5191401011946614e-09,False
VARS2,-0.06966621698917086,-2.1916205913571,0.028888589229344452,0.03570851586359253,False
VASH1,0.0011726791430546335,0.03797617640825333,0.9697225294148006,0.9725086031977267,False
VASP,-0.665959717899332,-14.005703943677508,0.0,0.0,True
VAT1,-0.24945264879027995,-3.680497849502674,0.00025928264974184323,0.00039138734666181263,False
VAV1,-0.6596411192735347,-14.450935234400639,0.0,0.0,True
VAV2,0.00404668683634668,0.10304396169846534,0.9179712898480754,0.9264970899640744,False
VAV3,-0.3651421377127386,-5.993586528441878,4.046077251018687e-09,9.060412879954172e-09,True
VBP1,0.16539219658266724,2.4245589340795113,0.01569669678355501,0.019959184264242206,False
VCAN,-0.4580498962063224,-4.531027603888284,7.424316296189559e-06,1.2814009501919018e-05,True
VCL,-0.049197811112293266,-0.7766646178701351,0.43774076555181596,0.4684444331467269,False
VCP,-0.3906913078788259,-10.76173902065287,0.0,0.0,True
VCPIP1,-0.32471148105409053,-4.1996434304422365,3.1895065711884385e-05,5.2113370487261875e-05,True
VCX2,0.04055853219526728,1.333821983306,0.18289729238293662,0.2064674550136267,False
VDAC1,-0.484478320235481,-8.586688550200742,2.220446049250313e-16,8.732440437457957e-16,True
VDAC2,-0.12296045321135818,-3.24459157506953,0.001258602912571849,0.0017894158170717266,False
VDAC3,0.018062936392812645,0.47976914810248417,0.6316109700138373,0.6588957402272588,False
VDR,-0.3494528538429602,-7.362520982925293,7.949196856316121e-13,2.3448603991781153e-12,True
VEGFA,-0.00011529883124605789,-0.0026961644025439934,0.9978498993262424,0.9978498993262424,False
VEGFB,-0.11832253744190435,-2.503743039892929,0.012620943054135747,0.016200205375595016,False
VENTX,-0.03302598103059706,-1.0499143791888095,0.29428792917799096,0.32334058147665756,False
VEPH1,0.11167528668336812,2.2618064955306485,0.024157682901141175,0.030096511933619424,False
VEZF1,-0.5438544946304251,-11.858609033988339,0.0,0.0,True
VEZT,-0.07958089860985895,-2.632138964598208,0.008759325096431736,0.01146706055072135,False
VGLL1,0.2666464707096332,9.27073959032079,0.0,0.0,False
VGLL4,-0.09217022275618936,-2.844297865439466,0.004641793307985642,0.0062427106964024065,False
VHL,-0.16884177860867045,-6.861417999340949,2.1205481814945415e-11,5.6140185020996606e-11,False
VILL,0.2070658064485853,7.390103408185231,6.601386104421181e-13,1.959324054028023e-12,False
VIM,-0.3012378959076063,-9.169426577662602,0.0,0.0,True
VIPAR,-0.2663468809430065,-8.279330380638541,1.3322676295501878e-15,4.939295405467851e-15,False
VIPR1,0.17008338161318903,6.650664069656688,7.99380561744556e-11,2.0304442537454332e-10,False
VIPR2,0.6099521340521576,14.434712564334129,0.0,0.0,True
VKORC1,-0.22635481366207966,-4.257763624794488,2.4866322439365263e-05,4.108953782513964e-05,False
VKORC1L1,-0.04527609003070232,-1.481464135730034,0.1391417245775879,0.15925810069646612,False
VMA21,-0.136309803405684,-2.0769694917017563,0.03833783813947389,0.046701941363007586,False
VNN1,-0.30709736479551886,-2.688582789619313,0.0074261661928571865,0.00979077582414123,True
VNN2,-0.5551751584622675,-7.15939454787877,3.0744295997919835e-12,8.667242917279456e-12,True
VNN3,-0.5955046672595676,-8.00808392391695,8.881784197001252e-15,3.065905668722128e-14,True
VOPP1,-0.018814416461370165,-0.6051807785768548,0.5453460430178669,0.5745236024805935,False
VPRBP,-0.17729068773172685,-3.17542659654731,0.0015927964713429166,0.0022413171944049666,False
VPREB3,-0.06843500827718074,-0.9738506402720832,0.330623193111375,0.36044374043629834,False
VPS11,-0.020183153944436594,-0.5120373072358303,0.6088613501688263,0.6369515841063218,False
VPS13A,0.07644088936846183,2.3358871011454014,0.019909645072303084,0.02502610231207543,False
VPS13B,-0.40799632854434176,-10.26268398796073,0.0,0.0,True
VPS13C,-0.12522256474962745,-1.579246617675428,0.11494089638835381,0.13301227501481291,False
VPS13D,-0.175617629990787,-7.8112939842418685,3.6193270602780103e-14,1.1820535414613667e-13,False
VPS16,-0.5706328380068326,-14.164764078813846,0.0,0.0,True
VPS18,-0.29656375721886796,-7.117511123161721,4.048761326203021e-12,1.1292416880516368e-11,False
VPS24,-0.033039212192551126,-1.2837853131799633,0.19983894953738868,0.22466766149923678,False
VPS25,-0.41960109079373,-8.076663654619264,5.551115123125783e-15,1.942384419905404e-14,True
VPS26A,-0.3121675071234771,-5.577125671182319,4.0970022041619814e-08,8.475820472295593e-08,True
VPS26B,-0.3454918463013481,-7.859813668319083,2.5757174171303632e-14,8.528223319322981e-14,True
VPS28,0.5192138539238469,12.64987002448987,0.0,0.0,True
VPS29,-0.2771169881121267,-5.329913792940889,1.5172618872405508e-07,3.000916840508912e-07,False
VPS33A,-0.45673963948528495,-9.3179630825407,0.0,0.0,True
VPS33B,-0.38852842586362435,-9.77434024476712,0.0,0.0,True
VPS35,-0.6772501408967981,-9.293337685180855,0.0,0.0,True
VPS36,-0.17544945998971606,-4.450215375124735,1.0684408950689672e-05,1.8181962875313093e-05,False
VPS37A,0.005934938347203822,0.19824698451090197,0.8429361014911783,0.8586647464694803,False
VPS37B,-0.519673691436358,-9.874507029132273,0.0,0.0,True
VPS37C,-0.35222299840503,-8.545681719261307,2.220446049250313e-16,8.732440437457957e-16,True
VPS37D,0.2960590997255914,11.809840351808317,0.0,0.0,False
VPS39,-0.49924286471129165,-11.420029434819611,0.0,0.0,True
VPS41,-0.19973448056576792,-5.6300843083503285,3.07541725419469e-08,6.432854794092726e-08,False
VPS45,-0.20368075250380935,-5.1360263420127605,4.0929697631142403e-07,7.81483817359737e-07,False
VPS4A,0.01284470441935337,0.28366970600241476,0.7767863191114603,0.7965638395660031,False
VPS4B,-0.18653069558308566,-4.473500529768712,9.62591761921594e-06,1.6451178791654068e-05,False
VPS52,-0.34846447313390794,-10.315226781134909,0.0,0.0,True
VPS53,-0.33130235912378847,-11.714624566832512,0.0,0.0,True
VPS54,-0.3157107043902494,-3.560495248007758,0.00040719021549007195,0.000605294114367033,True
VPS72,-0.14934531721966504,-5.125196449943723,4.322352409324992e-07,8.235060767948162e-07,False
VPS8,-0.5228686786383063,-7.857479832249162,2.6201263381153694e-14,8.667787274196135e-14,True
VRK1,-0.13180897126578506,-1.930912590637539,0.05408480232998025,0.06496379958697003,False
VRK2,-0.4261431858959037,-5.594491515445236,3.730157693837555e-08,7.740530800813329e-08,True
VRK3,-0.35193556107026946,-9.16744479928532,0.0,0.0,True
VSIG2,0.1787633537274691,8.205335523840334,2.220446049250313e-15,8.040653266681659e-15,False
VSIG4,-0.194838687465126,-1.3397872591263829,0.18095101365807298,0.2044306322408143,False
VSTM1,-0.15573921899185628,-1.3818803194963616,0.16765381927271328,0.19017275669151987,False
VSX1,0.30777074581084607,8.432019422894877,4.440892098500626e-16,1.713723151846858e-15,True
VTA1,-0.21845144171633946,-4.097556924616411,4.9045222697552404e-05,7.880484310965353e-05,False
VTI1A,-0.47041142455974416,-11.831219350252756,0.0,0.0,True
VTI1B,1.232997399451631,24.105142096293395,0.0,0.0,True
VWA1,0.27096191316248586,9.381076663930617,0.0,0.0,False
VWA5A,-0.36353595180218656,-4.910626525828865,1.2482977509442605e-06,2.289770459440207e-06,True
VWCE,1.2409197078148217,10.800911783090681,0.0,0.0,True
VWF,0.17911167649695425,4.631889021630197,4.677352823723169e-06,8.224458430234648e-06,False
WAC,0.19219448946796547,5.814824101649084,1.1113377107463407e-08,2.402232893617395e-08,False
WAPAL,-0.3467618949599336,-7.785152468971609,4.3520742565306136e-14,1.4137491077545443e-13,True
WARS,-0.6456181023039758,-6.282416564023311,7.50557616058245e-10,1.7687547420979796e-09,True
WASF2,0.3915405565162118,10.553615818347694,0.0,0.0,True
WASF3,0.17589938840588193,3.4077398897823206,0.0007103675720241398,0.0010350017786676026,False
WASH2P,-0.32066073859241495,-6.966252175941178,1.0828005159169152e-11,2.927195292853073e-11,True
WASH3P,0.3072632003022666,9.054494906755918,0.0,0.0,True
WASH7P,0.2241587071197495,6.606692151981955,1.0500378344602268e-10,2.6443781843347954e-10,False
WASL,-0.17976753312509786,-4.855984500943953,1.6254923973502144e-06,2.9589201841145893e-06,False
WBP11,-0.09840558948209699,-3.939421583161285,9.385061815447848e-05,0.00014734431927510393,False
WBP2,0.21446427997629014,9.791477879628516,0.0,0.0,False
WBP4,-0.2094427444226845,-4.720993593180732,3.087877737506517e-06,5.492474314134893e-06,False
WBSCR16,0.19881336167605657,5.062197601159367,5.924535915191598e-07,1.1154744885108207e-06,False
WBSCR22,-0.096501332441004,-2.721711055605206,0.0067315734809938466,0.008904569927373464,False
WBSCR26,0.005981311490764973,0.1420964769933931,0.8870636635606766,0.899162824758486,False
WBSCR27,0.13347505037780527,4.691413008897443,3.546888799332848e-06,6.290471451811405e-06,False
WDFY1,-0.3799654081418655,-6.246824506592103,9.269174316983708e-10,2.1701548568564094e-09,True
WDFY2,-0.5175963554670555,-13.990631574964029,0.0,0.0,True
WDFY3,-0.6024036182056927,-8.333364058947524,8.881784197001252e-16,3.353302922492869e-15,True
WDFY4,-0.29231556558510086,-4.934808173729366,1.1097652792280144e-06,2.0420744810587057e-06,False
WDR1,-0.2387355777182174,-5.903834578661255,6.7406462633812225e-09,1.4783987872789091e-08,False
WDR11,-0.44943945906687066,-5.876635537191718,7.858501849256072e-09,1.7131355564265838e-08,True
WDR12,-0.25217930784002407,-5.654304545173133,2.69534603525301e-08,5.6594405723804996e-08,False
WDR13,0.02036888195576836,0.4986505754466226,0.618254916547953,0.6463089557778264,False
WDR18,-0.17358878617608697,-5.099687670570748,4.912875066764855e-07,9.321595765782303e-07,False
WDR20,-0.2232551041602746,-7.5552426273532225,2.1449508835758024e-13,6.613407180918005e-13,False
WDR25,0.15546278808438174,5.031053031901002,6.915588286471319e-07,1.2946637651854888e-06,False
WDR26,0.6992265559112907,14.458497532717606,0.0,0.0,True
WDR3,-0.0024363991805729235,-0.08612999234656515,0.9313991421204402,0.9384872916449746,False
WDR31,0.2886524201896341,9.508534342439706,0.0,0.0,False
WDR33,-0.19766065923912723,-8.442829683072087,4.440892098500626e-16,1.713723151846858e-15,False
WDR34,0.31686217025559005,8.89229006408955,0.0,0.0,True
WDR35,-0.07684407220286404,-3.0834649250664303,0.0021643921223315488,0.003005621803150947,False
WDR36,-0.09634023280046788,-3.112793274001272,0.001964316549621037,0.002737684493053203,False
WDR37,-0.4531761593425241,-6.845725253996424,2.3434143514577954e-11,6.18414431029607e-11,True
WDR4,0.17399920776464972,6.039682815738696,3.1055074067865007e-09,7.010060713065589e-09,False
WDR41,-0.22451473287244017,-4.674526845539968,3.837635733194844e-06,6.794608977969783e-06,False
WDR43,-0.03874961523283993,-1.4391019483561391,0.1507760395575688,0.17192528208905516,False
WDR44,-0.22987091457467912,-5.08669372914361,5.242965823715195e-07,9.916867540784128e-07,False
WDR45,0.9226450026604027,18.509279397236526,0.0,0.0,True
WDR45L,0.03946749122688731,1.1090268381191448,0.26797618510171795,0.29605339759969795,False
WDR46,-0.012449442184605086,-0.41329879378466505,0.6795730327868634,0.7047809277637418,False
WDR47,-0.16502281324882118,-4.151682217701823,3.908396743668163e-05,6.33828271016663e-05,False
WDR48,0.0036248007079295874,0.17519734525995073,0.8609987468421316,0.8745894678019853,False
WDR5,-0.06119668528107791,-2.139977002463613,0.03286215528731806,0.04036459445026837,False
WDR54,-0.13300649940917797,-2.1395124361492943,0.0328999308832274,0.040398070977923084,False
WDR55,-0.1846567292644199,-7.0877563780969295,4.919620266718994e-12,1.3622381214503868e-11,False
WDR59,0.17419875044021316,6.087544338648793,2.355467154657731e-09,5.355828297375129e-09,False
WDR5B,-0.0759162755249756,-2.5591100261027386,0.010800804507191897,0.013983867271928005,False
WDR6,-0.14123519851484456,-2.76907414939719,0.005840107027259789,0.007766357982799066,False
WDR61,-0.15501577076343587,-4.30432734010629,2.032814615637868e-05,3.379906402646161e-05,False
WDR62,0.33504576708660894,13.29859548700206,0.0,0.0,True
WDR7,-0.04146904772736004,-0.9458267997454608,0.34471472910107837,0.37463618874566673,False
WDR70,-0.06781688404951414,-1.3356412357209309,0.1823020859347193,0.20583588785356124,False
WDR73,-0.48093398718253866,-11.3913376324336,0.0,0.0,True
WDR74,0.12527462487903973,6.50186104837745,2.000248855438258e-10,4.92852760765632e-10,False
WDR75,-0.11496918729774741,-2.8667478335147165,0.004330170473226813,0.005840659681627594,False
WDR77,-0.05749845573745205,-2.514270788132556,0.012255202660564901,0.015755321366857936,False
WDR8,-0.2691190784297435,-5.778404272713558,1.3611854310369154e-08,2.922552652397806e-08,False
WDR81,0.2363312637869317,9.378044818418802,0.0,0.0,False
WDR82,-0.3286608584239099,-13.515824164912637,0.0,0.0,True
WDR83,0.018524292419962674,0.6394915870699952,0.5228094921867732,0.5523472934512924,False
WDR85,0.15011346857381458,5.203357039235043,2.909886407387319e-07,5.625878067588877e-07,False
WDR89,0.15165471242083672,4.720236905279483,3.0988722341529495e-06,5.511179444991173e-06,False
WDR90,0.2617089796261238,9.036454526967086,0.0,0.0,False
WDR91,-0.08781963935296,-3.2326114409809974,0.0013113930770640714,0.0018596499882680092,False
WDR92,-0.0893591077761764,-3.0095867754810492,0.002754249220629168,0.003784587471361969,False
WDSUB1,-0.3599749925472451,-7.414818924573999,5.586642259913788e-13,1.6667322505036756e-12,True
WDTC1,0.060770755092022455,1.9349205369854936,0.05358957939242903,0.0643891066049223,False
WEE1,0.15579853758304862,2.4830038101914114,0.013369900461759787,0.017110085925898345,False
WFDC1,0.588212307483408,4.458972019121125,1.0273893204848505e-05,1.7514425903011682e-05,True
WFDC2,0.25135889825222746,9.930080459798507,0.0,0.0,False
WHAMM,-0.12051600161429121,-2.8686586705370805,0.004304545680949623,0.005808136546662611,False
WHAMML1,0.29240212594799697,3.9938656632996343,7.524061278529892e-05,0.00011908444884224489,False
WHSC1,0.06058080619559458,1.9604205354638542,0.050526984198703495,0.06084260202643379,False
WHSC1L1,0.21610020907954564,6.439362566704214,2.9258262479459063e-10,7.129805912859932e-10,False
WHSC2,-0.013065085326521952,-0.4367158219297073,0.6625146284394132,0.6886397766642846,False
WIBG,-0.2170475606788056,-4.953764851380563,1.0116637798596173e-06,1.8672256177219886e-06,False
WIPF1,-0.415771947238909,-8.737832414864524,0.0,0.0,True
WIPF2,-0.5776805480103704,-14.563414772423133,0.0,0.0,True
WIPF3,0.09458412420607365,3.2827136109452955,0.0011034320868497094,0.0015758038939278208,False
WIPI1,-0.0997957423892224,-1.248189437112075,0.21257265365926203,0.23800781468711502,False
WIPI2,0.5710041533032424,14.114351319596675,0.0,0.0,True
WIT1,0.0892291373681342,2.6797374620914787,0.007622219830853982,0.010042359628457856,False
WIZ,0.013516694522377914,0.45207118864005685,0.6514227413218201,0.6779057328833721,False
WLS,-0.3987971046360692,-4.810372326361298,2.0224656243073014e-06,3.653250984223899e-06,True
WNK1,1.2424221193100609,18.97360883777874,0.0,0.0,True
WNT10B,0.12246065888738977,4.133478410559711,4.219693817564263e-05,6.822944004003754e-05,False
WNT11,0.24414995432874909,8.168585174727975,2.886579864025407e-15,1.0368105224106224e-14,False
WNT2B,0.2128327573118507,7.119851671452965,3.987032926033862e-12,1.1133729036359773e-11,False
WNT3,0.24997287102639554,8.283620189136418,1.1102230246251565e-15,4.157561450148628e-15,False
WNT4,0.21366590703076183,7.346064216492321,8.879563750952002e-13,2.6106098735889767e-12,False
WNT9A,0.2696648425890533,10.863138936201874,0.0,0.0,False
WRAP53,-0.048280490093572936,-1.5328921875430852,0.12596388870928177,0.144923894730545,False
WRB,-0.17426162125190636,-2.7864325034227098,0.005541108930739336,0.0073823772580599595,False
WRNIP1,-0.06457787306097718,-1.0750124825298024,0.2829113896680331,0.31149458015542664,False
WSB1,-0.43878226063277026,-5.777805225966115,1.3657214914530869e-08,2.9306531035857126e-08,True
WSB2,-0.4406058929145269,-6.9900363993560415,9.28634946717466e-12,2.52048679341152e-11,True
WSCD1,0.19644999477975755,8.066586581531219,5.773159728050814e-15,2.017628243550283e-14,False
WTAP,-0.28931896003437885,-5.066792520386785,5.790478900813412e-07,1.0907690344802892e-06,False
WTIP,0.3993309942070793,11.044320825814866,0.0,0.0,True
WWC3,-0.14728898162566484,-2.2614245109035336,0.024181487458704964,0.030122910569570942,False
WWOX,-0.02871981605344498,-0.8721423820925678,0.3835685045926853,0.41389467020169945,False
WWP1,-0.16815794031462294,-5.09936114858467,4.920917953121773e-07,9.335318495060887e-07,False
WWP2,-0.08772882389016878,-5.085457820102583,5.275456613773599e-07,9.973409606771392e-07,False
WWTR1,0.21643440841142736,7.957820093378849,1.2878587085651816e-14,4.3721911181733943e-14,False
XAF1,-0.6419451275593708,-3.878094905975148,0.0001200143451793867,0.00018701910742983702,True
XBP1,-0.10462146571991404,-1.3008383686466078,0.19394043920814008,0.21837731370855967,False
XCL1,-0.17054333538428912,-2.788151311825923,0.0055122695968876645,0.00734565403592654,False
XIAP,-0.637607834440332,-15.423006915391667,0.0,0.0,True
XIST,-0.011304515279210836,-0.05812867903294085,0.9536704188306793,0.9584129780588548,False
XK,1.7203537522127035,24.56921309810057,0.0,0.0,True
XKR3,-0.09683427152239998,-2.0062385670009806,0.045393575555879195,0.054931042843594124,False
XPA,-0.18699643581612913,-5.769265758607792,1.4320075125695553e-08,3.068321156489715e-08,False
XPC,-0.42787066816652475,-8.259286311860087,1.5543122344752192e-15,5.7274864455918265e-15,True
XPNPEP1,-0.022364101076455256,-0.39043711419909505,0.6963872601864023,0.7205321880972935,False
XPNPEP3,-0.2530062451949173,-7.048377309662879,6.360245663472597e-12,1.7477020466970623e-11,False
XPO1,-0.1417180511687075,-2.4515943104527347,0.014579281629744534,0.018593749456712497,False
XPO4,0.09098395447133445,2.9206719777447425,0.0036578928207791073,0.004964683327742964,False
XPO6,-0.7323172012446957,-12.254963743608862,0.0,0.0,True
XPO7,1.2642985760662766,19.832302800203383,0.0,0.0,True
XPOT,-0.21134695519740543,-3.4522130070042416,0.0006053775703429576,0.0008875326756752613,False
XPR1,0.2554559600830708,8.958781395239882,0.0,0.0,False
XRCC1,0.021126057318444413,0.985483906512869,0.32488491855266854,0.3546914393714519,False
XRCC4,-0.17264544444615115,-3.7383289252720333,0.00020767114734998593,0.0003165913110540614,False
XRCC5,-0.3265724033237598,-8.807790367137212,0.0,0.0,True
XRCC6,-0.5464533549625799,-11.359152728905265,0.0,0.0,True
XRCC6BP1,-0.057629948769408745,-1.2832196221472525,0.2000368452939285,0.2248681976130343,False
XRN1,-0.3856779725518793,-5.857784610372235,8.73731220707441e-09,1.8989641379866065e-08,True
XRN2,-0.6427839233291808,-11.092483777150663,0.0,0.0,True
XRRA1,-0.43397670685112644,-5.4213801832397746,9.400803713255357e-08,1.8928134587133098e-07,True
XYLT1,-0.2818947286754643,-4.702079576673573,3.3742779845802318e-06,5.993571026118688e-06,False
XYLT2,-0.008273051378045349,-0.30456494306283,0.760830058669242,0.7814470858019956,False
YAF2,-0.23119127015200558,-6.237773081137837,9.778757803502458e-10,2.285281216038645e-09,False
YARS,-0.07282889478984256,-2.1984170041943734,0.028397888642617275,0.03514345501442935,False
YARS2,-0.11436624490354541,-2.8371420809105126,0.004745320839326217,0.006375245013785712,False
YBX1,0.7229402776420422,13.909678645496609,0.0,0.0,True
YBX2,0.22703475996565814,6.754130411961403,4.1840086950628574e-11,1.0857309339587533e-10,False
YDJC,-0.03047050335895385,-0.8877691511939557,0.37511135832848774,0.4052243961911141,False
YEATS2,-0.4457082736123694,-9.007928889524354,0.0,0.0,True
YEATS4,-0.06357599310645323,-1.1612756682489462,0.24610930423008348,0.2734310450835582,False
YES1,0.025452653744869824,0.5837487199594537,0.5596646927121616,0.5886392983337646,False
YIF1A,0.0402549665810632,0.8551563591930463,0.3928929504106593,0.4233218497596469,False
YIF1B,0.1958612269167399,4.724267040860021,3.040746227478408e-06,5.411983280952377e-06,False
YIPF1,-0.5535193355306394,-11.732337787421338,0.0,0.0,True
YIPF2,0.6912399821279442,17.46795284267232,0.0,0.0,True
YIPF3,0.1704104681446017,5.008312233239893,7.738555591885188e-07,1.4410026166007998e-06,False
YIPF4,-0.17530650716016005,-4.334638851968695,1.78114890410086e-05,2.9726244894722986e-05,False
YIPF5,-0.25074243545392694,-5.161036973316032,3.6073583808970966e-07,6.926681311810911e-07,False
YIPF6,0.8306295947168802,21.350579828581473,0.0,0.0,True
YIPF7,0.25828649772733847,9.650804561697221,0.0,0.0,False
YJEFN3,0.22862968412986806,10.306072352423122,0.0,0.0,False
YKT6,-0.24921127432176826,-9.386301609864345,0.0,0.0,False
YLPM1,-0.4162997282561669,-11.480167233840769,0.0,0.0,True
YME1L1,-0.34779078705678934,-11.589912803497125,0.0,0.0,True
YOD1,1.8940673536888486,18.615816260644138,0.0,0.0,True
YPEL1,0.055274343142280635,1.6495519336072186,0.09969147589947713,0.11618232607103168,False
YPEL2,0.20783952893018132,4.776733934471643,2.373482465678478e-06,4.262573202705081e-06,False
YPEL3,0.8126821131404558,14.350768254025457,0.0,0.0,True
YPEL4,0.8082648173626539,12.506869222661534,0.0,0.0,True
YPEL5,0.19600030208331098,3.839150273036054,0.00014006311553926842,0.00021682395214310348,False
YRDC,-0.062057314648436446,-1.8755659185364724,0.06132412402219156,0.07325444204206415,False
YTHDC1,-0.3933655058508414,-7.097335138993463,4.6209702730948266e-12,1.2820076246574977e-11,True
YTHDC2,-0.2743406418308667,-4.2173727130343455,2.9571722843568793e-05,4.849610982845514e-05,False
YTHDF1,-0.23645032931518983,-7.70108203766779,7.838174553853605e-14,2.4989740571779595e-13,False
YTHDF2,-0.853706761165336,-18.770174523474495,0.0,0.0,True
YTHDF3,-0.32465158965553176,-5.937428295102052,5.5725091208103095e-09,1.2322851327052018e-08,True
YWHAB,-0.5011698424965534,-14.866786527947463,0.0,0.0,True
YWHAE,-0.17948550470950186,-4.992785560046473,8.353991898246704e-07,1.5518405527480049e-06,False
YWHAG,-0.1439883222944598,-4.206813590735282,3.0935233125584105e-05,5.061689635988683e-05,False
YWHAH,0.0876667198642167,1.496286644850863,0.1352388337964514,0.15491409372527087,False
YWHAQ,-0.4210780790646558,-5.989489677914621,4.142014509156411e-09,9.268039069730517e-09,True
YWHAZ,-0.21152437820184833,-6.054425199774531,2.8525588557926085e-09,6.458063180006891e-09,False
YY1,0.034090784874286406,0.9088205926517449,0.3639027589006054,0.39403984581463375,False
YY1AP1,0.6763187738906655,15.090109983040014,0.0,0.0,True
ZADH2,-0.3517797916487053,-9.186326547688422,0.0,0.0,True
ZAK,-0.2501254465314271,-5.719373538581207,1.8867109430331652e-08,4.00904323054769e-08,False
ZAP70,0.0023883874694998752,0.06068330873084308,0.9516367845111304,0.9567031000858536,False
ZBED1,-0.69043069815074,-12.75979887175824,0.0,0.0,True
ZBED4,-0.034746039175944876,-1.2784407427398001,0.20171437242619272,0.22657707030495505,False
ZBED5,-0.35621947959139,-4.867583121423304,1.5372153965298452e-06,2.803544039364675e-06,True
ZBP1,-0.6221534923243484,-5.769931046514037,1.4267326653438772e-08,3.058725771839963e-08,True
ZBTB1,-0.15495193643365912,-3.0812815779608327,0.0021800119165173992,0.0030262180364381687,False
ZBTB11,-0.07981426003971137,-1.4082214540414206,0.15971546965873018,0.18166905253272567,False
ZBTB16,-0.09083717858477236,-0.5752695902302533,0.5653796335536829,0.5942160582942403,False
ZBTB17,0.049474645422561636,2.2053018023626074,0.027908167578093668,0.03455968418964319,False
ZBTB2,-0.17290922462088432,-6.229504471465982,1.0268155214987473e-09,2.3962495932220566e-09,False
ZBTB20,-0.5858042176626492,-8.582394758897873,2.220446049250313e-16,8.732440437457957e-16,True
ZBTB24,-0.08645765533658611,-1.9613735511362154,0.05041543747767396,0.06071462878257464,False
ZBTB3,-0.21921523274355925,-6.607874037857211,1.0423861773745102e-10,2.6262568628996026e-10,False
ZBTB33,-0.481074000843682,-7.303225430288573,1.1834977442504169e-12,3.446084559155852e-12,True
ZBTB34,-0.4098436577894269,-6.0427333743080265,3.0514304416584537e-09,6.896101090340147e-09,True
ZBTB38,-0.4858734101063584,-7.996856050637916,9.769962616701378e-15,3.3574045161629824e-14,True
ZBTB4,-0.005135636181201164,-0.14563189775403282,0.8842733676736179,0.8964922480401692,False
ZBTB40,-0.049567476864946336,-2.2734672113748347,0.02344075085608832,0.02923495118138603,False
ZBTB41,0.025141578897301287,0.6016528571503608,0.5476904370057978,0.5767824231001815,False
ZBTB43,-0.3979030788411926,-13.488303606013673,0.0,0.0,True
ZBTB44,0.3600648089883087,6.560885356301023,1.3929546405222482e-10,3.472288358402029e-10,True
ZBTB45,-0.13510602547600614,-4.259411112390205,2.4690440313612783e-05,4.0804760684721035e-05,False
ZBTB47,-0.1259869027756415,-5.202369476381698,2.924561521844282e-07,5.653301589213674e-07,False
ZBTB48,-0.21710026350039247,-5.301457091766783,1.7585028477817843e-07,3.463781515663197e-07,False
ZBTB5,0.044690467251703225,1.137492481218519,0.2559022431599498,0.2836067358180694,False
ZBTB6,-0.38274920966989745,-6.108505316626994,2.085727146550198e-09,4.76223805770302e-09,True
ZBTB7A,-0.07277693739618796,-2.192793878258814,0.028803358667961243,0.03561462950796968,False
ZBTB7B,0.05984194056409908,2.3841137249300095,0.017509480911083175,0.0221395950180864,False
ZBTB7C,0.24861168302757486,9.700730200844527,0.0,0.0,False
ZBTB8OS,-0.41740588944905976,-6.786760009371166,3.405786763721608e-11,8.891944182073708e-11,True
ZC3H10,-0.23117952428335986,-7.328517394793355,9.989786775577159e-13,2.9228436339312494e-12,False
ZC3H11A,-0.5388426975549283,-10.946220706959252,0.0,0.0,True
ZC3H12A,-0.07423501134586452,-1.5409503201489856,0.12399050124893995,0.14282465838865394,False
ZC3H12D,0.26481786388515616,7.981651795353282,1.0880185641326534e-14,3.7189572226243426e-14,False
ZC3H14,-0.10212042099449858,-4.029037341262376,6.514159312098755e-05,0.00010369900651750353,False
ZC3H15,-0.07225271955821544,-1.3865023628187398,0.16623978714231535,0.1887732756400168,False
ZC3H18,-0.44177473232942477,-13.188945721293132,0.0,0.0,True
ZC3H3,-0.2788200954878608,-9.112629464705616,0.0,0.0,False
ZC3H4,-0.37641825858458766,-11.35871763705605,0.0,0.0,True
ZC3H6,-0.3395978740084482,-6.202948698667926,1.2007546068559805e-09,2.7919847227238673e-09,True
ZC3H7A,-0.547314941027508,-13.024927272178159,0.0,0.0,True
ZC3H7B,0.16562365025323134,5.599381355035398,3.6327641783628906e-08,7.546584413086047e-08,False
ZC3H8,-0.07709111916295441,-2.5284804520543482,0.011776497809462994,0.01517546462324692,False
ZC3HAV1,-0.24047566765717399,-4.343951798474978,1.7100054637175788e-05,2.85844622501274e-05,False
ZC3HC1,-0.11689342759879073,-2.9069027206830635,0.003819846637859392,0.0051765662848826275,False
ZCCHC10,-0.31092777026859997,-6.939413227430397,1.287081552447944e-11,3.4607591976302216e-11,True
ZCCHC11,-0.33896518562325273,-8.273599509607132,1.3322676295501878e-15,4.939295405467851e-15,True
ZCCHC14,-0.08147209267603284,-2.229016306194864,0.026276827565383964,0.03260613774918215,False
ZCCHC17,-0.10982564976956066,-1.6309460080349563,0.10356028566752218,0.12042306991764466,False
ZCCHC2,-0.49756132910597284,-6.1885346381329125,1.3069079152217e-09,3.0302480425601376e-09,True
ZCCHC24,0.01895077435938708,0.599365747188727,0.549212946276143,0.578280066558948,False
ZCCHC3,-0.2600246655177929,-6.193458971045658,1.2696492746044896e-09,2.947418378510503e-09,False
ZCCHC4,-0.07671816917815022,-2.8359675316705952,0.004762512740666525,0.0063938676293400585,False
ZCCHC6,-0.42965828714123244,-6.886383276065908,1.8082202402069925e-11,4.8103669623428055e-11,True
ZCCHC7,-0.2545683743633962,-6.751781925567818,4.246314411204821e-11,1.1009069480681597e-10,False
ZCCHC8,-0.4563060958346865,-10.464921929330638,0.0,0.0,True
ZCCHC9,-0.4045256221897633,-6.319461646233237,6.01924066145898e-10,1.4293059818459284e-09,True
ZCRB1,-0.2758034772214213,-5.9096295214546695,6.523361406607364e-09,1.4318330800821308e-08,False
ZCWPW1,0.21249998465251974,6.2261480583609865,1.0473579781233866e-09,2.442209827935889e-09,False
ZDHHC12,-0.40377671646380087,-9.911868669548072,0.0,0.0,True
ZDHHC13,-0.32221968020513536,-4.19587647956915,3.241063510328601e-05,5.291072927363259e-05,True
ZDHHC14,-0.12179810251089362,-4.062676558635753,5.669720573164838e-05,9.069505802289373e-05,False
ZDHHC16,-0.08295830729961251,-2.7785736591695427,0.005674717653849637,0.007553394113091514,False
ZDHHC17,-0.14996791763385975,-2.6170091076373505,0.009151377759965662,0.011953099551447865,False
ZDHHC18,-0.5860198847593869,-7.534821259225449,2.466915560717098e-13,7.571649438822342e-13,True
ZDHHC19,-0.5182959062908701,-2.6099650199811983,0.009339211618498489,0.012179143963940235,True
ZDHHC2,0.8289776780032163,14.598065281047994,0.0,0.0,True
ZDHHC20,-0.26466056041967967,-5.926625370099631,5.924761348197194e-09,1.3061689180838943e-08,False
ZDHHC22,0.33526158634962044,9.893652236162026,0.0,0.0,True
ZDHHC24,-0.0021301526112340596,-0.06365712351667986,0.9492698532094501,0.9545734997049024,False
ZDHHC3,0.07312828401689853,1.54518273152658,0.12296374729441473,0.14176953308821572,False
ZDHHC4,-0.24722860291865345,-4.572501219074714,6.146047536015331e-06,1.0694308393861117e-05,False
ZDHHC5,-0.11414655783186944,-3.7528422208475263,0.00019633037913147078,0.00030001719782640117,False
ZDHHC6,-0.46631606542027004,-8.679898605980094,0.0,0.0,True
ZDHHC7,-0.42136952997453303,-10.738590585512613,0.0,0.0,True
ZDHHC8,0.116474861936676,4.808890976416839,2.03681014321333e-06,3.678008471496214e-06,False
ZEB1,-0.3678709290518807,-7.238597696439545,1.8205437157803317e-12,5.228332850180414e-12,True
ZEB2,-0.3507034183950646,-5.510389027228579,5.862128027445124e-08,1.2000329260376823e-07,True
ZER1,1.309722213806153,17.97612730480137,0.0,0.0,True
ZFAND2A,-0.20107481193332433,-3.392166291808353,0.0007509812834813889,0.0010914147621022103,False
ZFAND2B,-0.16364497047749094,-5.986793220430945,4.206366588377364e-09,9.402898647684622e-09,False
ZFAND3,0.2172955335274338,5.403579956439213,1.0324106103354325e-07,2.071474973080273e-07,False
ZFAND5,0.5307157145263925,10.495613922737716,0.0,0.0,True
ZFAND6,0.21498668780484387,2.5412859145315614,0.01135942655210087,0.01466262152102756,False
ZFAT,0.21894742140234413,4.651771970928773,4.26587541468848e-06,7.5227524344452855e-06,False
ZFC3H1,-0.5320965171661962,-10.17226892982988,0.0,0.0,True
ZFHX3,-0.17066893554601048,-4.968898341980216,9.394108191340678e-07,1.738883693653435e-06,False
ZFP1,0.0011188312148067148,0.041324010493496016,0.9670548442186684,0.9701711157076155,False
ZFP106,-0.5432929918505733,-12.890648466036868,0.0,0.0,True
ZFP161,-0.02814404874648435,-1.0102076530492794,0.31290682768885736,0.3423282123798982,False
ZFP36,-0.3998982797341277,-8.836088453350937,0.0,0.0,True
ZFP36L1,-0.22064925259140633,-6.919015481224509,1.4672485448841144e-11,3.9305199973302584e-11,False
ZFP36L2,-0.31912495862693824,-4.021106516128683,6.729964529395005e-05,0.00010694228364478005,True
ZFP57,0.18509393117494133,6.179199420897965,1.380497494096744e-09,3.1944456879269575e-09,False
ZFP62,-0.1460795679590854,-3.0700454418095044,0.0022620477743198197,0.0031374507299686944,False
ZFP64,-0.13453194617801945,-3.262539952925172,0.0011831870942553557,0.001685313730521509,False
ZFP82,0.18462471836025252,5.936674684128132,5.596404228924712e-09,1.2368568747694504e-08,False
ZFP90,0.08448573241345736,2.1169309114966435,0.03478162794137063,0.04259510655503384,False
ZFP91,-0.5195131478590005,-13.487383608160854,0.0,0.0,True
ZFPL1,-0.08020431655872828,-2.5219167647740743,0.011995512783983697,0.01544732384110768,False
ZFPM1,-0.2770092164019955,-6.672693758455866,6.969091970177033e-11,1.7787939376128794e-10,False
ZFR,-0.36620525364943735,-11.957869778575988,0.0,0.0,True
ZFX,-0.4213979733540736,-6.820329572783223,2.7536861679777758e-11,7.228739965573382e-11,True
ZFY,0.09846420085844043,3.0546469945884698,0.002379084778749485,0.0032934355926469558,False
ZFYVE1,0.026954286788676285,0.9745522854074803,0.33027524338223735,0.3600984882650253,False
ZFYVE16,-0.2997311666973399,-3.3690951318923306,0.0008151384612358203,0.0011807821849818176,False
ZFYVE19,0.05803562767686277,1.6316679270773489,0.10340797357457521,0.12025809667900372,False
ZFYVE20,-0.08942354573716216,-3.9747558097984808,8.133334665139103e-05,0.00012837473555458661,False
ZFYVE21,0.14279122400630984,4.695984001094398,3.4719037858010893e-06,6.159380826835476e-06,False
ZFYVE26,-0.2652808069994319,-8.99103034584778,0.0,0.0,False
ZFYVE27,-0.1684532932538949,-6.679683317852087,6.671774244182416e-11,1.7055518756932368e-10,False
ZFYVE28,0.3885782151177626,12.190742017975483,0.0,0.0,True
ZG16,0.32697302048128973,11.061903998586951,0.0,0.0,True
ZGLP1,0.12662220919214517,4.16422187502015,3.7068146004459734e-05,6.02664747812804e-05,False
ZHX1,-0.26754552353732164,-7.445209246564971,4.545253062815391e-13,1.3659475614550088e-12,False
ZHX2,-0.570172925611212,-9.782763661560637,0.0,0.0,True
ZKSCAN1,-0.42006447826900883,-11.827815972234099,0.0,0.0,True
ZKSCAN4,-0.08446219256346588,-2.926951769480398,0.0035861306981759267,0.004872450992249174,False
ZKSCAN5,-0.17076480340738787,-7.976930358069301,1.1102230246251565e-14,3.790355370674919e-14,False
ZMAT1,-0.27250670509605035,-5.3659460189406225,1.2575098295997122e-07,2.5043664811824143e-07,False
ZMAT2,0.9759719166317353,21.16280926419424,0.0,0.0,True
ZMAT3,-0.6476797786158843,-10.819190963586685,0.0,0.0,True
ZMAT5,-0.15783681385843984,-4.35631563543093,1.619743245906413e-05,2.7142598850154163e-05,False
ZMIZ1,-0.5028489275359789,-8.41707361225066,4.440892098500626e-16,1.713723151846858e-15,True
ZMIZ2,0.07929001025577653,3.562837998713752,0.00040366608920483493,0.0006003653559135564,False
ZMPSTE24,-0.32905324591830354,-5.363749578130531,1.2720243947050847e-07,2.53195939219075e-07,True
ZMYM2,-0.24309722624704522,-5.423973732853542,9.273153933619938e-08,1.868091293483177e-07,False
ZMYM3,0.08317178362254474,2.38908211073682,0.017277297885605725,0.02187002135651564,False
ZMYM4,-0.23643479057839878,-6.164877611333621,1.5013370546768101e-09,3.464323223722391e-09,False
ZMYM5,-0.23249598810529593,-6.2566875724952125,8.743463730809253e-10,2.0495718094259623e-09,False
ZMYM6,-0.23646978086761505,-8.582684920417497,2.220446049250313e-16,8.732440437457957e-16,False
ZMYND11,-0.2035368826961843,-2.598908017004419,0.009641016276433989,0.01254715472695098,False
ZMYND17,-0.20397054557298455,-6.845886965131213,2.3409940652641126e-11,6.179172923413683e-11,False
ZMYND19,0.0405663149449178,1.4224115147517313,0.1555589531781647,0.17722120281468492,False
ZMYND8,-0.31420202296167377,-8.999667480780657,0.0,0.0,True
ZNF100,-0.025569800119094044,-0.7981378194589864,0.4251867991765843,0.4557720770254118,False
ZNF101,-0.32842303621779667,-7.846679006551773,2.8199664825478976e-14,9.29418996064928e-14,True
ZNF117,-0.1960361037728573,-1.5928601450999649,0.11185249920159124,0.1296075785437209,False
ZNF12,-0.39902151357216686,-5.602607612381403,3.569864537311673e-08,7.419933165877511e-08,True
ZNF124,-0.11707953928309722,-3.536978542663736,0.00044419872938483707,0.0006583602755513872,False
ZNF131,-0.08185812452684216,-3.331679676846217,0.0009301260078882212,0.0013374262245492972,False
ZNF134,-0.19273334041103363,-5.878246487910729,7.787532618763748e-09,1.698307236568338e-08,False
ZNF136,-0.23620158802148294,-6.0942696049840634,2.2654060849447433e-09,5.16123668759464e-09,False
ZNF137,-0.22138839589000892,-5.091440879870492,5.119958232935318e-07,9.698536241602027e-07,False
ZNF140,-0.22311302864374305,-5.015861764827065,7.455373618459049e-07,1.3900687716256037e-06,False
ZNF142,-0.16170050757916288,-5.4913293698594625,6.489444603907657e-08,1.3235111967495095e-07,False
ZNF143,-0.2405354041055796,-4.3146350292501845,1.9436459865351807e-05,3.236565503925495e-05,False
ZNF146,-0.04032377472123905,-0.7290129218562394,0.4663507424894624,0.49675367142002197,False
ZNF148,-0.5035083636279962,-14.142254249373124,0.0,0.0,True
ZNF155,-0.16681270005047555,-4.5856398418772235,5.7872057745989025e-06,1.0092781728630546e-05,False
ZNF160,-0.3277453223500997,-8.692212513100298,0.0,0.0,True
ZNF167,-0.23906580208387984,-3.8004445128368642,0.0001630952572839739,0.0002508270051607604,False
ZNF169,-0.46928618384363885,-11.606077577803886,0.0,0.0,True
ZNF17,-0.12586607053656884,-4.2625733441511295,2.4356168242256615e-05,4.0263878011273526e-05,False
ZNF174,-0.22364901445701157,-6.962941308251301,1.1061596083550285e-11,2.987538693702596e-11,False
ZNF175,-0.04269774332405474,-0.8262947997989303,0.40904906803011887,0.4394549724528017,False
ZNF18,-0.621666863071586,-11.098893337603092,0.0,0.0,True
ZNF180,-0.14091565526368877,-4.425134032334496,1.1949011302414547e-05,2.023829748456303e-05,False
ZNF181,-0.055847826051654614,-1.138148071684859,0.25562870880221333,0.2833513372491046,False
ZNF182,-0.16646100261642305,-6.729082973631727,4.8974602151474755e-11,1.2646008567201025e-10,False
ZNF185,-0.10911141881573627,-1.3345699358759457,0.18265240939366412,0.2062112225625421,False
ZNF187,-0.0730439762939259,-2.5475967804185027,0.0111587630803478,0.014421383588300944,False
ZNF189,-0.19878425422892443,-4.531209167858295,7.418200812070452e-06,1.2805373168625736e-05,False
ZNF193,-0.09976156885571008,-2.4808455103159957,0.013450063333771078,0.017206939087262223,False
ZNF195,-0.12008677489971742,-3.685575982934651,0.000254307440029633,0.0003841793313706679,False
ZNF20,-0.2968658817098282,-7.053613219190765,6.147082842744567e-12,1.689934302281018e-11,False
ZNF200,-0.4556139845436533,-6.539935921081908,1.5843171219387386e-10,3.934831592844401e-10,True
ZNF202,-0.027497210031569352,-1.1580658235702277,0.24741538351596026,0.27477610901661653,False
ZNF205,0.2302350350105229,7.501468939988168,3.099742684753437e-13,9.438523919025862e-13,False
ZNF207,-0.28142219937870117,-5.951635023157115,5.140238235057382e-09,1.1401964997039472e-08,False
ZNF211,-0.23350321203412383,-6.012263466390819,3.635509004951132e-09,8.16006006002184e-09,False
ZNF212,-0.2953229991024582,-8.397059163757042,4.440892098500626e-16,1.713723151846858e-15,False
ZNF213,0.037633732401224584,1.4023603124173483,0.16145668431762172,0.18361334254661713,False
ZNF217,-0.358565886811979,-4.524404431192824,7.65073504949143e-06,1.3192936681899968e-05,True
ZNF219,-0.0279580756702682,-0.6668754156048664,0.5051734395620127,0.5347447941844168,False
ZNF22,0.14783450416287636,4.043024353694199,6.149479418371406e-05,9.804270369580655e-05,False
ZNF222,-0.22057954744238462,-4.444232851146138,1.0973857135221365e-05,1.8652480498836493e-05,False
ZNF224,-0.2814649578938302,-6.382756228736899,4.1185432841928105e-10,9.9167015239584e-10,False
ZNF226,-0.13453813195357434,-3.91016021198672,0.00010557684566436798,0.00016514661667678637,False
ZNF227,-0.17051557076109036,-4.6200465016396794,4.94028071207353e-06,8.666934742975175e-06,False
ZNF23,1.0546526155356957,16.25543557725298,0.0,0.0,True
ZNF230,-0.18568895693192689,-4.9008250187743965,1.3090781021407594e-06,2.397721523065576e-06,False
ZNF232,-0.2149756644221461,-6.426195816936926,3.1687075185971025e-10,7.694001245092754e-10,False
ZNF234,-0.16356608385953075,-3.484486677751453,0.0005384622766344549,0.0007929617699504329,False
ZNF235,-0.007220471174919751,-0.25329513471216647,0.800149041719945,0.8184812016314756,False
ZNF238,-0.45426833853456117,-5.079541558912609,5.433705838608915e-07,1.0259114498432405e-06,True
ZNF24,-0.2917707814287036,-10.871799430029647,0.0,0.0,False
ZNF248,0.14456946815583827,4.504614662010396,8.367405460507626e-06,1.4362113470360206e-05,False
ZNF25,-0.13725141095263504,-4.409567075218607,1.2804677091526884e-05,2.1614460055289884e-05,False
ZNF250,-0.02334053685526305,-0.8505387246591916,0.3954514213898499,0.42591911388402814,False
ZNF251,0.06217204460488235,2.2044324973785843,0.027969596284592724,0.03462830821176092,False
ZNF252,-0.18745727397194578,-4.467278519125853,9.898476782010945e-06,1.688943179558348e-05,False
ZNF254,-0.08522704903490919,-2.2542279377953935,0.02463379193034343,0.030656509209769443,False
ZNF259,-0.0040991166410142554,-0.11990757903163272,0.9046067338925159,0.9146914473058191,False
ZNF260,-0.04226628869950266,-1.102028619085959,0.27100372163993613,0.2992132530979032,False
ZNF263,-0.1974266684645225,-7.171431684508389,2.8399504969911504e-12,8.029796213755783e-12,False
ZNF264,-0.2754636690233374,-6.196774173718154,1.2451528696999503e-09,2.89288340178978e-09,False
ZNF266,-0.479916457656973,-6.522315034594247,1.7650414463332709e-10,4.3620494358105444e-10,True
ZNF267,-0.2789471201345517,-2.3859728819308494,0.017422279275037367,0.022039011088200684,False
ZNF268,-0.3201810827960876,-5.832872612850022,1.0046930842833035e-08,2.1749783194623892e-08,True
ZNF271,-0.07991049129811856,-1.7248770014463968,0.08519595360959675,0.10017068384494691,False
ZNF274,-0.13268566367205903,-3.6300871038067317,0.0003138905975439421,0.0004704887173856434,False
ZNF275,-0.38232053462051363,-5.092718184344131,5.087340440024235e-07,9.638334626420915e-07,True
ZNF276,-0.35231822363358045,-7.60911172255425,1.4810375148499588e-13,4.628342684090254e-13,True
ZNF277,-0.29367649435810517,-7.547484621587684,2.262634524186069e-13,6.961348045966702e-13,False
ZNF280D,-0.017282671721400078,-0.5260598794433491,0.5990905478137132,0.6276420209428069,False
ZNF281,-0.4919243295624165,-8.160134715261947,2.886579864025407e-15,1.0368105224106224e-14,True
ZNF282,-0.09935247475425779,-1.6226874009309034,0.10531546139376857,0.12232820407329034,False
ZNF284,-0.17120444797511114,-5.717955160063318,1.9015054197879522e-08,4.038989660803507e-08,False
ZNF286A,-0.04893935205905553,-1.345025527833889,0.1792546906662904,0.20271301607942266,False
ZNF292,-0.2496945882202315,-3.397034808739027,0.0007380581608014136,0.001073445953822157,False
ZNF295,-0.16475143925228108,-5.287626760430829,1.888797593885272e-07,3.706483728102972e-07,False
ZNF3,-0.06797626286045944,-2.4323697825778314,0.015366345531969916,0.019560717668555803,False
ZNF302,0.07260267672986043,2.857667174364203,0.0044538508217979444,0.0060018609752328644,False
ZNF316,-0.17712095632411984,-3.7601789956840808,0.00019082202673481596,0.0002917932996094975,False
ZNF317,-0.548950646279255,-12.926856763099787,0.0,0.0,True
ZNF318,-0.29763535766103466,-6.592261658211889,1.1479994732610521e-10,2.8778685380835823e-10,False
ZNF319,-0.2717612136886052,-7.134500573490164,3.6215475063272606e-12,1.0142622349959572e-11,False
ZNF32,-0.05427009443367359,-1.2706606449707194,0.20446738892310012,0.22953511870238671,False
ZNF321,-0.15764741887064382,-4.004660655345385,7.199291010917541e-05,0.00011407542870186288,False
ZNF322A,-0.1601829170310234,-3.6761977963551593,0.0002635669879267333,0.00039769820984124186,False
ZNF324,-0.3108477231664044,-6.2384160560388064,9.74167191358788e-10,2.277538436627132e-09,True
ZNF326,-0.13226406626971432,-2.400799357597456,0.016740423913216285,0.02123476963509948,False
ZNF330,-0.4264881793609896,-7.015088720926298,7.895684106529188e-12,2.1572672016866633e-11,True
ZNF331,-0.21161718839648236,-5.300541666277043,1.7668506258061711e-07,3.477845584186822e-07,False
ZNF333,-0.0807256079053782,-3.6897611440587084,0.00025027475492045426,0.0003783849457840547,False
ZNF335,-0.3294927975616755,-8.985951080787881,0.0,0.0,True
ZNF337,0.2911326291182541,8.486989460688044,2.220446049250313e-16,8.732440437457957e-16,False
ZNF33A,-0.3240722055856433,-6.524201709904188,1.744764333011517e-10,4.315641046158399e-10,True
ZNF33B,-0.06847851763736745,-2.4489154796042096,0.01468677200275259,0.01872669102277032,False
ZNF341,-0.23970306354023618,-6.818639272447835,2.78335132719576e-11,7.301622395346836e-11,False
ZNF345,-0.2985718447636452,-8.178694394643044,2.6645352591003757e-15,9.591494265492883e-15,False
ZNF346,0.6635383933810153,15.000218307126318,0.0,0.0,True
ZNF350,-0.39267128742384916,-7.131754565419044,3.687494753989995e-12,1.0324806045505774e-11,True
ZNF354A,-0.3098403061119326,-2.5560771105072853,0.010894093649264303,0.014098310835397764,True
ZNF358,0.20670738957635804,9.24151876287978,0.0,0.0,False
ZNF362,-0.4116568324004666,-7.897684717736452,1.9761969838327786e-14,6.598206683121675e-14,True
ZNF37A,-0.20835899187083395,-5.764991878874461,1.4663495750966149e-08,3.138402221393145e-08,False
ZNF384,-0.2828636933494444,-11.59693921584926,0.0,0.0,False
ZNF385A,0.22330641917806338,7.381856518245595,6.978861932793734e-13,2.0660372810036244e-12,False
ZNF394,0.0012404548818771843,0.05853971305933648,0.9533431909830661,0.9581677180816629,False
ZNF395,-0.32120942994788626,-4.62434470035323,4.843251228292544e-06,8.500595901066862e-06,True
ZNF396,-0.21012099678977814,-6.639953855398589,8.544009943989295e-11,2.164946118451665e-10,False
ZNF397,-0.654490665235655,-12.187566962665871,0.0,0.0,True
ZNF397OS,-0.25563345874757637,-4.932881198851418,1.12023673359829e-06,2.061013725334404e-06,False
ZNF398,-0.5373379404181842,-8.688109981563192,0.0,0.0,True
ZNF407,-0.24624845994764755,-5.577335939841504,4.092357319684936e-08,8.467731985890207e-08,False
ZNF408,-0.04206903197565692,-1.184715267455399,0.23671866630896443,0.26358263095340373,False
ZNF410,0.005579399173446298,0.1899379737423518,0.8494383555463592,0.8648294517888026,False
ZNF414,0.21330370003139487,6.520974516552586,1.7795875884019097e-10,4.396111823032725e-10,False
ZNF419,-0.025082958387608212,-0.9952120075008237,0.32013661486663825,0.34980588755917336,False
ZNF428,0.49171176933242755,10.928897602434423,0.0,0.0,True
ZNF429,-0.7707410364722174,-7.244540131398975,1.7501555760190968e-12,5.0349755444964975e-12,True
ZNF43,-0.09582353348614658,-3.6675975613012763,0.0002723362937790963,0.0004105001005026708,False
ZNF430,-0.11599199972825414,-3.4052021856324193,0.000716842815588592,0.0010443040840729721,False
ZNF431,-0.14030170102172157,-4.172643052144536,3.577039607849386e-05,5.823052465067422e-05,False
ZNF434,-0.3405882575176076,-11.292928047823873,0.0,0.0,True
ZNF438,-0.6590702572674436,-8.941742013694698,0.0,0.0,True
ZNF44,-0.47218137624698686,-9.37160667454747,0.0,0.0,True
ZNF440,-0.016877238003656814,-0.3608697995051997,0.7183561861726249,0.7411325489048335,False
ZNF441,-0.2413517827933802,-3.8059870405787937,0.00015959081755778648,0.0002456342366980415,False
ZNF443,-0.10645266269644527,-1.4597492524797366,0.14501578531268966,0.16571793958500716,False
ZNF444,0.11767459189192042,4.375263915177055,1.4901963990343603e-05,2.5048259624218294e-05,False
ZNF445,-0.2167900970999197,-7.720520687522411,6.838973831690964e-14,2.1858529291689292e-13,False
ZNF446,0.3062824040584018,8.348651076617758,6.661338147750939e-16,2.5382717209375807e-15,True
ZNF449,-0.11398110051995403,-3.194026105093927,0.0014956702582471504,0.002110833828075095,False
ZNF45,-0.13312285654169953,-3.8844268430353592,0.00011702307173511173,0.00018250592517150716,False
ZNF451,-0.09701756608833279,-2.4389879261729215,0.015091258804749375,0.01922754232628117,False
ZNF467,-0.6988226015075103,-11.023309587747885,0.0,0.0,True
ZNF468,-0.1738564412407646,-4.807582814113053,2.0495590844493705e-06,3.6992903625465843e-06,False
ZNF48,0.3005085702794301,10.148651511901424,0.0,0.0,True
ZNF480,-0.08788553832150026,-3.6752125015937076,0.00026455801369529297,0.0003991412913891394,False
ZNF490,-0.2149577616619731,-7.9843488474096045,1.0658141036401503e-14,3.647389382005612e-14,False
ZNF493,-0.11599633146656396,-4.637892061982377,4.549261649611225e-06,8.004115616598702e-06,False
ZNF497,0.3013119746042485,8.850344478070719,0.0,0.0,True
ZNF500,-0.0822076324133918,-2.4966723405411524,0.012871993553946304,0.016504062082358356,False
ZNF502,-0.17248618188169118,-5.4954027956531135,6.3501197633542e-08,1.295554898230199e-07,False
ZNF503,0.09807299456629393,4.191468493616239,3.302402614391298e-05,5.38739211374782e-05,False
ZNF507,-0.05099150888841608,-1.4285692291745065,0.15378108668112134,0.1752130897606169,False
ZNF511,-0.053636077588551156,-1.3973469147349726,0.16295743107174254,0.18522860159023116,False
ZNF512,-0.29431178301382666,-7.275488186596005,1.4241940959891508e-12,4.121932610979655e-12,False
ZNF512B,0.14745322844980802,5.359566846591353,1.300115737290497e-07,2.58430253284715e-07,False
ZNF513,-0.06777708107043567,-3.112890514975878,0.001963682482984952,0.0027371319604917303,False
ZNF514,-0.13232343010269831,-4.471699263113924,9.704074644956151e-06,1.6579833259455638e-05,False
ZNF516,-0.21293943091064094,-6.756788875911634,4.1145531426423076e-11,1.0686705219863978e-10,False
ZNF517,-0.2603948289929261,-8.133549266445343,3.552713678800501e-15,1.2658122136128355e-14,False
ZNF518A,-0.12714211876305548,-2.5217816416965078,0.012000059328619361,0.015449724310536091,False
ZNF518B,-0.17900747077119883,-7.383064095391575,6.921130335513226e-13,2.0500000086083014e-12,False
ZNF524,-0.197062969932146,-5.2759446316929575,2.0061054484266094e-07,3.9253148735223566e-07,False
ZNF529,-0.16554543062863525,-3.2286767064723048,0.0013291737205665122,0.0018837047351384908,False
ZNF536,-0.022438279685093487,-0.7657760587100133,0.44418747022541005,0.4749021226588545,False
ZNF541,0.3139025670954938,8.891468171796818,0.0,0.0,True
ZNF544,0.0014664979447207571,0.045196972223726546,0.9639691800853427,0.9673282503182388,False
ZNF548,0.03974881521113938,1.3698550842383816,0.17137516584864754,0.19424092644008373,False
ZNF549,-0.09670755451208413,-3.5780940780384243,0.0003814067657585962,0.0005682132093602262,False
ZNF552,-0.5499561615205222,-9.621142726190937,0.0,0.0,True
ZNF557,-0.42604240508263436,-9.004878882110008,0.0,0.0,True
ZNF558,-0.1494686058157142,-3.627879567540018,0.0003165128603286327,0.00047429577704247687,False
ZNF559,-0.15824575687239095,-4.391240312558795,1.3887259425304777e-05,2.340072283792945e-05,False
ZNF561,-0.2556389507299577,-6.745455039554483,4.418732046929108e-11,1.1438061673837392e-10,False
ZNF562,-0.39765925164502924,-8.224545257530936,1.7763568394002505e-15,6.487588596401866e-15,True
ZNF564,-0.4617335339615747,-11.583384313469216,0.0,0.0,True
ZNF566,-0.040961719944021535,-1.2167046085692337,0.22431695491855308,0.25042711801771783,False
ZNF573,-0.4162646131717964,-6.270207761606088,8.069960255596698e-10,1.897486674509458e-09,True
ZNF574,0.13903130854394874,4.1593538113865485,3.7838666239409235e-05,6.147215503200414e-05,False
ZNF575,0.18377859790902562,6.925376259178448,1.4085621558024286e-11,3.77506455855937e-11,False
ZNF576,-0.3168017324950654,-8.720746691947914,0.0,0.0,True
ZNF578,0.23642510945712214,8.526337250765128,2.220446049250313e-16,8.732440437457957e-16,False
ZNF579,0.17892166205831428,4.659844456789722,4.10894642666193e-06,7.258235529630236e-06,False
ZNF581,-0.32599652449860184,-6.088974636518295,2.3360251510951002e-09,5.3147686580020665e-09,True
ZNF584,0.2708154729858969,10.172518023818661,0.0,0.0,False
ZNF585A,-0.3775630269063548,-10.578877210654367,0.0,0.0,True
ZNF586,-0.32330728824021815,-8.030562243241846,7.549516567451064e-15,2.617786915727538e-14,True
ZNF587,-0.40419403864437564,-10.878231251354123,0.0,0.0,True
ZNF589,-0.06458683268760357,-1.663339670269371,0.09689982498560434,0.11318080348906677,False
ZNF592,0.13500642598443013,4.869285325487108,1.524655476536907e-06,2.781185941120509e-06,False
ZNF593,-0.2101146838308221,-3.79126454346719,0.00016905983606041453,0.000259584144438805,False
ZNF595,-0.1769151272303291,-5.80984175705765,1.1426708468320612e-08,2.4671837834411457e-08,False
ZNF598,0.05994692008348679,1.8595658750747268,0.06356104063148194,0.07569888616977259,False
ZNF600,-0.07781118418758215,-2.3719035562847126,0.01809178235282838,0.02283110844809506,False
ZNF605,-0.05529877113033699,-1.8694420368797935,0.06217243681294882,0.0741678023662342,False
ZNF608,-0.03800159855662466,-0.47302084050740184,0.6364142043557552,0.6634858557311925,False
ZNF609,-0.49761868556274536,-8.968562593523709,0.0,0.0,True
ZNF611,-0.31958548759796024,-7.58222033933804,1.7830181775480014e-13,5.534515329338569e-13,True
ZNF613,-0.3673311617689934,-6.877034801982578,1.9194867917349256e-11,5.096949828030108e-11,True
ZNF614,-0.13183948050925665,-4.46740661423166,9.892791676291424e-06,1.6882232195437172e-05,False
ZNF615,-0.25823342821546147,-8.09678188656671,4.6629367034256575e-15,1.6415760356589288e-14,False
ZNF621,-0.11495457736575432,-4.056870993180044,5.807615559416668e-05,9.27849148806111e-05,False
ZNF622,-0.4486313054325608,-12.670768733141617,0.0,0.0,True
ZNF623,0.29069520559339823,10.950205023581523,0.0,0.0,False
ZNF626,0.2142179382632956,5.732624968909348,1.753799572234982e-08,3.733509013597257e-08,False
ZNF627,-0.02707992250936586,-0.9049776590152053,0.3659330567566894,0.3960893516989574,False
ZNF638,-0.2126520384465178,-6.9387204232352175,1.2928325077155023e-11,3.474600479788817e-11,False
ZNF639,0.1107178495286294,2.881258571767748,0.004139002612623566,0.005590662651830541,False
ZNF641,-0.5359120123612877,-9.518611433410609,0.0,0.0,True
ZNF643,-0.22887918600224877,-7.146854722115906,3.339106768862621e-12,9.376687194180529e-12,False
ZNF644,-0.1208160175373112,-2.572401775971709,0.010400313310934495,0.013494166369526295,False
ZNF646,-0.23630602274738033,-8.340182728760551,8.881784197001252e-16,3.353302922492869e-15,False
ZNF652,-0.6757511965734571,-10.336136162073936,0.0,0.0,True
ZNF653,0.5604351036870585,15.234196506795621,0.0,0.0,True
ZNF654,-0.3348975359036217,-6.305611306213377,6.537743679757568e-10,1.547642199899865e-09,True
ZNF655,-0.3383472162486201,-9.823026349534576,0.0,0.0,True
ZNF658,-0.12355317815537914,-3.2423435743201834,0.001268356150438743,0.0018023926100300864,False
ZNF662,0.1943847556670817,6.322978195831551,5.894136290152119e-10,1.4007541969519758e-09,False
ZNF664,0.11264627555704054,1.655457356306598,0.09848800433887739,0.11486112402344119,False
ZNF668,0.31420806464620954,8.37790051875703,6.661338147750939e-16,2.5382717209375807e-15,True
ZNF669,0.03627078774088499,1.5405633152925806,0.12408471986684666,0.14289032171810523,False
ZNF671,-0.26269244086935517,-6.089363532398814,2.3307662466720558e-09,5.304899505120611e-09,False
ZNF672,-0.1476118383715166,-3.8616564386314445,0.00012812122755767597,0.00019895233489308027,False
ZNF673,-0.13836950277576143,-4.458064733355172,1.0315715118780489e-05,1.7575317623610773e-05,False
ZNF683,0.09701261749425827,2.4005595510133286,0.016751262656343968,0.021246178654308102,False
ZNF684,-0.2676282889963537,-4.13485531760159,4.1953462324606505e-05,6.785480658763583e-05,False
ZNF688,-0.20235023813041275,-6.732151007902132,4.8040238453950224e-11,1.241587405768572e-10,False
ZNF689,-0.14516403071362705,-4.555308938542968,6.647968517681235e-06,1.1533625095533318e-05,False
ZNF692,-0.29920461753603345,-8.070497982263442,5.773159728050814e-15,2.017628243550283e-14,False
ZNF697,0.013074819583148045,0.49903201255870516,0.6179863811990758,0.6460868692169318,False
ZNF7,-0.3847114767935329,-8.714075747165623,0.0,0.0,True
ZNF700,-0.37496561943729745,-6.023257752685595,3.4131566462036744e-09,7.682074010134088e-09,True
ZNF701,-0.18697402610640923,-5.877314427985428,7.828517389896206e-09,1.706922048347802e-08,False
ZNF703,0.07058054619725418,1.9439793932805303,0.05248424653695438,0.06311368993205738,False
ZNF706,-0.14140080695524393,-2.6382382614352737,0.008605582599197081,0.011274761824403002,False
ZNF707,0.22942375811743565,8.018012617790685,8.43769498715119e-15,2.9169810491294885e-14,False
ZNF708,-0.05954733275958457,-1.7978621814063716,0.07282968724235528,0.08615848488699707,False
ZNF710,-0.35552160575770575,-8.207715571172207,2.220446049250313e-15,8.040653266681659e-15,True
ZNF718,-0.06876616542199399,-2.0643527089389777,0.03952315325288924,0.048074678175293685,False
ZNF720,-0.10159155877257442,-2.939975347229172,0.0034413825471044657,0.004681857276496556,False
ZNF721,0.026597891934176054,0.6350290854540949,0.5257132508831037,0.5551605186030869,False
ZNF740,-0.016510381400532292,-0.4328335056760086,0.6653309275806851,0.6913176037165715,False
ZNF746,-0.2282373513833944,-5.54336753104549,4.913174711518309e-08,1.0099011331545217e-07,False
ZNF75A,-0.13942808092904446,-3.7321394351441923,0.00021269299968595945,0.00032403262311632945,False
ZNF75D,-0.20998723110022022,-5.239916496097725,2.4141024379531473e-07,4.695718673215519e-07,False
ZNF763,-0.23628320476840425,-7.943436970877291,1.4210854715202004e-14,4.80466203300299e-14,False
ZNF764,-0.16563983058090903,-4.712349625522672,3.215738126227663e-06,5.714607756250609e-06,False
ZNF766,-0.31930181007312974,-11.246680368350637,0.0,0.0,True
ZNF767,-0.2191676343003892,-4.997887786067378,8.146713654788584e-07,1.5140689672395886e-06,False
ZNF770,-0.2669312252343241,-2.8272806221164757,0.00489142916058527,0.006556245345680908,False
ZNF771,0.32440412839924493,10.065484201609154,0.0,0.0,True
ZNF772,-0.07599904676146174,-1.9899754080834138,0.04716279065344775,0.05695829162686775,False
ZNF773,-0.3634335345338289,-9.069978062344372,0.0,0.0,True
ZNF775,-0.14488574839963775,-4.606591981254432,5.2562299042158145e-06,9.191819077981171e-06,False
ZNF776,-0.42842208961129913,-6.309599516092506,6.384117678948087e-10,1.5134523882239765e-09,True
ZNF777,0.15487183471570187,5.369783426975249,1.2325362175324983e-07,2.457179766313058e-07,False
ZNF780A,-0.23554065542356106,-7.111279657375749,4.21773727055097e-12,1.1738128924734628e-11,False
ZNF783,0.22970070906540885,8.326046698344136,8.881784197001252e-16,3.353302922492869e-15,False
ZNF784,-0.1475852559934938,-3.6589144278564727,0.0002814679061027281,0.0004238207595290621,False
ZNF785,0.26844830754237625,8.328407726263812,8.881784197001252e-16,3.353302922492869e-15,False
ZNF787,-0.2912611439224513,-6.310375320450564,6.354647918982437e-10,1.5067762325804588e-09,False
ZNF789,-0.1386630690168973,-3.908846040239527,0.00010613474622589436,0.00016597422505784375,False
ZNF791,-0.3406749266224516,-8.084031462850046,5.10702591327572e-15,1.7929848063097536e-14,True
ZNF8,-0.4482763368154745,-10.190175864853051,0.0,0.0,True
ZNF800,-0.14290658188390815,-4.766754028527293,2.4884470819497295e-06,4.457226238062344e-06,False
ZNF805,-0.32222378942485363,-8.774739629963198,0.0,0.0,True
ZNF808,-0.12304886976440876,-4.618701249854127,4.971030843181623e-06,8.718225377985553e-06,False
ZNF827,0.0793709215165932,2.352532844286148,0.019050494876024615,0.02399854007840415,False
ZNF828,-0.28280693734885576,-7.615823799035645,1.4144241333724494e-13,4.429785642283101e-13,False
ZNF83,-0.3493703922367257,-3.649050656651795,0.00029219005842451296,0.00043933393590810143,True
ZNF830,-0.24013545600165953,-5.788623170791572,1.2860307263551363e-08,2.767380522489224e-08,False
ZNF836,-0.15390399361629958,-5.657512690234241,2.6485671655862575e-08,5.563246750617816e-08,False
ZNF839,0.011183323248864951,0.4169647263605336,0.6768913724474328,0.7023792198200142,False
ZNF84,0.004031569572199523,0.10513389437015938,0.9163136598722041,0.9253590312000699,False
ZNF841,0.04234497411579774,1.4671049463825592,0.14300503084571448,0.16350123576295633,False
ZNF862,-0.3544793157729895,-7.84410027422602,2.864375403532904e-14,9.427068649513005e-14,True
ZNF91,-0.07468519338367852,-1.005655499390906,0.3150900473698046,0.34452038496941423,False
ZNF92,-0.0799042171666664,-1.8628844032701493,0.06309161059430513,0.07520201391098932,False
ZNF93,-0.1372017957773113,-3.962420117452874,8.551167066639387e-05,0.00013467445097158748,False
ZNFX1,-0.5692557117457424,-9.433210742807244,0.0,0.0,True
ZNHIT1,-0.03751130445288542,-0.9158595571282657,0.36020230190015656,0.3903631870907802,False
ZNHIT3,-0.07373852812976978,-1.1764750215810553,0.23999057293289505,0.2670709505954998,False
ZNHIT6,-0.2036352234109029,-5.388336744442071,1.1184260517715927e-07,2.2343305047445329e-07,False
ZNRD1,-0.3185037419400931,-7.544175494561256,2.313704783318826e-13,7.112774325873915e-13,True
ZNRF1,0.3433181521042874,7.198386090813143,2.376765451117535e-12,6.75832170610291e-12,True
ZNRF2,-0.21583393693972086,-3.7148560939422333,0.00022732839305472652,0.000345096963573721,False
ZP3,-0.14990087644976446,-5.149494390883468,3.8241076949496744e-07,7.323341070345021e-07,False
ZRANB1,0.7151584255559618,18.050072942682874,0.0,0.0,True
ZRANB2,-0.16046264011545386,-2.277497066216478,0.02319732853621237,0.028950165483058534,False
ZRSR1,-0.09929906152342571,-2.8124954109974527,0.005118145885973924,0.00684340365183211,False
ZRSR2,-0.3713373503996156,-8.463409973297853,2.220446049250313e-16,8.732440437457957e-16,True
ZSCAN16,-0.40818465582505814,-8.75805872942926,0.0,0.0,True
ZSCAN18,0.01427922549414884,0.5551075197403605,0.5790807543652865,0.6078949429995202,False
ZSCAN2,0.30945422306582415,9.879966189704003,0.0,0.0,True
ZSCAN29,-0.1892942556360797,-4.956720599304989,9.971428458488418e-07,1.8413094647856378e-06,False
ZSCAN5B,0.2212107728728281,8.271895615861682,1.3322676295501878e-15,4.939295405467851e-15,False
ZSWIM6,-0.642499326766635,-12.454246675511977,0.0,0.0,True
ZSWIM7,-0.25663182556909847,-4.964789030036975,9.585216089735837e-07,1.7716961511178935e-06,False
ZUFSP,-0.22996605907143408,-3.681851974717983,0.0002579470927317473,0.0003894248039468343,False
ZW10,-0.19564102556302876,-4.647930907476656,4.3425531799368144e-06,7.653284895913734e-06,False
ZWILCH,0.02757847543413261,0.48430273471553503,0.6283928274005146,0.655894978146659,False
ZWINT,-0.036010961246288,-0.32505262623644243,0.7452834421486152,0.7667160819960613,False
ZXDC,-0.23235730230036422,-8.88978799422177,0.0,0.0,False
ZYG11B,-0.5992847403385504,-10.849934432784707,0.0,0.0,True
ZYX,-0.6675553818169462,-11.532031445189977,0.0,0.0,True
ZZEF1,-0.30875312595059334,-10.805827329056921,0.0,0.0,True
ZZZ3,-0.0432334113597066,-1.5358399197759909,0.12523917930291906,0.14414769248504442,False
,-0.05510699774775052,-1.3983062792755312,0.16266943439723658,0.18491949223544538,False
selenoprotein 15,-0.2710570288473342,-5.317107762999598,1.6215636033933833e-07,3.2028105534102163e-07,False
