,immune,death
1,-0.024884336394087454,-0.02660437367835644
2,-0.07024298668083313,-0.009627702094424755
3,-0.05840709179918666,0.02550926326126012
4,0.030148809860904926,0.051753264280975014
5,-0.08491963844455636,-0.00974817320238909
6,0.10594916369138581,-0.07195586163287536
7,-0.040302492623799174,-0.014473618580633974
8,0.24909761805953182,-0.050253589598077616
9,0.2053061734360367,-0.04603205319095461
10,-0.09127913626512578,0.10158759529079911
11,-0.006617022721168912,0.08869354960210213
12,-0.03549756652536979,-0.06490719552795203
13,-0.12863530548241073,0.039243299122174176
14,-0.10944811746187688,0.037840906772715975
15,0.042216853817190994,0.014243135424332969
16,-0.10224189489857922,-0.026888957603835188
17,-0.04443908305342654,-0.027165369917112717
18,0.046145408156703364,0.0032506074217785066
19,0.11196802274221171,0.02309376467909377
20,-0.08073142551166217,0.0754835302475244
21,0.3430747257424045,0.016716270769130195
22,0.0945182325107154,0.0005519947482971404
23,0.0754938726046544,0.025066206972787962
24,-0.256718501564064,0.05144673452781968
25,0.2584091313360359,0.00929361028360424
26,0.2632075471216768,-0.07505887370005344
27,-0.22051705865655147,-0.027782923341683047
28,-0.24451009524017117,-0.006172452438312327
29,0.004477826830352402,-0.06592911629419815
30,0.06265556694088092,-0.04652528566036591
31,-0.10198556401219533,0.0558373165518541
32,0.1617729969879567,-0.03367111172076546
33,0.3801719312063156,-0.0620618233032767
34,0.5494626490597868,-0.04815575199566538
35,-0.05018015110921712,0.02139530909513507
36,-0.227931879021079,0.1294171830631432
37,0.2675259460082641,-0.060352095851492274
38,-0.16529173630259913,0.00137729229758618
39,0.29159294237825506,-0.127704149899635
40,0.0712693149445099,-0.08478502518744756
41,-0.018950692155956204,0.0021824452264413087
42,-0.08775487299667749,-0.0065694202404831216
43,0.021353414440220632,0.030358235790198605
44,0.18388563865515933,-0.019619750866653563
45,-0.026458078653743094,-0.01724402383298421
46,0.35488633008650083,-0.038448799154928805
47,0.0948001174536928,-0.00964593356892231
48,0.3897670931513764,-0.025398516155188226
49,0.18166682136736118,0.017388803737188513
50,0.022513841377462006,0.07206341121568018
51,-0.09265565422943883,0.11883474845357143
52,-0.13621180030886532,0.08134946771633539
53,-0.18276808531525443,0.04007953061296571
54,-0.03149979790534487,0.13238753110055537
55,-0.031763706230228055,-0.0385007880342922
56,-0.20573593299986664,0.026164208079136577
57,-0.23153351831309923,0.07301230972340209
58,0.08089380990652949,-0.06999426613529663
59,0.15014697785690598,-0.04441799834697821
60,-0.06899310432229061,0.04016655330046212
61,0.026807992598080192,0.10702283416913183
62,-0.11627717940996352,0.07630323505554615
63,-0.1500206545388514,0.06617570131275644
64,-0.16799917777539353,0.01231003947550949
65,-0.2243395446418449,0.03050460073818966
66,-0.1159633923362713,-0.0013020365471334051
67,0.09725622196357969,-0.026833498794685683
68,-0.2334707846308793,-0.002734465961631503
69,-0.24537229492462762,-0.007068141932416822
70,0.09735209121896879,0.008403998461137032
71,0.13752989467442628,-0.011549347238002371
72,-0.09467487719741162,-0.05559620545349492
73,-0.11783517603304096,-0.008454778862657792
74,-0.021332248840513435,-0.06512454630240024
75,-0.10085067081628891,-0.04128943185063607
76,0.020379919591665668,-0.11101408821671117
77,-0.3947488412883494,0.02771289244592311
78,-0.2800054635197803,-0.03162213759801732
79,-0.06761806528069883,0.02798630940772505
80,-0.08634834655732399,0.07059575937823609
81,-0.08193051908106891,-0.007710320346858946
82,0.0027361538658421877,-0.053284457879625845
83,-0.04194118100446205,0.04194380144460027
84,0.17438168126617853,-0.04185246580702233
85,0.10107904605834743,-0.01297585862807872
86,0.21490466253674365,-0.07295409851957706
87,-0.2098321845221341,0.00493145661370627
88,-0.036638667551625856,-0.1082259627212018
89,0.02477843152812438,-0.022002118814547365
90,-0.37695922095627993,0.0032415502767228358
91,-0.2354408195920666,0.01221841042264799
92,-0.1276781279993354,-0.02646807870920847
93,-0.3196657196013054,0.034788123997325185
94,-0.06726100488793581,0.009969286639938457
95,-0.25384230899328114,0.0930337567857761
96,-0.004549552737935757,-0.0021160042029012647
97,-0.24442352835985687,0.028954027300436058
98,-0.2223805471122123,-0.013291805578078224
99,0.023217397279578684,-0.03465793954620719
100,0.32259330499751815,-0.08206683663208944
101,-0.04971274881721084,-0.0029056317644058373
102,-0.07391734361314913,-0.040411379367320824
103,-0.17556066661773514,-0.007010620983734005
104,-0.13173863404544858,0.08003375907760092
105,-0.03785828636456708,0.11352359732225596
106,-0.19682207575350447,0.03672446880337874
107,-0.008303921752804222,-0.06441004239090749
108,-0.17867807775342306,0.0335735441720806
109,-0.11445027969144105,-0.02557025807821495
110,0.01055464894591026,-0.03867633550129426
111,-0.09811842105170017,-0.04588991697390573
112,-0.2488891290555537,-0.0362651788886382
113,-0.04469985715998283,-0.03498177554482586
114,-0.039539295491940275,-0.0987419111650507
115,0.06624635818003308,0.03563628085433933
116,0.2202948912750445,0.03565364291460886
117,-0.3860088309154365,-0.008458930836858268
118,-0.2805777834300925,0.009124574460891766
119,-0.225207522798173,0.1075039184308875
120,0.16180537467708886,-0.11301168783771841
121,0.05642086531319753,-0.0681048989761015
122,-0.023015550287503985,-0.034098051152363196
123,0.15672256125493833,-0.0403927472632187
124,0.002048409415897922,-0.012180072309545003
125,-0.3350891011359704,-0.043202886710238156
126,-0.24780982106961036,-0.07251844635089444
127,-0.11007263863771287,-0.11973703373069043
128,-0.15146541974478048,-0.09298789552899858
129,-0.2040661212070621,-0.10798787924695848
130,-0.32171893085533404,-0.037332664857422856
131,-0.18876151175335484,-0.06988358987869102
132,-0.1698372970350786,-0.07866479919561903
133,0.09498030301477409,0.05626855940923232
134,0.1961011290856511,0.005946985795415166
135,-0.04046733568398684,0.034799400513941155
136,-0.2468124552725896,0.051531655462617856
137,-0.25640185254409176,0.03327473719612411
138,-0.03507830654068466,0.020798514947582263
139,-0.13305242989595464,-0.04979461345535963
140,0.04195071444888437,-0.056678759092729354
141,0.10969657642846466,-0.06634016376227814
142,0.20214782698070796,-0.07091553325005202
143,0.06979691029029522,-0.08497823645960143
144,0.03739987967029891,-0.05880974798192545
145,0.2673862387238502,-0.04456710768666304
146,0.08508033711576062,0.09091218548664202
147,0.24415847657997974,0.10630799086816911
148,-0.3126043940841664,-0.032047851237908084
149,-0.2925972240639063,0.0012607073695990259
150,0.34187950542666634,-0.03816242076388213
151,-0.14291273751077524,0.0030647673318831086
152,-0.12031737728403721,-0.007367801480025388
153,-0.08601480781352518,-0.013894522995591668
154,-0.08520748291019148,-0.04394830965052338
155,-0.2679244252946988,0.08727849439418409
156,-0.2113454294187983,-0.0024607571658372966
157,-0.17340471561427678,-0.013036705955796106
158,-0.2004996199837791,-0.04595833980410735
159,-0.33231676333165255,-0.001192332148638547
160,0.17797283732076732,-0.028494414357772595
161,0.3227041743792604,-0.08018206041998224
162,0.33251538461733693,-0.055189130743478754
163,0.086691112699889,-0.05555515364715839
164,-0.40951104605257327,-0.0032111957133047885
165,-0.17630121833044962,-0.045622486611521046
166,-0.1041872228557801,0.030824644811356983
167,0.1220707726609583,-0.02114057007967041
168,-0.3335010725686739,-0.06823775452583614
169,-0.19515533872590876,-0.04924200651804406
170,0.1532033552676616,-0.017164721824130768
171,0.3466392436479513,-0.02777406315778236
172,0.06556621440374788,-0.0009468409241483168
173,-0.07284003433864024,-0.001925907973999073
174,0.06005125175221325,-0.044387328020716155
175,0.01072780954706875,-0.02493283394146869
176,-0.048212607350665196,-0.008144684570384345
177,-0.0834113349257487,-0.03682492143088492
178,0.09596897124718276,-0.05200724504417793
179,-0.33311757457526914,0.07227833278907789
180,-0.34433917752413307,0.04573801522748751
181,-0.3919261878773143,0.0664770984152698
182,-0.2103622964142113,0.010858731751633249
183,-0.21866169086724535,0.010519548910091008
184,0.002596851791469027,-0.004197265544901795
185,-0.30478309672573267,-0.013334964868216056
186,-0.18475400813055318,-0.02787702052294919
187,-0.03389870913854907,-0.05838488397834527
188,0.0009365054773560114,-0.042962578794546236
189,-0.2533111706970642,-0.008332548689850273
190,-0.20367797659468395,0.019808449424343105
191,-0.22951666531098286,0.012641715659910933
192,-0.29641433266174266,0.06423254429468564
193,-0.09032471529069838,-0.012637109257522186
194,-0.11140970486026368,-0.00017319498410758716
195,-0.20300219125735502,-0.02595426250825604
196,-0.21661740028852625,0.000408524677976249
197,-0.12811716657630545,-0.03790224578293244
198,-0.06513000073858756,-0.011340605385765378
199,-0.15433797231498686,0.002063129276708713
200,-0.17538416295968895,-0.03981015589638566
201,-0.1557706709201044,-0.01225677563555156
202,-0.19396003334108505,0.00745759774521339
203,-0.016148722386963826,-0.06722763794107292
204,-0.21375167157827332,0.05059087417984412
205,-0.018015254545232423,-0.01319908930625787
206,-0.05242739493667518,-0.054622837090476065
207,-0.071504090971305,-0.07149313731715534
208,-0.1749091464134512,-0.03183567569112757
209,-0.1994598301500381,-0.010621881009280647
210,-0.08930755005446407,-0.012991067481173152
211,-0.005652414260328896,-0.0203069698588991
212,-0.27751467962514154,0.01595521478349412
213,-0.2352947413000007,0.011229808676772222
214,-0.08781003647643235,0.01110569398163519
215,0.06544790953861901,-0.04840157300506813
216,-0.1811095758094138,-0.019903036657028306
217,-0.2643322830736317,-0.009638669279939956
218,-0.3025285424092903,-0.030361946500495215
219,0.0823519495400895,-0.01804869386326741
220,-0.1430746444773133,-0.0037078304428861983
221,-0.4362128070709975,0.0545801846497367
222,-0.2281610377425511,0.013959956238070528
223,0.03445437186256115,-0.022737880640611014
224,-0.0073728539493962495,-0.007309452109575188
225,-0.2819832505288439,-0.011663332664660655
226,-0.3463667928451463,0.003213011232363333
227,-0.09668707895111375,-0.037773556262773324
228,-0.18813064624427592,0.0753141398418481
229,-0.04465919277301556,0.004812921562296243
230,-0.2368816821437982,0.016422010363758694
231,-0.06419986705960187,0.001636113526756846
232,-0.010523663523081036,-0.001404034144573851
233,-0.19741583638652432,0.06422910185556496
234,-0.23373124508063306,0.04068077010857168
235,-0.14061311148502362,-0.05370474968349743
236,-0.18983559016028978,0.004599600009350199
237,-0.20784409364525394,-0.0034564716693824523
238,0.08207677438869067,-0.06522102597655886
239,-0.2962428660147091,-0.020766839074191797
240,-0.06309705289228704,0.01116158593101303
241,-0.2225269537138515,0.034928151786001865
242,-0.2533140999197084,-0.10872326441580259
243,-0.09826632336968988,-0.018786290436087746
244,-0.1508850511452185,0.011408463354725269
245,-0.18240847357016618,0.023469835869870493
246,-0.15546797430097914,0.018308826503563816
247,-0.22125126083960078,-0.04168360081410602
248,-0.13866438023263764,-0.007006127140109746
249,-0.1708292512583208,-0.006289219545300552
250,-0.21767405397446377,0.057447836726100945
251,-0.15108533309958586,-0.07791114198417676
252,-0.20230519172616315,-0.009614514340770089
253,-0.28720762470537375,-0.04110403737474715
254,-0.14903302394058987,-0.052505285820567786
255,-0.3180610591293248,0.09829852573175894
256,-0.19074204033450748,-0.03962822316552331
257,-0.07467476953193578,-0.021435412034417563
258,-0.12646508210538884,0.060373097100635646
259,0.0446300946534053,-0.04504493405784108
260,-0.0025764214607362106,-0.04520447844906819
261,-0.19398681078017568,-0.02601193309835162
262,-0.07922821413189063,0.0022180048288614283
263,-0.4161172486708005,0.12049257025271254
264,-0.30011112545886315,0.023249231893246826
265,-0.11696693450087836,0.014030129575829685
266,-0.02263298919444944,0.006865011460047181
267,-0.32773867585229277,0.027910420146760467
268,0.05174637158454622,-0.06569909481587477
269,-0.10449024093306682,-0.06734343308436834
270,-0.08745743140804674,-0.014758890350890735
271,-0.16284522840050197,0.05324164091854575
272,0.15277363763579996,-0.012175019936965783
273,-0.04723459718433917,-0.06395574738404772
274,-0.3829104274829615,-0.019093314896335034
275,-0.1361912214583396,-0.024380105339728425
276,0.11597152781157678,-0.042000782023151
277,0.0698005167225012,-0.0803281172947101
278,0.25087476267374564,-0.02353361694244254
279,-0.2936804890378183,-0.026750426990354702
280,-0.21614135273825602,0.03916431437598668
281,-0.1603343683777835,-0.06387784145924935
282,-0.0008863524124829977,-0.042137614277488654
283,-0.08088878568243338,-0.05137105938555528
284,0.10713102971561879,-0.011204361849632955
285,0.10328922453462028,-0.06372389035738148
286,-0.023998138524384174,-0.07408894692394422
287,-0.13269344267731611,-0.009077099348267136
288,0.2563028818891242,-0.07904896242866488
289,-0.11587513875384066,0.05361217454688137
290,-0.008537522533870568,-0.05427783718824325
291,0.03708398982623042,-0.08628635287814919
292,0.1220050056334712,-0.0992662790985246
293,0.09889592185163862,-0.08163006337382094
294,0.12957600713016096,-0.044048744399268785
295,0.3970312501206525,-0.053135547796260306
296,0.3609109506072271,-0.07106141582616406
297,0.34588758368032924,-0.0327667300143882
298,0.4216710014241643,-0.10320196181308534
299,0.26304993873669064,-0.08183898126627843
300,0.165254948491732,-0.06540920166055743
301,0.3451333870946484,-0.11629958397330267
302,0.26325356918027665,-0.060164708863095946
303,0.34864484012338626,0.0015096450015252122
304,0.3485554088389385,0.0007095020887057809
305,0.18119612305235033,0.0050873415799994985
306,0.32925531818517983,-0.09567379921637542
307,0.23379735645777958,-0.10626733894181295
308,0.1482126481491851,-0.10277645898449173
309,0.08907270805419897,-0.012867876380882812
310,0.057606420408385615,0.03066584960919633
311,0.23982107138724354,-0.06327292456711389
312,0.005724248907826113,-0.05384268061483253
313,0.1632938064286091,-0.12363771069827856
314,0.02786855370211571,-0.11866362839044285
315,0.23772019076786136,-0.1605647819524613
316,0.2821954673775615,-0.13361244043353748
317,0.3089404717057925,-0.097589466010643
318,0.3446250156926684,-0.06069449018867074
319,0.15142051179554608,-0.09904724174627944
320,0.37706539506145864,-0.05077276360323856
321,0.38977683586518197,-0.07045821685097423
322,0.41259719367508413,-0.12572326827154978
323,0.22616790793224106,-0.06120577044475917
324,0.1605310425479002,-0.14783997991195838
325,0.2537818650443551,-0.036293623866876575
326,0.21956173630324063,-0.017294986389348968
327,0.2380695048056347,-0.07265945955462731
328,0.3625199460767471,-0.13017811558637313
329,0.23379826731904257,-0.06943249734433356
330,-0.12077543952603607,-0.07704456020984558
331,0.3274196165864698,-0.040858275315168745
332,0.16124354227240034,-0.04130034527749332
333,0.1785996928883023,-0.01978897701217057
334,0.20798084872987294,-0.07323336895002401
335,0.3634499052785946,-0.07912661512250738
336,0.3451458605380251,-0.065585715172995
337,-0.06615316176821327,0.06394589743049327
338,0.21952165558491485,-0.06741615984775584
339,0.3733107477486611,-0.060630160169549266
340,-0.21429061915506217,-0.030928785622423627
341,-0.007385663241631814,-0.04518771354386252
342,-0.19154459206332028,-0.03307769713487922
343,0.16099683060805287,0.03659882359254537
344,0.2738367029714701,-0.046889477903684765
345,0.3683411005103163,0.005471793039841962
346,0.05729844341931574,0.06802301890936546
347,0.12793194233776684,0.043011094365874476
348,0.1519046681300765,0.04830758601698231
349,0.043650455469699555,0.0367471841456836
350,0.060572280147423045,0.05940632768475821
351,0.09994405664802591,0.05453138397702255
352,0.20238658675126064,0.05518645490408518
353,0.012291400738144229,0.03231363651697043
354,0.3658549160217914,0.004578146183899886
355,0.32814544989585975,0.005126445316615115
356,0.2037897585378816,0.02755146877664003
357,0.33242273813400847,0.03501593844364651
358,0.31651064469058177,0.03193255396868078
359,0.36449576656770966,0.02218494385532605
360,0.206567103405357,0.038096329485786014
361,0.0543587272013936,0.028888236957385415
362,0.0893892216339255,0.06556145383742928
363,0.2370678661876258,0.04790056845878703
364,0.35412919659266745,0.01620347914733896
365,0.043274918043887445,0.020355869058862178
366,0.11930891048873776,0.008369729327737685
367,0.15747594272705168,0.02521584792820278
368,0.15358404821443786,0.07005698328551155
369,0.1233025927753326,0.034920775891694664
370,0.13731187278282603,0.04314163328601822
371,0.4125810298517163,-0.05341444668703245
372,0.43060673803184785,-0.0543552270038174
373,0.41734830788367416,-0.07868453643476377
374,0.2315768158310549,-0.0848906364775515
375,-0.03730835406282408,-0.012414949674633429
376,0.0928652069081521,-0.04405509338686236
377,0.24980959503012914,-0.06891538035230163
378,0.1629752152271893,-0.026512879269046784
379,0.3166507978846087,-0.06162480505595904
380,0.36718822069003354,-0.09169018594075957
381,0.15280576053441527,-0.027926418151898818
382,0.11588319618769076,-0.10113679962504074
383,0.06265019635926314,-0.10042297847956418
384,0.07642860516910344,-0.05492309745642689
385,0.32840776033832886,-0.009577729003187804
386,0.24005824985495625,-0.01617368831847966
387,-0.2061654561751734,0.025984675139095265
388,-0.04783318383836989,0.0560153479067092
389,0.004478575853648099,-0.048823469265643064
390,0.06429706145015887,-0.004092581862942629
391,-0.24240042880271465,-0.05478159592248732
392,-0.17652974620171719,-0.02305102205057433
393,0.44469443856001045,-0.047498101599036106
394,0.4346402206202214,-0.06553889250178731
395,-0.06685476786362826,-0.12365685148028761
396,-0.07377448067318572,-0.12198778564229545
397,-0.18020155324242929,-0.05664689922926892
398,-0.2773509474486396,0.02103928098894196
399,0.13633185306923293,-0.01272362117843995
400,0.06793506907120067,-0.014352697734276148
401,-0.3683599637831668,0.03842016795739695
402,-0.2778858326171074,0.03568543709739986
403,-0.3035854890280727,-0.009287266256223553
404,-0.24165026435006523,-0.006352104606961394
405,-0.09579758900684232,-0.0429773342229824
406,-0.048667545688555726,-0.052936220175126183
407,-0.2551176528826051,0.010363883655852732
408,0.12290061021437196,-0.08979557537047676
409,-0.32977556690507953,0.05510284957713626
410,-0.17973401038690798,0.04160956117508314
411,-0.11902093918545234,0.041233641370807046
412,-0.14477498348642376,-0.0022825413385542267
413,-0.23683143653234093,0.057197802378321234
414,-0.1886694431637432,0.08154868404159105
415,-0.33213142361154796,-0.04458467353563784
416,-0.4554795335649396,0.0809235650295013
417,-0.28308444443666037,0.007011389824084356
418,-0.36561080054711903,0.03244932813240477
419,-0.238842121651765,-0.0026471757699461397
420,-0.33296184435180587,0.030337619602051245
421,-0.20115571224244175,0.03519556716612647
422,-0.3761605252184225,0.005989073465954611
423,-0.2700579106026539,-0.0022089427985674723
424,0.3910472522863451,-0.09238656779306618
425,0.167846068376825,-0.08824016472020352
426,-0.03736280790631403,-0.016478098909707008
427,-0.2442876792807365,-0.06292133020780277
428,0.11749884112035851,-0.009483006297824684
429,0.0006278934376970835,-0.019135129970153528
430,0.011482568630087273,-0.08673460579269657
431,-0.24983759328829785,0.051433343904007604
432,0.02157969241535589,-0.0555541683166435
433,-0.30719172884940943,-0.016365517226206546
434,0.10887695862072633,-0.11707450108945207
435,0.17784055286762762,-0.13368073990850673
436,-0.14739801932202842,-0.1139852609453456
437,0.27910156670186104,-0.08651502145642316
438,-0.07435464763121313,-0.10892931912623618
439,-0.0706565403303978,-0.11227888034575947
440,0.017566948385917824,-0.016795741663149715
441,-0.040329725483233984,-0.039496389100565056
442,0.48422344398010686,-0.11994373540524252
443,0.5321288015677423,-0.10970706698848232
444,0.6262845557409832,-0.1325517344084124
445,0.6124146147110668,-0.09579055233012299
446,0.5129167630323715,-0.1245731037190857
447,0.5665759498588833,-0.09362667738129264
448,0.438424607812477,-0.08462264767296587
449,0.5822711518108146,-0.150508394936008
450,0.5567043823218909,-0.0826817607247356
451,0.17294489655116033,-0.1278823505604848
452,0.2674843389573762,-0.15211327872973904
453,0.3767395792281638,-0.11661275947036623
454,0.17946768322054937,-0.09508112878069737
455,0.3183617849683426,-0.10038763026419037
456,0.22441025218821747,-0.09726289377211178
457,0.13594152886630193,-0.11989211473135293
458,0.30299476942179004,-0.11771139119313763
459,0.2796273801885603,-0.0891057605238257
460,0.3150173870785825,-0.12526934097268885
461,0.07222578538392409,-0.08982905430760407
462,0.6493560075368574,-0.10099819411843879
463,0.5405042336814737,-0.07348516438370523
464,0.5320972780892638,-0.12278748397067737
465,0.4410701201173266,-0.1332889004338998
466,0.36166181770491335,-0.15027968856106272
467,0.4876370749186748,-0.1305050228651718
468,0.5242365004381861,-0.09522999122377829
469,0.40569644186344367,-0.1172372974956592
470,-0.04580228898496482,-0.10379619397572014
471,0.06490356392704204,-0.10961949246603696
472,-0.14650040866573216,-0.04285739965705924
473,0.1751981663022563,-0.12920585919890862
474,0.23082386813111672,-0.11768579698080685
475,0.03760250565091421,-0.02380039160279
476,0.017337664935121157,-0.011849425330683127
477,0.19510660462144933,-0.07089978278660622
478,0.14369381182578975,-0.07668268056900951
479,0.06595219755384624,-0.03663990374066795
480,0.06799633084883042,-0.01497721098043812
481,0.3093880814257088,-0.05820958875336591
482,-0.33905114175316636,0.0852471579480476
483,-0.14093046742189622,0.11124702722585979
484,0.1336321580287284,-0.09017418555632055
485,-0.19584551804082176,0.05200741442690381
486,0.149376636462151,-0.012420536358491777
487,0.25170767994707616,-0.08241672829489277
488,0.06156552565048593,-0.08237248699109727
489,0.30241498468993744,-0.10427779842289003
490,0.20840717694127103,-0.06264367804625941
491,0.17602017027832345,-0.07222860805564527
492,0.3317204184404099,-0.10625218578841371
493,0.3949306072485145,-0.06629255501754007
494,0.33452960693908157,-0.13623742923029566
495,0.008829285935306958,-0.09441857458071834
496,0.35351806679152764,-0.10056412108114453
497,0.2037069465991776,-0.0999972957671017
498,0.18736407673847158,-0.11298210294572585
499,0.28103044511628844,-0.044910914679364144
500,-0.025987891836229342,-0.04145335428754549
501,0.1465014566684498,-0.06590770509287996
502,-0.038385312112798636,-0.012322942833529686
503,0.0290143693061208,-0.05362959379875393
504,0.24306292807790872,-0.08810731777007537
505,0.014461307829644502,-0.052242306319355086
506,0.22397169205824552,-0.059879444357566286
507,0.3290989656930934,-0.07849864247071384
508,0.32916100700814144,-0.10423306117372416
509,0.18525277424943923,-0.07401497174401117
510,0.22930470060185812,-0.04793419925536106
511,0.46965186156603284,-0.07356051593348169
512,-0.009929175886997562,-0.03823623459243231
513,0.44711582530827904,-0.0804924320680368
514,0.027120134499102343,-0.021979755636900706
515,0.30509156450417707,-0.1451424722281046
516,-0.034557716071048024,-0.05138637913992077
517,0.22023047552905753,-0.1276222227851692
518,0.19263113146458724,-0.07122638644152542
519,0.2720368717319715,-0.13003012549882845
520,0.2400596902039906,-0.09009920407334152
521,0.26755402506833453,-0.03413765567558156
522,-0.012897003055125205,-0.07183452968011175
523,0.20255476963744473,-0.046712713267481325
524,0.369435928936393,-0.016496045031151724
525,0.4083648836314354,-0.0722485044983067
526,-0.011578610708559447,-0.07077305366627981
527,0.37069315378761336,-0.07499524549161463
528,0.20545918133015853,-0.02942710854691167
529,0.055025003975376754,-0.013917527117907598
530,0.342747325932865,-0.10654673964296006
531,-0.11109600539336516,-0.01951225248993936
532,0.2791695001862448,-0.02658245077611501
533,0.10047441447885157,-0.02544255325798408
534,0.13227513239479766,-0.05888869410409689
535,0.4835211047110464,-0.055373312319375555
536,0.32045928497804566,-0.07240920616851033
537,0.34255088225711916,-0.1129244156688103
538,0.30048786028938135,-0.03924324353893051
539,0.4238039574294652,-0.11573469779661498
540,0.3183208618053361,0.01671365925104095
541,0.28412996133546164,-0.1272831580038715
542,0.031611824811908634,-0.013387021072688727
543,0.08092879416479713,-0.06475647700497356
544,-0.03518369852536981,0.021754440725921014
545,0.23874836164899002,-0.01921285091579993
546,0.022457534314690084,-0.04577650937381616
547,-0.14078230067444783,-0.01755203937820394
548,0.09758604526762327,0.002629021912189888
549,0.15951401121493022,-0.03931902043287786
550,0.17886432661798,-0.07959348278433294
551,0.5248245685103904,-0.1100557950967573
552,0.265554865308436,-0.07010171351573738
553,0.2474358149416229,-0.10116480549554192
554,-0.13691253533569542,0.03126767558131885
555,-0.15013046486053563,0.03914169828519041
556,0.16228127130027545,-0.04922915464426607
557,0.2855991106492939,-0.022384460049387198
558,-0.24576008889368264,0.01649904846310452
559,-0.1961917358024211,-0.010737628176923385
560,-0.400187258853448,-0.015181897976446276
561,-0.4834237923267595,0.048431800656724214
562,-0.39311964494699175,-0.0161676557300813
563,-0.3258920254688587,0.049688696259736785
564,-0.24328802351230364,0.039523193594934704
565,-0.08224673315324617,0.1585243260995324
566,-0.0506314269855527,0.11610106218910297
567,-0.11961142786822128,0.1156784536902892
568,-0.10911570107472582,0.14020297673363097
569,-0.1639863828801578,0.0998807888332635
570,-0.20615482584000652,0.07182952868282398
571,-0.21418787151289428,0.1654856059738475
572,-0.19943516190570165,0.11222518400854459
573,-0.027524488033951886,0.10736884680609488
574,-0.16451117449617242,0.0831361489048371
575,-0.2522213169030196,0.14828729913636132
576,-0.16418210837211425,0.08782334485324057
577,-0.4231719120977328,0.1640808800622179
578,-0.060606649048077624,0.08799378665247165
579,-0.15906774356845194,0.14651944266463118
580,-0.21489451066586876,0.1341847341558166
581,-0.160200495142089,0.09854755074516625
582,0.21894193177354182,0.043391973370076956
583,-0.3076787624477799,0.0999028290634509
584,-0.3023079018626998,0.10444540715910253
585,-0.32304803637803814,0.023799209027822503
586,-0.2758329922519859,0.026743382130183506
587,-0.42353157292299753,0.11129323065653043
588,-0.3065143020243135,0.11946869041379096
589,-0.5584217237779912,0.07490258696348633
590,-0.5100680535446943,0.13093403880755314
591,-0.32955291876080417,0.058701966693287984
592,-0.36097730435405484,0.01700410204305715
593,-0.369525624352621,0.028496159736987464
594,-0.38721876191955973,0.02566290050953899
595,-0.3694716506355805,0.045268993885063724
596,-0.18534787745264888,0.06979090010228085
597,0.3640033084884022,-0.0003538612156073261
598,0.4058050897040275,-0.06480877485429686
599,-0.1839637308557094,-0.1119385910579779
600,-0.17554770641549947,-0.07347355525134505
601,-0.230780296855831,-0.07288164260747433
602,0.019853637660664596,-0.13649532794983263
603,0.11438803332311762,-0.14354727536718281
604,-0.04462065420336537,-0.13334697181002278
605,-0.09497872298367122,-0.09508040004221184
606,-0.07393597729128559,-0.06603676584155041
607,0.0517133853452903,-0.18347499033856676
608,-0.23136972077324194,-0.041492584185116484
609,-0.1409353263522655,-0.05089387521394602
610,0.20598936970093484,-0.17290426860454022
611,-0.29527849396959704,-0.05210394199944205
612,-0.2843889355372968,0.013235623586861117
613,-0.12150291322633201,0.05889903448632499
614,0.043103128132045004,0.08970859303986488
615,-0.18718377324219299,0.11588527159187179
616,-0.30762201337913625,0.02505670420247695
617,-0.031746585903350874,0.014338219827030547
618,-0.06762461756678163,0.005610869653812523
619,0.09927491626118479,0.12343931251287991
620,0.21012746869960078,0.0663896630687015
621,-0.3777344372666171,0.00798483987429814
622,-0.29910738320549174,-0.007961367564854787
623,-0.23783786633207207,0.0588232233843128
624,-0.25102414933992906,0.07648228664978776
625,-0.5466629891781979,0.04456293713725324
626,-0.4808254005769628,0.05374600160284807
627,-0.443073694534478,0.053913580111824344
628,-0.4587079597404987,0.04844781746682418
629,-0.36988419233028125,0.1054782436094532
630,-0.3776147995009494,0.10587420152313187
631,-0.4597164801671747,0.06754969730272713
632,-0.4892841607204316,0.050026239383567456
633,-0.37038576837406845,0.08271384801963723
634,-0.3430502015106709,0.0867388395199683
635,-0.35361234907678735,0.062291143935992326
636,-0.4654772230634674,0.029382147590003953
637,-0.3994146257633505,0.06457020980522324
638,-0.3662761638867252,0.089374587698856
639,-0.3446385548463191,0.07149904736554936
640,-0.22381499159158227,0.024454703261103033
641,-0.4164074535374274,0.03440872100510999
642,-0.5945470431681296,0.10203125146795088
643,-0.4228112123007834,0.09359014048421867
644,-0.23267200159541235,0.024330375567743735
645,0.3064768878207701,0.0566986846360498
646,0.08997019733463599,0.08188516237194994
647,0.357455167322489,0.07698731388849611
648,0.18863865368296495,0.06058835645924559
649,0.028508808925597557,0.09027590152878479
650,0.023286163900101912,0.07935291616412915
651,-0.07170273190655359,0.0717364115987522
652,-0.12174534651514932,0.11420694925057373
653,-0.21225952923724245,0.10942247086934088
654,-0.31558889283777236,0.11663813098946668
655,-0.34182134087688365,0.10487337956421496
656,-0.2945160986801107,0.11799192895629258
657,-0.27574445339800663,0.11353171189960813
658,-0.3656012722872247,0.11655757605335308
659,-0.239542401109303,0.10810455352513856
660,-0.33633288891499863,0.09871501329776476
661,-0.31593239291846764,0.10771513321622575
662,-0.21514000870607178,0.03993724713007393
663,-0.2730180006056557,0.06126607624825915
664,-0.048372421725723105,0.06735499786014745
665,-0.21590194342500074,0.06610312204882596
666,-0.3328894051770308,0.08662735592214195
667,-0.28849457419926877,0.11807784352482173
668,-0.19432412758314505,0.116984197061277
669,-0.29649243362893035,0.061331766933793476
670,-0.3184584132667029,0.0734728874009887
671,-0.36719490798089627,0.07171914640925697
672,-0.3060873431032093,0.07015134984366134
673,-0.32809640365496584,0.12906497039440154
674,-0.3486594065719112,0.09051511347075755
675,-0.03407427026601092,0.0828568728887127
676,-0.23765310671259685,0.07463841982716968
677,-0.04564996140727833,0.07445982695775669
678,-0.35574856606333727,0.11181155989913355
679,-0.3106199839751967,0.11014003043494537
680,-0.22068298787370286,0.10044936144397851
681,-0.23388339638257014,0.009461604178403613
682,0.04646737905584794,0.09858460200647465
683,-0.1026693206494946,0.12072506763415954
684,-0.3987434751741326,0.10388141082028446
685,0.13265514829698477,0.03464764197250089
686,-0.0062955006798073474,0.08090962726124121
687,0.02842356057507869,0.09207953107017898
688,-0.3678489668301364,0.11182163572591042
689,-0.25152319558612174,0.0906151020929945
690,-0.25694545579051936,0.17452918209403484
691,-0.37446209972367506,0.06316880816718677
692,0.14837473831514955,0.039901080253431864
693,-0.42812705060657114,0.10758567744336528
694,-0.1775251899363986,0.13757182389334432
695,-0.19123409325209145,0.12856758629410467
696,0.20143962207949356,-0.13395640998512287
697,-0.17445701363602342,0.13032494139094686
698,-0.2054441578655079,0.1329616802536133
699,-0.08532066656471546,0.09615100686021512
700,-0.31096260773171674,0.0936778101520889
701,-0.17254332122527755,0.1298089017447354
702,-0.17687242867516476,0.14082047733424485
703,-0.2647619744202629,0.0765505779490517
704,-0.16544927403167992,0.07932330972342919
705,-0.035275237382357896,0.0518377850139161
706,-0.19541695102401732,0.08469540216469984
707,-0.19759873436112574,0.0502469747621005
708,0.03226781585098667,0.08458591726799312
709,-0.14469302633936326,0.05518499877356984
710,0.03943380257066649,0.06887801203080623
711,-0.15959971969992628,0.0698724008633704
712,-0.030214027724409495,0.09527400395941721
713,-0.032976699053383435,0.10407478878445992
714,-0.1883591284780066,0.10626178792214085
715,-0.23002921913060892,0.018375608908156763
716,-0.10667833860721579,0.1067677538833812
717,-0.26591795410757035,0.08924203097193736
718,-0.25723156802780633,0.07853860107558035
719,-0.0716586890922896,0.05645428845082808
720,0.07901403728481231,0.02247551902890071
721,-0.07804897452110499,0.04640249066025524
722,-0.14384995649918364,0.1326981389038317
723,-0.19949305016599544,0.1759649730942536
724,-0.03754008308003934,0.010668651662849573
725,-0.47401439075250945,0.09033327476355518
726,-0.02422751921337112,0.0393633277136435
727,-0.21186644140875624,0.030560596178665633
728,-0.043429909073349204,-0.05652099654301658
729,-0.09472299015926697,0.00919944042189823
730,0.3511472497967592,-0.04138992369583854
731,0.40296801464407656,-0.0644401073744861
732,0.3986406983779373,-0.04468797406799141
733,0.36573515549877045,-0.06904411771388635
734,0.25194233828548407,0.039825774154062674
735,0.3725181109094739,-0.06175923141922245
736,0.32366633630784725,0.0417604942073416
737,0.24230354477425328,-0.01493729405348525
738,-0.07516908474935727,-0.06946915959678798
739,0.020417453440707296,-0.04134060502437136
740,-0.02473252686373652,-0.03833882679725737
741,-0.038004646717476755,-0.00795721354202324
742,0.19006739313278476,-0.1250097956098237
743,0.004872095989779094,-0.10951458056906874
744,-0.07971192935968714,-0.1125697207632734
745,-0.015437908729605135,-0.04349029907730521
746,0.08090258697460768,-0.10685274335979132
747,-0.13841363470419915,-0.08289489459727593
748,0.4654286937004805,-0.0374025232918937
749,0.4181723865274557,0.025434877686556643
750,0.294982274377205,0.028326977428960558
751,0.3733885650316728,-0.03354658411352288
752,0.36112417905481076,-0.01853645085032431
753,0.3579898675180527,-0.013939722470979406
754,0.3331293519140681,0.01269212695256885
755,0.17151663037142642,-0.03811185188664122
756,0.28335476384918057,-0.11427245056894603
757,0.21994736825995764,-0.04599799984750435
758,0.1270576726895235,-0.10673808423583388
759,0.2585121379677926,-0.09226888151538316
760,0.29588139602744506,-0.0833758799323252
761,0.23696768670808457,-0.06937674799091653
762,0.3069374272359986,-0.08418562813349273
763,0.19277905350160435,-0.1260094899374643
764,0.3799916936438594,-0.07189752476891774
765,0.26273504038163586,-0.04729042578449894
766,0.3063262338810914,0.09426118852894468
767,0.1770362035616223,0.09088851200912729
768,0.21107179704973,0.03358380738374347
769,0.2837151895904307,0.009809308919839768
770,0.23011293739562674,0.022020085244838103
771,0.2148086240724861,0.02832308327164948
772,0.21660721292352236,-0.07549597647963113
773,0.1424390263893127,0.024697532882531813
774,0.2278641635512646,-0.031698074635297224
775,0.33004438018307647,-0.06566009241561335
776,-0.14343125097676876,-0.045819188503540935
777,-0.30034984030251183,-0.03543542268995121
778,-0.20793428659092034,-0.0731276581852395
779,-0.32738182258564336,-0.016659816392884812
780,-0.33784005565498026,-0.06593564211759531
781,-0.3237788347841223,-0.041230619177562225
782,-0.34134810233954704,0.015311224310932474
783,-0.19761746986626658,-0.0708612229114821
784,-0.06967844745493626,-0.09550367966130736
785,-0.3753250501991922,0.02949973872737003
786,-0.12504159058690323,-0.08059859462042436
787,-0.14287068586254753,-0.07592083406092988
788,0.08165691471075057,-0.0908589072785893
789,0.0011339940956415291,-0.04729001271720822
790,-0.23776226090715732,-0.026903389346023703
791,-0.2979642538298087,0.004143685957421557
792,-0.1558736906223438,-0.01545663202213707
793,-0.29735396071613257,-0.027621037003639055
794,-0.13398507094920237,-0.05442199760614727
795,-0.12034405413824471,-0.06261394356878205
796,-0.3184378453396331,-0.050925272896645446
797,-0.2132622930396227,-0.09597447388271176
798,-0.35304063514889383,-0.06667025785877752
799,-0.028312871409585133,-0.056469195926461796
800,-0.3165629140501859,-0.0035260483359102375
801,-0.1250321900796185,-0.07193546729038751
802,0.16079221138012167,-0.05569575967014606
803,0.2709856991930406,0.019593907027834423
804,-0.3395202957736736,0.04487438817321972
805,-0.2908246898514499,-0.0108507543507786
806,0.34148931634275137,-0.014874812118534732
807,0.2586119483939048,-0.05966169469379395
808,0.20396250922408982,-0.04706148866944965
809,0.06731640913083875,-0.04225436571043487
810,0.1682443905166779,0.023953099483760124
811,-0.43626785574369376,0.034242781556701754
812,0.3048349025383966,-0.04157696384389795
813,-0.35338701348374424,0.09553284222226982
814,0.4432917013305813,-0.03487387930369541
815,0.4731227382726285,-0.047204926597679324
816,0.4431267307020186,0.01754963834830767
817,0.33083766429717154,-0.059980951660035496
818,0.16635324008365035,-0.08726609809743952
819,0.27953891331212993,-0.07264327826340809
820,0.17596359192561392,-0.0523356985274861
821,0.03028339864823344,-0.10888114490154482
822,0.15089008051067382,-0.0639874002175209
823,0.38507848849195425,-0.05767440706043588
824,0.19793740304704563,0.004970133243505997
825,-0.06391672251446068,-0.005058167448498562
826,0.076867975526778,0.026613441986962017
827,0.07778156075144828,0.04848586095922763
828,0.05004016838266513,0.059502695244881096
829,0.2581175675461072,0.03541448275203082
830,0.25286582003902813,0.019210313748372808
831,0.2945998404398765,0.05176225094606218
832,0.41704646985460353,0.011941899868789432
833,0.309970947796022,-0.027109600668018118
834,0.1949439435178867,-0.025513900327861258
835,0.0864201723729026,-0.03330550678878971
836,0.21441418663330228,0.00998243514614695
837,0.46009952342674093,-0.025978015192659333
838,0.4913014937098325,-0.02623945342879021
839,0.5296539924281982,-0.06597847094920335
840,0.48499862484276174,-0.05555864740326859
841,-0.09952288976338107,-0.11546588722979613
842,-0.2532633397752038,-0.025768782902671383
843,-0.3887263849636905,-0.007700405462102117
844,0.08446230701762276,0.05455231113833032
845,0.13397055810134087,0.10513365692846481
846,-0.12824236770982653,-0.023851007935171434
847,-0.2919366534927862,-8.107905879317978e-06
848,-0.18647097988493222,0.02383943577967654
849,-0.3487177103457056,0.04035203719562501
850,-0.16634726471627295,0.04009563986794906
851,-0.11839426689152545,-0.027294643425780897
852,-0.3653710887186336,-0.005560730616515486
853,-0.24671417918724808,-0.09995703696083007
854,-0.3489216546620502,-0.06630210915420943
855,-0.4136320092070468,0.06013803177900814
856,-0.36631041871060227,-0.02754073660174513
857,-0.40991200211879275,0.03006493692150534
858,-0.2940722885635103,-0.029929166948130758
859,-0.3143134403842462,-0.05964317042098119
860,-0.4397502156596077,0.05094789552781476
861,-0.34414675400044653,0.006124733587050218
862,-0.4032184494877821,0.014150632022316678
863,-0.4685506708547891,-0.0016886697031947909
864,-0.4365237660148642,0.04266624497804371
865,-0.1597544734896209,-0.014145600462151376
866,-0.15633392485332634,-0.034414042215845236
867,-0.18492628561915841,-0.005733880922251028
868,-0.07304785518741753,-0.053446997781889945
869,-0.18402946896664124,-0.019391732717302688
870,-0.09549530015523516,0.005670127354912297
871,-0.08066652459493251,-0.07229509400779588
872,-0.31100780800260547,0.0021986283127341764
873,-0.32378047023929457,-0.018732907982516738
874,-0.06435043504869314,-0.013599992219011762
875,-0.1398342924728416,-0.049275156598112504
876,-0.4121673345317485,0.02428318111824233
877,-0.23353408558540453,-0.026093104084083923
878,-0.11918884213414263,-0.034278108461504427
879,-0.1891346685919699,-0.052049586983942485
880,-0.3583440240855277,-0.040889990082312935
881,-0.45866975150126604,0.061723976140173026
882,-0.4737381530023993,0.02859744851275847
883,-0.46072685714715705,-0.0014654664843227222
884,-0.47660905323369124,-0.0026513810292480016
885,-0.47362799410946316,0.07582087494391927
886,-0.4496998898076813,-0.018266108096766077
887,-0.24654833579240626,-0.039660721751389176
888,-0.31772779660877154,0.01710193836746849
889,-0.40308563084380483,0.05366491316096773
890,-0.3093312573923911,-0.042906690954879104
891,-0.4010901238018758,0.0630916811845725
892,-0.48827362914363714,0.06464991375382842
893,-0.435644923187098,0.0075457326382491535
894,-0.3856588438799015,-0.013445691938148742
895,-0.26842420459290417,0.007716103168787127
896,-0.3824435305561691,0.02803135349046492
897,-0.263446260504022,0.01756412229089118
898,-0.1879468579993619,-0.03310414047188388
899,-0.3480677370368132,-0.030958920988015528
900,-0.3083631729683465,0.027206949231609705
901,-0.14478744887383066,-0.05114396170041497
902,-0.30788838756809955,-0.0456570306310381
903,-0.05172050436532296,-0.07202621243353188
904,-0.3927200318168074,0.001627267832807106
905,-0.1661462134522627,-0.02084277960805919
906,-0.28627984943044227,0.01108977969962991
907,-0.3263906206325356,-0.10740680714253006
908,0.427832343275904,-0.05936820100703871
909,0.47887256748244666,-0.08500643393694521
910,-0.17799175168416254,-0.02114141632971738
911,-0.09670677134420626,-0.0406494889008692
912,-0.36406650787937744,0.02050976533271676
913,-0.028597885477906877,-0.019736282344185417
914,0.07620793369590526,-0.007530106705200804
915,0.1260398527074433,-0.08877435172010943
916,-0.06369666998633779,0.03326714556999397
917,0.31473077101000685,-0.08043646847787785
918,0.31167620330221796,-0.11878857138230571
919,0.016713418754034245,-0.10975380925397321
920,0.09052615425173431,-0.14225347597943452
921,0.031061798170885876,-0.05949383571780161
922,-0.03563028064714846,-0.09014840627244705
923,0.024707408318733096,-0.09052613284898035
924,0.041759458875710594,-0.08322531128165955
925,0.046886071086777066,-0.08467807660971707
926,-0.003506172304695979,-0.10379713406238664
927,0.0423381836975493,-0.07263162413865837
928,0.00804954373872431,-0.05762460160369754
929,-0.07590772834935396,-0.0483077258988465
930,-0.03783082394468332,-0.1306141631852392
931,-0.11944658357453006,-0.11275031579457569
932,-0.040492294583023086,-0.029811098285481594
933,0.4035878592729822,-0.07630298784627158
934,0.33627657229712776,-0.02946152861595645
935,0.4277535541522262,-0.035916886606125825
936,0.5056289009189225,-0.11369898058580397
937,0.48993524230957025,-0.07820993526434353
938,0.4262571537352955,-0.03484410839677539
939,0.2667987847636999,-0.09336804102455444
940,0.19954698729941445,-0.0056762421015614664
941,0.41845866747909827,-0.06232482660248507
942,0.08487227510704057,0.021094709926987292
943,0.16894861879531925,-0.05843260338969263
944,0.0355310111597583,-0.06604961837108579
945,-0.08273171766415582,-0.06000494223965793
946,-0.08047270035735121,-0.05707961233086491
947,-0.11156465893899582,-0.04155540430031838
948,-0.1154677272055793,-0.08253350541054699
949,0.14882583649240994,-0.031973521278003514
950,0.24416863845331963,-0.12366221790590763
951,-0.03460614499020023,-0.0593651008549281
952,0.13757493340995233,-0.06590485584132712
953,0.43523030916652933,-0.009442834058587585
954,0.3577033402652555,-0.0073693765361248715
955,0.07090387970408395,-0.06872130487409539
956,-0.16391779952788577,-0.044994906730564756
957,0.19643817568777652,-0.12821646038552406
958,0.05221269496316505,-0.09677072441572013
959,0.3586558884197106,-0.08461022015376075
960,0.15739262409052993,-0.10341193730739248
961,0.029986351236759298,-0.048739565053957296
962,0.34050453342571585,-0.12340120084099357
963,0.023708777349508266,-0.05008657260839371
964,0.18522892349486195,-0.08148452830043501
965,0.16067844054993827,-0.15491519057954264
966,0.39876373371309987,-0.14686594004410353
967,0.2315361507436785,-0.14652768352866916
968,-0.01076721417441299,-0.10243070106227464
969,0.36386595314159254,-0.10548040012751882
970,0.41515692764148976,-0.07805995227784024
971,0.468012853184109,-0.12725085940095693
972,0.44309954967565435,-0.10615854659931007
973,0.4666502140572866,-0.08230923480749909
974,0.2671826496997071,-0.04161587793364053
975,0.40390143568751674,-0.048883172761463776
976,0.4865108052275549,-0.06692246346091163
977,0.433135462592524,-0.08799380363936633
978,-0.33763367254181115,0.1414935227856194
979,-0.3583922260599317,0.07651207450214265
980,-0.15415907605502893,-0.08976052782798898
981,0.10303884325221654,-0.12326027611602369
982,0.24775655418942893,-0.1098122410258525
983,-0.00967192500500878,-0.08087303061975648
984,0.3545489875431702,-0.08312503592064586
985,0.3692919910900979,-0.1127054722026332
986,0.24203193883796106,-0.05698798528899523
987,0.32169325888432454,-0.0647304436726833
988,0.16253863946728803,-0.07080750609801786
989,0.13341845302765895,-0.08647493903248948
990,0.31194811636122377,-0.115082551854676
991,0.4006170120941846,-0.0748363951487038
992,0.31077900166627065,-0.09920893738150864
993,0.25471593033980866,-0.11831948189258461
994,0.20608692824389385,-0.11111029576206785
995,0.22376473013667947,-0.058887128689464455
996,0.5743613709896881,-0.11332963785900849
997,0.5344163252712746,-0.12766233973739982
998,0.4977771903036544,-0.12677700335712844
999,0.44195662240239914,-0.12360750477702206
1000,0.3902812370071362,-0.027910680830666116
1001,0.40242243810438055,-0.05646930453515074
1002,0.4517208679393865,-0.07045218203399191
1003,0.5563899813725841,-0.07384625879938052
1004,0.6033106297656206,-0.047910182035746374
1005,0.5395703101323645,-0.04881062147138699
1006,0.5359537057652326,-0.06682925005362263
1007,0.4221457384384552,-0.1353461355863416
1008,0.3261536386528895,-0.06286797000172073
1009,0.49561472125057465,-0.05534836485193176
1010,0.49128598767710374,-0.048379182669033995
1011,0.485109174299671,-0.03766232002311441
1012,0.567701984681482,-0.0682017214484337
1013,0.5530010172844436,-0.09691201891578562
1014,0.47207064723514763,-0.09078250931389442
1015,0.6088691202873301,-0.11125309725991568
1016,0.6383678103806767,-0.07201092262252932
1017,0.5806864492843113,-0.05266259297755483
1018,0.43600867605254,-0.09471164644116654
1019,0.3479448558793227,-0.06573139088772528
1020,0.6505937100642014,-0.0630069415159125
1021,0.6031239441602453,-0.08256431397201708
1022,0.5845163463025876,-0.10029146895100849
1023,0.40811538822089194,-0.05900586618113986
1024,0.573843748134427,-0.05396192905866281
1025,0.5298223233968637,-0.03442845036444224
1026,0.4236415983383313,-0.07818553763445028
1027,0.45547939700029294,-0.07074791765552148
1028,0.46801466309609985,-0.07075187938305003
1029,0.5242997592173239,-0.0873238397038353
1030,0.45097658425875925,-0.05229907446101909
1031,0.5485460296420145,-0.08469096559293411
1032,0.46417689198308726,-0.09781017985770749
1033,0.4505739470713159,-0.039098353376188597
1034,0.37899785649471796,-0.04477060016471366
1035,0.2588818743463133,-0.04324934615741989
1036,0.500846284393034,-0.07884690414582272
1037,0.4610513633852274,-0.0313998253087288
1038,0.47096536241590864,-0.15469982870027682
1039,0.3946764171891193,-0.13913291931495428
1040,0.2877132637381406,-0.06867365267064549
1041,0.03302707675331069,-0.10233711865691737
1042,-0.18720607186222255,-0.04684254280326223
1043,-0.0574316151431973,-0.060840129690690144
1044,0.06185153348444567,-0.04959239053491691
1045,0.04273453366168316,-0.09531221381466516
1046,-0.019791187016197906,-0.08486521905473182
1047,0.08925490003477501,-0.0797121920116421
1048,-0.009396728845665534,-0.10439892260633396
1049,0.08245196883536161,-0.054926035630895605
1050,0.20567582691704736,-0.056788075043686645
1051,0.007709555942999831,-0.0969747916987323
1052,0.011615944405413081,-0.10486955143925923
1053,-0.000608155978322852,-0.08435738949557367
1054,-0.030633928197083923,-0.048260169911003244
1055,0.07007388289782947,-0.10761916974914561
1056,0.15650359041375872,-0.05881221530904164
1057,0.12459200647068207,-0.09491013254331879
1058,0.03191042706245843,-0.10149639091723686
1059,0.09366398365083509,-0.06421334677718975
1060,0.20095790973858438,-0.05789585416938152
1061,0.22184186240542728,-0.07479487720338839
1062,0.1808557472312775,-0.08798796600043064
1063,0.16344768250855796,-0.07251408720714086
1064,0.2806918338533489,-0.05860092716597415
1065,0.3173185817695054,-0.07971238948138862
1066,0.21746522336788113,-0.04753607441688503
1067,0.28549121506329056,-0.0759203667350008
1068,0.13922641327021618,-0.08414202457537036
1069,0.2510465316800227,-0.0843822099869255
1070,0.37033597533691354,-0.08849438667161845
1071,0.2848437159668184,-0.09929989968133834
1072,0.3731462520667724,-0.09093822261206558
1073,0.3410288392888915,-0.06607352415028168
1074,0.2763089010910132,-0.07400868963679641
1075,0.3210442777083293,-0.09641556701177931
1076,0.20829683348621117,-0.0716564466000702
1077,0.2605105041992629,-0.07718314905986493
1078,0.42015143811160194,-0.1485898451650165
1079,0.4185715310103954,-0.13971025196864018
1080,0.271327868863181,-0.14570779052389715
1081,0.2506858803747244,-0.08899386956022456
1082,0.12217382011615058,-0.11074543436048513
1083,0.09996899439213862,-0.1058750348855549
1084,0.28206549456909397,-0.13902190974052417
1085,0.26102880407609896,-0.1296857013556572
1086,0.18579847943300618,-0.11345844423346195
1087,0.1635047224981567,-0.12944901617920884
1088,0.11944324415900381,-0.09311495133410563
1089,-0.014477350184489545,-0.0679349562115749
1090,0.4721760436515963,-0.13803166239825415
1091,0.3863482885757232,-0.12528671331964672
1092,0.2001985877312752,-0.12374156213225175
1093,-0.24175600313775236,0.11689625183786731
1094,0.25886329917579853,-0.10205199731059189
1095,0.33605330388072263,-0.10670814158893081
1096,0.3417678034768619,-0.12251894991524462
1097,0.11586760851625667,-0.058883388854825046
1098,0.2451159365703763,-0.11067302617672009
1099,0.22243732116168113,-0.1379672014761959
1100,0.2318850098666775,-0.10607101762517367
1101,0.08279825864923648,-0.0832649544624686
1102,0.10164378275601696,-0.09166590167189735
1103,0.2894716299623939,-0.08528778807542697
1104,0.24130582457596886,-0.11408471125756925
1105,0.16150578349401168,-0.07244408571493167
1106,0.2839108557936176,-0.11045212675163608
1107,0.3052792623713703,-0.08192249423849682
1108,0.28142838459155894,-0.15619548250107987
1109,0.13774857603617463,-0.1298272294774554
1110,0.21187945113857,-0.09580249825355328
1111,0.10913081018375191,-0.12650716591898922
1112,-0.4015335194275026,0.10799054305804018
1113,0.3377345009048652,-0.13598559803839802
1114,0.4086152449437489,-0.07314984827194491
1115,0.3360403874182552,-0.11739693102260995
1116,0.30139649734995033,-0.11889408267945199
1117,0.2826996579023639,-0.06162937852743653
1118,0.15030028773915516,-0.13607320367236359
1119,0.48700949528054704,-0.09064334149245354
1120,0.49506605375965074,-0.11074540521762492
1121,0.4262672224707103,-0.10433962029979171
1122,0.33037313565233467,-0.1154094690514683
1123,0.30089150223330197,-0.10296477321306016
1124,0.418786345040892,-0.10451311857365007
1125,0.3271053449363619,-0.12020597910565636
1126,0.39935092686604584,-0.12078805539854479
1127,0.34111734962423934,-0.08749278139216837
1128,0.19027276001048346,-0.09624073692572345
1129,0.21850976970445307,-0.06308681996624439
1130,0.33001779694074246,-0.13431059206943807
1131,0.20706759717114523,-0.09101089369402487
1132,0.30647056823608837,-0.08228885864532033
1133,0.32146284897125776,-0.09912054197732864
1134,0.2066134249188745,-0.10302936040835206
1135,0.09367535146013195,-0.10559104311195294
1136,0.3656085861436826,-0.06525422231019261
1137,0.09088867174987408,-0.08511806607280556
1138,0.29433820838419417,-0.06667272362453987
1139,0.14856478910743576,-0.08934393486468863
1140,0.12414822163405362,-0.07680192409110474
1141,0.21585995767682514,-0.041453457256087546
1142,0.21232548510876076,-0.03443045413487579
1143,-0.048505406843420286,-0.05037379017269918
1144,0.04958518762142311,-0.028214284807078167
1145,0.09540491386397724,-0.07697498820839464
1146,0.40218009948720196,-0.08479293995239205
1147,0.37221964720989803,-0.06910407669320054
1148,0.5462222002404051,-0.12277050308559846
1149,0.47962204508532824,-0.11057749968064105
1150,0.31621515320066623,-0.10597471282485976
1151,0.22711462080080486,-0.07179000737121816
1152,0.2962342695191385,-0.025547723704502184
1153,0.5837116798421281,-0.1264488975215299
1154,0.5753607930705001,-0.08805331626828003
1155,0.5637069697132504,-0.06711395242342695
1156,0.46223490432927083,-0.09959505551686011
1157,0.3832624609782655,-0.0683040063206335
1158,0.5035195096959497,-0.1375738975834468
1159,0.47396598669943885,-0.030489385305102076
1160,0.32781965349625464,-0.0803925760418543
1161,0.32001442946624253,-0.04091779326385502
1162,0.46884690405032886,-0.05924502400913155
1163,0.22381235607814196,-0.05257011479982129
1164,0.11891791851080377,-0.1312276597311983
1165,0.3432030601580846,-0.08990901753171904
1166,0.2592611929050637,-0.07960122789695478
1167,0.3277404762829044,-0.06147356359163237
1168,0.20064522953437078,-0.06691438017368818
1169,0.3287623640091003,-0.15149285644496346
1170,0.19823939105189559,-0.09765248312911726
1171,0.30545665411439993,-0.07556601727372336
1172,0.3654661353532356,-0.07510560673322693
1173,0.11036231623465273,-0.04945236534044355
1174,0.38354729450978703,-0.07536169459126764
1175,0.22647231193255096,-0.17995564530940952
1176,0.0025561190801126287,-0.020743436702950795
1177,0.11186873787586217,-0.07048233635784647
1178,0.2633809933757054,-0.10191073228413967
1179,0.2534067847358962,-0.0740949567456463
1180,0.3045591982347553,-0.015521525595762234
1181,0.1538672140009515,-0.08154573973966965
1182,0.18986793989321407,-0.10018345958811005
1183,0.2522967957494805,-0.12327892254216634
1184,0.3506800306356107,-0.07503294447321401
1185,0.15254798784445564,-0.12899647369497141
1186,-0.000546534852793493,-0.06682231524807976
1187,0.01158799517602175,-0.09875490814071923
1188,0.3661989191466871,-0.11772210931217983
1189,0.36806061116185806,-0.06833461473527457
1190,-0.05886193645026715,-0.07807858374711313
1191,0.15424928749707806,-0.08063850755972027
1192,-0.0016247381138388103,-0.12342323785072873
1193,0.48341161898797896,-0.09905089132054357
1194,0.2170020899418106,-0.02493627483055151
1195,0.48959489418481195,-0.11773942346303641
1196,0.5046632571560702,-0.050056305039878776
1197,0.3898763581423537,-0.027797196700574883
1198,0.35447893223769983,-0.0033175684368846286
1199,0.3539172183742413,-0.03859244017731938
1200,0.13492904633698202,0.042077683116725405
1201,0.10290381834600966,0.14166821494967394
1202,0.09167826859942473,0.10521410086437236
1203,0.15833400469903358,0.10286627277239979
1204,0.18423755394327704,0.06472207977603661
1205,-0.2705938053580314,0.012390134801331875
1206,-0.08402311102208228,0.07607816758923475
1207,-0.41735179262769373,0.0599927696967986
1208,-0.29747654671931834,0.03821297554961933
1209,-0.1832282888399127,0.0625207633778471
1210,-0.38108073561342326,0.06901669256185992
1211,-0.2497828115874712,0.07868306746758313
1212,-0.3220857640870705,0.08437778356482699
1213,-0.25381601119519387,0.039153718015314
1214,-0.23926299927919756,0.022424470716468154
1215,-0.33798333770354216,0.10383248532704388
1216,-0.22745570591878084,0.058156053153134574
1217,-0.13780245202111382,0.06529491026361497
1218,-0.009522196529885884,0.040600039307481066
1219,0.19148306478556357,0.01924459715230586
1220,0.2672554153593605,-0.016951436795358717
1221,0.031973354129417354,0.06742599387794924
1222,0.07897083832393642,0.07990953111740623
1223,0.17930939314840882,0.026922196581548687
1224,0.07714075155464199,0.040594733934411514
1225,-0.06835561035568817,0.06490289566382854
1226,0.0914952476467871,0.054485412684863864
1227,0.052990086625609535,0.06415075448360413
1228,-0.04281111990497341,0.1175446558107751
1229,0.19720821107816855,0.03148247364135411
1230,0.33066677786091286,0.0223068295135955
1231,-0.08490234798757366,-0.011986715121150243
1232,0.020420098782205316,-0.007692332610404584
1233,0.2102439274117758,-0.044815374926817725
1234,-0.20439372516026577,0.07222054080605145
1235,0.10355572493525966,0.04115225602993761
1236,-0.38433664497579456,0.022269486742687677
1237,0.03632918933939296,0.07554831516255689
1238,-0.17974344140530427,0.0016405158154084733
1239,-0.42172862146998547,0.0711464242383644
1240,0.08536462106573518,0.07895365299884195
1241,0.15776671377960658,0.051577451889128406
1242,0.0012840589636611008,-0.04726921431811983
1243,-0.15086844075603636,-0.060353936467147935
1244,-0.09224874095704833,-0.07598712488179973
1245,-0.23821862176514677,-0.03210393377097091
1246,-0.01242080139269628,-0.005688193769120887
1247,0.07056570957745195,-0.01682392330390371
1248,-0.00947189815864819,0.0550588851925947
1249,-0.3005402145283954,0.0745562140634648
1250,-0.3083562747122053,0.028757154330976906
1251,-0.36081080164316265,0.09332769493910001
1252,0.16614057498581367,-0.016274935828329232
1253,0.000463533635703548,0.029628492213481843
1254,0.1646376065357108,-0.04694883218883388
1255,0.4663128161293021,-0.12427960024908058
1256,0.40662497532540215,-0.12993580455400586
1257,0.5690700880913168,-0.04842581225962906
1258,0.4375705405594405,-0.07038667909586391
1259,0.42844512131735457,-0.09358668573108339
1260,0.32618169387833423,-0.04119023961162869
1261,0.3756034011676022,-0.048827477905466994
1262,0.35066111892046076,-0.08516294403968822
1263,0.18347659916594142,-0.07147289163125838
1264,0.31163344018784456,-0.061756165461364684
1265,0.31658737544653015,-0.007534908663889337
1266,0.2778396818933558,-0.02159701753154498
1267,0.2030749637586921,-0.08040723666755167
1268,0.24150535680513935,-0.03641404815965242
1269,0.16591306727851912,-0.010731043232019932
1270,0.454268410609043,-0.041058702454422426
1271,0.34232861981710866,-0.05113218036349482
1272,0.4240898142433823,-0.008406532800838537
1273,0.1516484758149646,-0.03386986196784656
1274,0.319389435718189,-0.13909022064462445
1275,0.34557381297725315,-0.14600212618038957
1276,0.24456424106833857,-0.08588247399043625
1277,-0.07599047113839538,-0.008688127930106052
1278,0.019386401068916728,-0.031014608727971835
1279,-0.33340801325053493,0.10246639396949715
1280,-0.4393817523233618,0.026874128253394858
1281,-0.20380487606023281,0.02312585910844904
1282,-0.06261062286788092,0.012505797074386777
1283,-0.2522726216219254,0.011017910437433267
1284,0.007141501231948854,0.016243363377983256
1285,-0.1556311737559817,-0.006584508659745765
1286,-0.02683842599047966,-0.02683161230344453
1287,0.24123229055076403,-0.10840132483910464
1288,-0.05642843813483414,0.016466522008193436
1289,-0.03782946989763594,0.01575201775493684
1290,0.033173342405608416,-0.04974696654079294
1291,0.07851215335128006,-0.09854806351006576
1292,0.17130896743150836,-0.10499937737998602
1293,0.2641766405514945,-0.07717338186965264
1294,0.054275893799244065,-0.03562702792977092
1295,0.01624240800286377,-0.08713647047359468
1296,0.033209757021106824,-0.06369835105406095
1297,0.49839064686038076,-0.07883582709412079
1298,0.4929900792542452,-0.0674002847056405
1299,0.2897569815862685,-0.020806142399862382
1300,-0.1521239329824176,0.033996635827964715
1301,-0.10953107047268887,-0.029709103398951973
1302,-0.21426204506368193,-0.007895549309327876
1303,-0.2763843974753512,0.08189765408507688
1304,-0.13147229821005763,0.003133141385913676
1305,-0.15105047044610712,0.019542124325937184
1306,-0.2626970930649885,0.08521284174095425
1307,-0.37987486614886173,0.1070446439580299
1308,0.4049549091036557,-0.024008253747111827
1309,0.40905723509447045,-0.011001459179336221
1310,-0.05086450779046352,-0.03489200699422662
1311,-0.10494769823770574,-0.06703501297183183
1312,-0.049637919545650666,-0.045364402962471004
1313,-0.10097031764061518,-0.03751413367085873
1314,0.09031623549385467,-0.14428067613668866
1315,-0.07325827362930983,-0.03565559726776361
1316,-0.37119700501089525,0.023759566495443862
1317,-0.3713755275205451,0.03731757256524814
1318,-0.021456491583152524,-0.08352772155835672
1319,0.042964234280688504,-0.09214486273171567
1320,-0.16561910868192814,-0.03846801710471421
1321,0.01766703955457404,-0.10812313069321365
1322,-0.07531863650353011,-0.08092551092883249
1323,-0.07771039578165094,-0.06826692930995105
1324,-0.22083426241666984,-0.03414030655719621
1325,-0.14152058858190975,-0.027646088125763864
1326,-0.1536621975936429,-0.10513036883309383
1327,0.23674657796623888,-0.07488941732322911
1328,0.24431729892709766,-0.1296364259288324
1329,0.3709127412523683,-0.06741734334379422
1330,0.3344308031776934,-0.11223267239079869
1331,0.21324082498702554,-0.06400598796079168
1332,0.11234214697293084,-0.07435637510196842
1333,0.03750169432910906,-0.06917402549154643
1334,0.17872820401188172,-0.11667545140499512
1335,0.07575587373607401,-0.01155023419562753
1336,-0.38271774751754756,0.07019256142119502
1337,0.1821700474068396,-0.07507584267802182
1338,0.22307828252275183,-0.08364513940219884
1339,0.3462602412583249,-0.11042861543937627
1340,0.2882182614332861,-0.06739171747455688
1341,0.25377992063261107,-0.03889276641515198
1342,0.40515636849228354,-0.0714300212213866
1343,0.3486376319917961,-0.07627278112951591
1344,-0.31351852800849567,0.07867041667566832
1345,0.16368356400693834,-0.02446454472474089
1346,0.19350452695739492,-0.07377376223928467
1347,0.10625061688434602,-0.02491667427001745
1348,0.1618983602123074,-0.04198071684166511
1349,0.14705051377583134,-0.05433617835947763
1350,0.198459603585416,-0.09063234154277995
1351,0.21520815297527301,-0.021221023526304353
1352,0.25368937017498727,-0.04993336173525808
1353,0.25232985403526687,-0.06479014130527201
1354,0.27772970952145304,-0.09370491706354343
1355,0.2124805963025292,-0.11181607908762126
1356,0.27859660048796464,-0.11164219574614116
1357,0.33320877614807054,-0.08903359824426761
1358,0.26862649794445365,-0.07483599808224281
1359,-0.30156945231208065,0.05490630386700838
1360,-0.3694460999666876,0.04489656095044984
1361,0.3266986098304444,0.045656254568073054
1362,0.22386805760348832,-0.05851125605601199
1363,0.327891962269276,-0.09356219725656213
1364,0.38310706794355187,-0.06476099174848364
1365,0.365336517698007,-0.04869082460489779
1366,0.1670021832928125,-0.07708076196464458
1367,0.3338097501724609,-0.03710496419934249
1368,0.2974999830453231,-0.08095509188960459
1369,0.23594936292170776,-0.039573435155061835
1370,0.36754449025379216,-0.1008790945941922
1371,0.15863888760109224,-0.08710286577706162
1372,0.2126282019571347,-0.015010000362236117
1373,0.3086012239561246,-0.07107543896857282
1374,0.06577514940795162,-0.07374528826606501
1375,0.23566349771811643,-0.047760141062401035
1376,0.317264312780283,-0.05282522960973279
1377,0.19954431813263943,-0.04541158157479643
1378,0.3337553865076336,-0.0769854613332103
1379,0.03329916449774372,-0.0842216718119591
1380,0.10748182329517296,-0.05516961396807564
1381,-0.3234663572690916,0.047196205536391166
1382,0.34367293969853563,-0.05260356944364327
1383,0.07928688834945936,-0.024082874327192208
1384,0.4319553852676151,-0.1250348275011581
1385,0.29380660707964085,-0.046128863217203706
1386,0.4276486685452117,-0.08804131786929383
1387,0.23400608178639415,-0.011986335754885755
1388,0.3552590973164112,-0.05106330979317812
1389,0.11822953079515357,-0.005738922566593771
1390,0.2647676220484437,-0.03859419753064754
1391,0.12518332859311218,-0.027979952889164637
1392,0.1656697579668347,-0.03568113316111304
1393,0.3255760202119002,-0.02545403188010562
1394,0.663680916046837,-0.09628787591318054
1395,0.6002581481487398,-0.12971179036242264
1396,0.49254836273242564,-0.08408149956296737
1397,0.5906174373362622,-0.037468687293683904
1398,0.6004762975421761,-0.057439507983858884
1399,0.4664229709267311,-0.04806557940961632
1400,0.5459480147036615,-0.038029459297157536
1401,0.5684540407968038,-0.03218759237177202
1402,0.5031093875501021,-0.034845510599822764
1403,0.48730164445988167,-0.034917465825999854
1404,0.39818947712838926,-0.05907414866830766
1405,0.4070197555462727,-0.04052059774096492
1406,0.3251201606955219,-0.06739311627593261
1407,0.2974898529009905,-0.07398840570496922
1408,0.24189126600284544,0.0371094967876184
1409,0.10334700060039703,0.05979631025833369
1410,0.15837326476462013,0.007664823229675606
1411,0.22011209372680637,-0.011671218562025562
1412,0.5351962942266135,-0.015896953662885908
1413,0.44394758100702486,0.006073311485131638
1414,0.4576405582899381,-0.016664873977705906
1415,-0.22643697102972632,-0.03882218310032366
1416,0.22877541337781407,-0.011508465021001732
1417,0.4101782994351297,-0.01380856338384244
1418,0.4992350253882154,-0.06909736493979833
1419,0.4968032040664367,-0.058254993977252284
1420,0.4524341844870491,-0.011774260746125453
1421,0.40545746314952713,-0.08122456726115651
1422,0.6196791971768784,-0.049368710185678955
1423,0.5589693477890697,-0.07051616991596282
1424,0.36268408877398955,-0.035087104127481575
1425,0.41696336920372645,-0.030107905328983463
1426,-0.4286579009557148,0.0508306591998586
1427,0.38375750522174573,0.0015288913677453434
1428,0.4225256003683548,-0.06211517816516139
1429,0.4677320637498689,-0.03649169826316276
1430,0.5610479307444416,-0.043137369483703204
1431,0.4571968780866047,-0.035308093611582325
1432,0.246571487939868,-0.01867877366313331
1433,0.28001450835236436,-0.041885694707406156
1434,0.6340588267781173,-0.02654753478895301
1435,0.5153162289076451,-0.0064432404980025015
1436,-0.5242822477789447,0.02958136086479589
1437,0.3555796111760627,-0.04923330529854481
1438,0.2435458097537914,0.02672701773742499
1439,0.4637703108236081,-0.03910676129875856
1440,0.5166562264184635,-0.047045439431510246
1441,0.4566917613572614,-0.03355257337914748
1442,0.5062271181910526,-0.003718064198155112
1443,0.4708417057991461,-0.05179370240831895
1444,0.20704120400517095,0.002055502354708298
1445,0.25104835321817687,-0.001435587394829025
1446,-0.20490140505594395,0.03737984717052271
1447,0.12204716214442834,-0.028878930572107792
1448,0.17903636457615998,0.007244332978789575
1449,0.2751633781968872,-0.05547529786913896
1450,0.3617960354690749,-0.04967740075355632
1451,0.42355898595681435,-0.022599860145113608
1452,0.34240010146819977,-0.028591094700200916
1453,0.48329624187964476,-0.025029295736942125
1454,0.49392036586943167,-0.038578187407833885
1455,0.2925404026572058,0.016256806417016753
1456,0.42716059876289697,-0.010663470324999896
1457,0.3670856876627259,-0.004416842547423967
1458,0.4614106015871155,-0.013423942567424267
1459,0.35295259113413835,0.0024480786566126894
1460,0.44556728990925953,-0.04436750352970605
1461,0.5286204930979956,-0.03272596450191069
1462,0.4741473327634483,0.04284503947635368
1463,0.5173787120134397,-0.048640590459672665
1464,0.46035916132528193,-0.04061910526604169
1465,0.49153337446456874,-0.016173657232867792
1466,0.4201024188922748,0.006057202631552557
1467,0.5437406857888706,-0.042055065156890656
1468,0.3360537996117131,0.0058955177755859595
1469,0.546322264611321,0.004950161298316168
1470,0.3672095010188004,-0.013793608389888511
1471,0.43506985463040404,-0.0021814999873652624
1472,0.49387877837067923,-0.03299440246872773
1473,0.21206768249499955,0.03181753238954884
1474,0.2623635959588159,-0.026939091678573508
1475,0.2874786530786565,-0.01779205154104833
1476,0.37317533191855334,-0.08847482019450015
1477,0.40267936473821814,0.011380026388265756
1478,0.3446958896507031,-0.004318524935141525
1479,0.42009157920233475,-0.06194290148479318
1480,0.4385672807738752,-0.01075801349001211
1481,0.423060994270571,-0.04880661393212005
1482,0.4673530545010411,-0.04395303843239107
1483,0.24551919286798715,0.02853188023625211
1484,0.30317653901019226,0.028015981957816946
1485,0.3010238134708575,0.02523024209784828
1486,0.2780458850411917,0.03188272410816487
1487,0.2600453461552121,-0.027330327155775668
1488,0.42213835308726766,-0.044678154258536766
1489,0.4195926227376307,-0.03847670325914052
1490,0.42624453195166107,-0.05621785640832489
1491,0.26854499880479366,-0.03221196847371427
1492,0.3274178006818413,0.00838352268672041
1493,0.2900304627454349,-0.04459827200455176
1494,0.4392933780149209,-0.0708078782478581
1495,0.24269544652491679,-0.009937536996119017
1496,0.4017463321687887,0.03397205536047243
1497,0.40979496556254363,-0.03287661560908697
1498,0.34517595462660877,0.0037025418290106554
1499,0.49865841488869694,-0.06911569179409956
1500,0.5442395846812819,-0.10796307627784439
1501,0.21176363569166584,-0.048150462055313425
1502,0.18233832681361867,0.00616205825062552
1503,0.5271051586817017,-0.08140643663267115
1504,0.47930612599427846,-0.006634068223207174
1505,0.3455937214567856,0.004215058768462817
1506,0.2646317868961873,-0.018836026167045654
1507,0.2961484488598203,-0.057590085001484166
1508,0.27413606234041415,-0.015919820915387427
1509,0.20436474456112153,0.01478702272393144
1510,0.3805714880293541,-0.04333164561857013
1511,0.1767629727856596,-0.08490336536365063
1512,0.2558651230750203,0.016778881931269415
1513,0.2858945372206178,-0.020171590881581502
1514,0.45206521977996766,-0.00964824461627545
1515,0.3809895190571162,0.03309875804599217
1516,0.3025567163005682,-0.01517084218167935
1517,0.5805075646088085,-0.08035764432795295
1518,0.4649936414141104,-0.057146438974468555
1519,0.11720218580035902,0.07278537372609235
1520,0.4194296884438319,-0.03498297346891048
1521,0.4033384760320237,-0.0868744261267677
1522,0.4022081501934516,-0.012405406728724248
1523,0.3939250689287596,-0.01958681384423576
1524,0.4264116267130406,-0.010754122084384731
1525,0.5074138901510099,-0.04974469946215642
1526,-0.5196531636031273,0.08830231643245508
1527,0.4805158666469669,-0.03825084268692163
1528,0.4666287199744652,-0.10985785559578114
1529,0.1164029244210887,0.07446390202991475
1530,0.42965517373088197,-0.06042328110319116
1531,0.41663585953077836,-0.08461818996028572
1532,0.5526191840259811,-0.09893425909447119
1533,0.44215876659712866,-0.006514706698290825
1534,0.4616869794176708,-0.022219598541606038
1535,0.2501702016084757,-0.02416179998599159
1536,0.3007651384100088,-0.0532770984784403
1537,0.43175710057490174,-0.013223570421200896
1538,-0.48012779474054823,-0.006942636458245168
1539,0.358857579335981,-0.02128868078813468
1540,0.4628699850541865,-0.020855299792504594
1541,0.14439149613813343,-0.006213948672224571
1542,0.34660406276711414,-0.002114130656471208
1543,-0.4759679697987944,0.06273487955499776
1544,0.3346395261712148,-0.055269874864737244
1545,0.35636895814717984,-0.031607679224412044
1546,-0.246657953640195,-0.03806274005406744
1547,-0.15628595619744257,-0.030231373285935927
1548,-0.4456533862152078,0.008042818414583172
1549,-0.3338067640198347,0.019559225133302188
1550,0.1872691203477607,-0.04233913709123127
1551,0.10873845572720924,-0.025975985243536344
1552,0.30947651120434955,-0.03617986866534452
1553,0.23011427693951655,-0.01969918867262028
1554,0.15435202597530817,-0.005987394180974601
1555,0.07610937152570865,0.009746016203295477
1556,0.1169764779225531,0.018783465450286953
1557,-0.08334425647676158,-0.07491628214761814
1558,0.02733721021179102,-0.0409949707495224
1559,0.13003264816299956,-0.10391235371157642
1560,0.10119971306321288,-0.06972814725034412
1561,-0.29291799074326375,0.04854584043959708
1562,-0.23461048346615013,0.05961485192747812
1563,-0.3241208341912228,0.050691547647573304
1564,-0.16008081158588938,0.01030884284845951
1565,-0.18983322692112678,0.08672797075169948
1566,-0.2394498407122073,0.0713473806551956
1567,-0.4208696628070524,0.06963686590483746
1568,-0.28261904164713364,0.04872197464760213
1569,-0.2317112477970293,0.024868384809871698
1570,-0.180146578139277,0.013285002725395685
1571,-0.10740056237107211,-0.001782853176303708
1572,-0.1417245917577412,0.014837735462625791
1573,-0.1226135306417531,0.08878399959415355
1574,-0.15924023434358944,-0.012240344938528921
1575,0.012789769198642073,-0.04571275758299885
1576,0.21767215250427682,-0.09193867546467224
1577,-0.315778073074408,0.07401534737978027
1578,-0.19599061809142188,0.07466394552534737
1579,0.04319496256633133,-0.06561944449785787
1580,-0.0052064055064248325,-0.06653299699059002
1581,0.15166296875437352,-0.03466904140011093
1582,0.14323076312581312,-0.038248429677983455
1583,-0.10506336614233654,-0.025298662405476936
1584,0.17702604905301642,-0.07565368848253916
1585,-0.12790363313807765,-0.008440726323583784
1586,0.026391051804303466,-0.04522308478613825
1587,-0.28776262250758416,0.01801723624075516
1588,-0.3033629198790921,-0.005344742082645874
1589,-0.24407842486651402,0.0059666713229230145
1590,-0.5124632380601541,-0.01684976739083511
1591,-0.37432316335336147,-0.0013430923730492661
1592,-0.46790784517388384,-0.03422726267315062
1593,0.5504411694157992,-0.04217946215042657
1594,-0.49224359873978746,-0.013444820887626035
1595,-0.46253896545925094,-0.029398574920101835
1596,-0.3293378563399631,-0.01147046880461706
1597,-0.23921143977154177,-0.03355046460803047
1598,-0.3967678698262252,-0.005336130926587666
1599,-0.4036605840925181,-0.011804154368189414
1600,-0.4511211480592891,0.01901502303573082
1601,-0.35909130677722567,0.013295204467677738
1602,-0.3809256135754014,-0.0020428932463638586
1603,-0.4042153708576734,0.006206812419941141
1604,-0.4062680835108331,0.0047295811380882275
1605,-0.4539055467759657,0.020860092854982294
1606,-0.5192123316195683,0.004630388396052671
1607,-0.4835269946380973,0.003600401565950951
1608,-0.30031987759123585,-0.02708602454957203
1609,-0.27036897366526713,-0.025255191833815555
1610,-0.43464350212369046,-0.026078931193311585
1611,-0.30510321532715073,-0.043234121451471694
1612,-0.44276299977223854,0.02124641486878322
1613,-0.3463726543771712,-0.03160630329870404
1614,-0.34072587924034725,0.06788306775224663
1615,-0.2617637814744398,0.011406237722793129
1616,-0.22290609956731758,0.0072085445614584135
1617,-0.27656560479821923,-0.01849966344754206
1618,-0.3697896973820612,-0.028129991062718795
1619,-0.2870721852606514,-0.011375777853611333
1620,-0.35866914695740154,-0.003099082879864898
1621,-0.3609564263022988,0.015989561160484167
1622,-0.3367582860235023,0.0012600111742176623
1623,-0.33515573785613384,-0.012582887112156242
1624,-0.3868201666272657,-0.06828825739069913
1625,-0.35483584846723915,-0.039203828436731834
1626,-0.23818918904790626,-0.05667132838574769
1627,-0.38340816132980715,-0.0352341010893156
1628,-0.19892611887710576,-0.06694061446106805
1629,-0.3323769793672514,-0.05591021631159628
1630,-0.24320253306327322,-0.016674987896839605
1631,-0.465798251709354,0.016384537990815344
1632,-0.42992694527673647,0.004292127937687536
1633,-0.32719709977935246,-0.006620099883254336
1634,-0.4353767865575938,0.03288601561088221
1635,-0.45998802948573586,0.03009530347764935
1636,-0.47731424038190395,0.0429748681017616
1637,-0.41494624796727764,0.05059581481972569
1638,0.025018640641951324,0.05593872212221239
1639,-0.00395711556671955,0.057623814870134474
1640,-0.06595100934622075,-0.036934781272539866
1641,-0.07186867271033207,0.025616581754552746
1642,0.13460752601532536,0.026128528112949394
1643,0.1455660898929597,-0.022784820890770136
1644,0.009793867932063941,0.009616574629686063
1645,-0.017226889838179636,0.04530232327576491
1646,0.04451408206969554,0.07563756288566247
1647,-0.07151594710425951,0.014862857987945802
1648,-0.2346888903062132,0.006685669860990116
1649,-0.12440548842664086,-0.07888650444641834
1650,-0.23198574581648276,-0.07441163335900192
1651,-0.15742908150014306,-0.013568233430383991
1652,-0.07195566590751876,-0.10669799305005281
1653,0.10557465594951933,-0.07132523610699777
1654,0.13051286717812252,-0.04517331547913058
1655,0.11018700328612076,-0.04023789513101884
1656,0.11745537152659508,-0.03397366674985689
1657,-0.20088863522976427,0.02997966991225655
1658,-0.10097459730566384,0.010876215108162673
1659,-0.19802664087772348,0.016805698675581404
1660,0.011662764039787095,0.022736132999352
1661,-0.129554973502038,-0.004583328617171414
1662,-0.06567064895019661,-0.03979021445237619
1663,-0.20521848449831034,-0.017026034247708783
1664,-0.23589475649411082,0.04013626530597496
1665,0.001361636740014122,-0.01944408798141059
1666,-0.4708261737807013,0.06352401596775462
1667,0.2659000582785754,-0.01764730345685417
1668,0.3119118363321359,-0.026684432605554236
1669,0.2594012112840059,-0.06163863743102035
1670,0.0830190850618234,0.0330747696012875
1671,0.18984040366631794,0.0358816985567658
1672,-0.057518875351559896,-0.06483633896064497
1673,-0.11645627346779792,-0.044523255163202054
1674,-0.18717959585341234,-0.007710519733800511
1675,0.06447140959843353,-0.07118965545763899
1676,0.18745064456495766,-0.08826922566625064
1677,0.12172108021598325,0.00307892543496979
1678,-0.18648973517448109,-0.01235152850950053
1679,-0.06127765540512219,-0.05958408311174136
1680,0.01162877124005692,0.07028151206460999
1681,-0.20008532240733987,0.047029919274444665
1682,0.15938731823496857,-0.024421752899576665
1683,-0.0029540946678848,-0.05480124823535588
1684,0.16527128507487948,-0.08574635686607616
1685,0.08217625426375631,0.029249665143347335
1686,-0.34311167687759686,0.00832246165595835
1687,0.3617663838441147,-0.018736353301159303
1688,0.08410458350127913,-0.04383917488079512
1689,-0.03046659182627896,-0.01162070032425694
1690,0.002353032334946586,0.03962798859347924
1691,-0.024152908521756868,-0.06028211028634134
1692,-0.07722790344650837,-0.027190045894839598
1693,0.12033784955025256,-0.058420910755160246
1694,0.11913868025908071,-0.04872018912989816
1695,0.16891069081456922,-0.03511933857836143
1696,0.03393077014537246,0.042491800803946746
1697,0.036832352854599744,-0.0832407961850351
1698,-0.058500761149597034,0.01755124085284963
1699,-0.0778479005247694,-0.04313818992524139
1700,-0.16978308143038032,0.008665755676012752
1701,0.17516391114777854,-0.008322026999004228
1702,-0.15641309245060428,-0.04489948225402025
1703,-0.1939509480509395,0.025690354035720366
1704,-0.004671682283016636,0.012902835018186445
1705,0.018678363743063853,-0.008054409101067275
1706,-0.1096524257654187,-0.008805075066625543
1707,-0.010822183213632403,-0.041465282294001114
1708,-0.055238875500418026,-0.014387797566384412
1709,-0.05554826243682249,0.005688411309114103
1710,0.042645632783659466,0.04037672879254738
1711,-0.04152671316031412,-0.04556250981206386
1712,-0.047711443137673865,-0.018722884210948105
1713,-0.04643905027689709,-0.04167475646215643
1714,0.11661051714657712,-0.013037762280257293
1715,-0.15182310684377212,0.07579242354280737
1716,-0.06024077674475094,-0.02435864800253976
1717,0.08268775522357262,-0.008826557588457216
1718,-0.15476267384768672,-0.052479009480572526
1719,0.02800355326398583,0.035354029989681804
1720,-0.039125484303282325,-0.04654002355150446
1721,0.217384272276788,-0.06645095145579676
1722,0.188239137282295,-0.06095183255012615
1723,-0.26679215558325864,0.021206828012376947
1724,-0.0824190569347728,-0.028368285474051385
1725,-0.18628586964763577,-0.024195499586231795
1726,0.036047380176580227,0.04356634417326551
1727,-0.14064839330624912,-0.057512240219731794
1728,-0.24823884909107063,0.025707865403748986
1729,0.10230548772876336,-0.031655502728091874
1730,0.19444092973600163,-0.02051646608864858
1731,0.08862481541098553,-0.06635641847044883
1732,-0.05765286694579251,-0.005450972542056173
1733,-0.08888639214949423,0.01267610840872144
1734,0.12796842426436983,-0.006355437798393168
1735,0.1614630020972511,0.019946263809164665
1736,-0.010747676036554354,-0.01927124313374571
1737,0.08088103676918647,-0.005538900188575276
1738,0.007797036588027325,0.0457444624389285
1739,-0.023897885378442396,0.0008783153673833516
1740,0.21324713716849691,-0.009544758747395908
1741,-0.05012826221788391,-0.0007681106749668505
1742,0.07436914280175644,0.005037154461183072
1743,-0.11049678738098871,-0.06605197986577133
1744,0.0035769546505376873,0.020178483928710102
1745,0.05483914773614886,-0.023463815226811367
1746,0.19759949723836612,-0.0604023411868824
1747,-0.11951829167224608,0.06079735617530077
1748,-0.23661265035215776,-0.02711594192522292
1749,-0.19336052310467844,-0.021110348206371362
1750,0.1886207924932139,0.005228442750148025
1751,0.008020374528787184,-0.0227100579477263
1752,0.1663932337078307,0.021300488455072476
1753,-0.11077808002262421,-0.020780637547014157
1754,0.2214833395273008,-0.006838456460845898
1755,-0.0037250264475130524,-0.019654277758381408
1756,0.10262187964211238,-0.005369621124933866
1757,0.22966430030730528,-0.013737716294889138
1758,0.15197342281114065,0.03542362049173927
1759,-0.07379233868409521,-0.023761289082491747
1760,-0.004477605670336834,0.0015272373233652541
1761,-0.05166295156095323,0.0042997969963992164
1762,0.012643244888518361,-0.029305141606216226
1763,0.04702395781517154,-0.03492433350261792
1764,-0.05325656655939666,-0.06120502554898074
1765,-0.14191688313744336,0.016219117645902444
1766,-0.07793429561139148,-0.03613777947036375
1767,0.07425644201632903,0.044395598200063335
1768,-0.06410257217575684,-0.045874765148199464
1769,-0.05569912807793863,-0.02141297052480728
1770,-0.122233584336745,-0.0011995028639291332
1771,0.04713423414592376,0.031018894720217575
1772,0.14031198232375158,-0.10188228922578038
1773,-0.17346818758589214,-0.021794425557412057
1774,-0.1169140125415336,-0.04371824824659242
1775,-0.008876746340179062,-0.0045670233274655156
1776,0.134181531318667,-0.057760156229195225
1777,0.015372552749314644,0.004411923401780502
1778,0.09625363559478012,-0.010330370890918098
1779,-0.12605303617449357,-0.02836380044438226
1780,-0.035711066544055536,-0.009455127456733539
1781,-0.03690500133002598,-0.0011024482662172828
1782,0.11688143943817844,-0.01094702930760175
1783,-0.10371808420993461,-0.005779000223040757
1784,-0.35924139420086215,0.047042291989343066
1785,-0.32123004895035995,0.024227160772584074
1786,-0.20515637865167854,0.014356636204703224
1787,-0.2196202853858098,-0.01154779824898161
1788,-0.22225192165042487,0.02231201997757085
1789,-0.21336968802638376,-0.01613946320125723
1790,-0.08175169792334154,-0.031663304629217355
1791,0.04991975042400725,-0.05254061630461989
1792,0.042641270388078106,-0.07590890934204367
1793,-0.00032291742517787916,0.01734036421440323
1794,0.07339908861132015,-0.018875730388621968
1795,-0.18310191841095316,0.018924231979743113
1796,-0.27972530154718306,0.01578284591581434
1797,0.07464163128577535,-0.051265343759674245
1798,0.18055826960985788,-0.0492773083277434
1799,-0.020247386183329132,-0.10424788020601543
1800,-0.13242874891398393,-0.040614864023789464
1801,-0.0772854135093876,0.08655707035829616
1802,0.10159290769843497,0.034591250431715126
1803,0.21708305321523377,-0.08477253595574497
1804,-0.2968548990250142,0.04032837455289768
1805,-0.19505353813290768,-0.03397961971439572
1806,0.18846765555801875,-0.09223167262532704
1807,0.10142629964720679,0.056686269783495245
1808,0.10905702407776736,0.0018581697527256314
1809,0.027722200809555904,0.0010144739791076286
1810,0.009179800873859055,-0.044311121426500205
1811,-0.15864680158420155,0.05030272300826502
1812,0.09339674827246597,-0.07304059665485871
1813,-0.2711633732186242,-0.0049548532078426055
1814,-0.14888029516163073,0.03683005508600151
1815,-0.03925138001589513,0.016947079781716338
1816,-0.08441237038596913,-0.011047618480326512
1817,-0.33591131038019806,0.037156561042158656
1818,-0.13638889088219164,0.027771483684754378
1819,-0.3647725220430177,0.023635290968172008
1820,-0.10664835773776825,0.007379039996660983
1821,-0.03436115401331029,0.02244474577747364
1822,0.03685221417181261,0.031901482614173214
1823,-0.015116397412358493,-0.07307949313641954
1824,-0.08303433067133675,0.05131387775059122
1825,0.035731751142127684,-0.06564830136154753
1826,0.22494957386650719,-0.10278978011027476
1827,0.26004286331395254,-0.03452094950363928
1828,-0.18584014975842825,-0.03025303626607463
1829,0.15570985684671748,-0.047371893668295355
1830,0.4174890196239778,-0.022808915935092093
1831,-0.0461104572061213,0.09134386479954688
1832,0.043824241519674706,0.015041601810785768
1833,0.13593397718858038,0.014887806200235627
1834,-0.1827909015853502,0.0048083933469985
1835,-0.3462952291480512,0.015480508934798794
1836,0.10644208562417923,-0.04235505331579949
1837,-0.2243958748357986,-0.012084248220861368
1838,0.19370296603168083,-0.04731623481851219
1839,-0.34376796754145517,0.0045285079444070024
1840,-0.29563931548687533,-0.0018533204509800256
1841,0.0649047201039072,-0.04819650373616032
1842,0.07521932900829653,-0.06732631854615569
1843,-0.07398151057325582,0.02609477234738927
1844,-0.18186452977552617,0.06220686303137218
1845,0.2649779145566161,-0.048870110903533534
1846,0.21268211974735957,-0.03743763369401228
1847,0.1414481824047446,-0.014026881507242793
1848,0.2757886718952601,-0.05465111390070977
1849,0.2197852656017871,-0.05724737021609835
1850,0.18949606662046029,-0.08889113359331073
1851,-0.039334305817215524,0.044266587613004074
1852,0.22616818293471672,0.00043517602153742745
1853,0.10670578133119557,-0.0012075547785458662
1854,0.1199065335686181,0.005967149802225128
1855,0.164127132039877,-0.01921719669924378
1856,0.3497322679341541,-0.042998596913788836
1857,0.14283386387056718,0.0032998501511154296
1858,-0.10409946220946215,0.017004976221935753
1859,-0.04713686247972158,-0.009392791196528116
1860,-0.13276500176816444,-0.015680352308433336
1861,0.08305994461784436,-0.08796520231769622
1862,0.15135653958143322,0.06979630561858305
1863,0.3090213171632504,-0.03629533242333179
1864,0.20910678898116572,-0.0801767911065474
1865,-0.01207429491677965,0.006138006131974452
1866,0.10841294001235978,0.005172814435915283
1867,-0.013339651928137207,-0.004003416237510624
1868,0.00798206820625276,-0.06231431303151601
1869,0.35236437957103817,-0.07793184347864678
1870,-0.08576569544398006,0.0046688944332849685
1871,-0.01102860577188748,0.009657932921821814
1872,-0.32338155591202394,0.09431148219790973
1873,0.19532767296568884,-0.09029589007153949
1874,-0.40549522709583,0.0009563650899788249
1875,-0.06332608092981537,-0.009835721532008875
1876,-0.1179343351331151,-0.04741796912731145
1877,0.09761014595514604,0.0662568966751207
1878,-0.0615189509320245,-0.06282502033730226
1879,0.2935689278718606,-0.03748322136554696
1880,0.22957451631913312,-0.00543761127843144
1881,0.12833677455689485,0.03656536465303616
1882,0.18067619615559755,-0.04139421081306743
1883,-0.046695987999858996,-0.011015551704871875
1884,-0.1736712679837061,-0.008090350274531694
1885,0.047540901548587824,-0.07699520248809537
1886,-0.025512824600377165,-0.08749168507851679
1887,-0.2187090618141695,0.007751013533469286
1888,0.1326673657859263,-0.040679527269562026
1889,0.43271173708204197,-0.014370610262127447
1890,0.022754206562950578,-0.08408564834947059
1891,0.07228802849645831,-0.03634703845188698
1892,0.11724114224222751,0.03812418818799949
1893,0.03080646255438245,-0.041723197583226845
1894,-0.13317336043710948,0.06135719915983271
1895,-0.2333940279304082,0.00938685283690484
1896,-0.2786997383080727,0.07876267401168857
1897,-0.13725992504027953,0.0715098837682817
1898,-0.19324888152647368,-0.007837755705826864
1899,0.3596025703897761,-0.02906507884108487
1900,0.22636275836658074,-0.03464170397162572
1901,0.2323736634291013,0.01509523818134628
1902,-0.2886653621717013,0.0751642540160674
1903,-0.09405270225728318,-0.047670112706787546
1904,-0.057757131325775035,0.0483641958592085
1905,-0.09088301223826266,0.02337740538793376
1906,0.13197333425683316,0.004387156827310859
1907,-0.07059874471524952,-0.07286302414569124
1908,0.07004092618459565,-0.029000213158969335
1909,0.28550196655381704,-0.031314825296502334
1910,-0.26677698025560126,-0.07056513094868458
1911,-0.2626147688403072,-0.015755674468080228
1912,-0.03847032120576104,-0.011228459947489885
1913,0.36927825348202714,-0.0730385807297787
1914,-0.3760091512748308,0.05516920116944453
1915,0.00013559387912211697,0.03191802278690172
1916,0.32604017277454855,0.0490682625244423
1917,-0.13062288279476558,0.01351640139881862
1918,-0.2107908529005745,-0.05103711968855408
1919,0.28059123010937564,-0.04326811852266891
1920,-0.06545330108403791,0.02271930922426647
1921,0.011313620117474952,0.0016142170852701352
1922,0.4001372700449994,-0.029481965613389328
1923,0.11586165989270646,-0.019332879995557675
1924,0.187483694812286,-0.03431142162000655
1925,0.267485196426949,0.02280878938338243
1926,0.1516512234396371,-0.0495887244892336
1927,0.08460577578236453,-0.040496843814598615
1928,-0.01849217520878279,-0.04596478947102204
1929,0.20825819529113546,-0.062475853406750395
1930,0.17253642673185343,-0.04903957188571101
1931,-0.11713346281263871,0.00819288514876897
1932,0.1532123137850203,-0.04693172313561583
1933,0.3230371198451414,-0.01963360345886303
1934,0.2038987602032084,-0.02976793632245446
1935,-0.3376007798944505,-0.025497101028260968
1936,-0.25545935856910473,-0.0030176630442416163
1937,0.2967343163358151,-0.07936169846407679
1938,-0.09060222140590433,-0.01633811243228019
1939,0.17525934609782676,-0.009525701711668453
1940,0.14285531724785924,-0.05132219388643203
1941,0.17468194981305155,0.02040403767263778
1942,0.07819076423499881,0.04751845757609476
1943,-0.012272614690042337,-0.08589100012550074
1944,-0.08769869303306253,-0.06319876938948288
1945,-0.07010009089958165,-0.07056908962519524
1946,-0.031230055867455676,-0.03316222010445329
1947,0.011958292849469901,-0.08258763539335903
1948,-0.07582347646795697,0.006504961298901278
1949,0.07716434913555305,-0.07345723675402914
1950,0.23984155258393847,0.06916094465274153
1951,0.34210693092683414,0.024282045552811278
1952,0.4657998393077204,-0.14438796140333926
1953,0.2638217150265976,-0.10608295992895374
1954,0.4280294948440458,-0.07391779213680133
1955,0.3527242083877463,-0.11340892982838884
1956,0.5201502660401488,-0.09143724358623913
1957,0.5275668482704433,-0.13170717001222657
1958,0.48484714238313525,-0.13689127921815425
1959,0.44828654839678567,-0.11916850861578451
1960,0.32457805585886557,-0.09084803386698664
1961,0.46414267948990434,-0.11843933892647743
1962,0.3771620127444518,-0.0906860861112905
1963,0.23486843735177587,-0.06044016339736529
1964,0.3950806757327845,-0.14249982298821717
1965,0.35636145252730933,-0.10338756789556196
1966,0.291483203238998,-0.12963022368384436
1967,0.08877171188451391,-0.09690125100348543
1968,0.10703767259034527,-0.08077689345507177
1969,0.031020502982319644,-0.02224640901891396
1970,-0.6144565004449016,0.11415008763977712
1971,-0.4848602505642378,0.0739223383999031
1972,-0.3308538812230124,0.05762489092081108
1973,-0.22434074693741057,0.08396711779091884
1974,-0.26727731228972995,0.1640239564341522
1975,-0.1787588367968422,0.1439914737814496
1976,-0.21091445357023272,0.14755726625885426
1977,-0.1489778869108838,0.1486330602950444
1978,-0.2202215538893773,0.16609007885649707
1979,-0.46173230561406,0.12751530036794562
1980,-0.06922073243298354,0.1264425320279286
1981,0.04653762872120398,0.11189872816775265
1982,0.31108954477581624,-0.07528684240841126
1983,0.3196370067635274,-0.08980802426641711
1984,-0.20571026890089716,0.08424519615589036
1985,-0.17400302086719985,0.07122507722520546
1986,-0.1497621235047026,0.08677460742396649
1987,-0.20370872461651926,0.06720773881631718
1988,0.263382103404925,-0.03739108780904012
1989,-0.06400953060268429,0.0886508450918867
1990,-0.24172925608277065,0.09427470481694121
1991,-0.07703245918467946,0.037842324726843846
1992,-0.16443680795546287,0.07852575010842891
1993,-0.21728037760776311,0.08578303634407937
1994,-0.01318681713268046,0.054156648469592464
1995,-0.10727441061670571,0.07806678286416063
1996,-0.24418289054452294,0.09115888657759409
1997,-0.3668150334826313,0.07154191891654306
1998,-0.21818314056968918,0.07774240322278549
1999,-0.26204000205162997,0.0974097973793431
2000,-0.18601038929307367,0.12119711738756758
2001,-0.04815296657398764,0.06496390164710363
2002,-0.03074851294718378,0.059250986983061436
2003,-0.1909530409200256,0.0820729141067445
2004,-0.06473968379842479,0.08307120356568072
2005,-0.1262047120790171,0.05984044173821667
2006,-0.18382355514061788,0.07231159991881463
2007,-0.07586461017221818,0.08292452307553333
2008,-0.03354432759941881,0.02317636227988405
2009,0.09429902041278165,0.05392762331330989
2010,-0.11393206465020814,0.07445889743317999
2011,-0.2032685893222359,0.09218949168482554
2012,-0.23383110805574678,0.12126577063080246
2013,-0.23421134821933756,0.1013559500895547
2014,-0.18078251984938362,0.0653486885559455
2015,0.2478671129816457,-0.08868058579112384
2016,-0.2766321044309834,0.09823417403889927
2017,-0.2550174237306012,0.1511124661211495
2018,0.04407289640349798,0.03284561244490093
2019,-0.1457584723275514,0.09733281765942471
2020,-0.06375136617837981,0.05975874571707778
2021,-0.29001208727762406,0.08265666798195045
2022,0.343239514194048,-0.08477085588433016
2023,-0.17598157983768797,0.12445677488514922
2024,-0.20667541715264837,0.06308652410220719
2025,-0.2297449688885087,0.062098797750020446
2026,-0.23411946750160262,0.030592037351543106
2027,-0.028028288967269218,0.09596785735496498
2028,0.01927512724966931,-0.0008571780963699213
2029,0.03332757499675059,0.07328862038583224
2030,-0.20540792885448178,0.1049495140517032
2031,-0.32586514600185906,0.17204472630113257
2032,0.14930980890893433,0.08737785682560845
2033,0.006156632557037165,-0.028980837647017043
2034,-0.23065746232417078,0.12427122003042071
2035,-0.2870015566774345,0.12604452296669313
2036,-0.16277132166068667,0.13515007534942822
2037,-0.23031653049393291,0.12488625865246333
2038,0.10967538739052665,0.03114880533380897
2039,-0.2493455688518021,0.1677233444997636
2040,-0.1965170059082405,0.07604307907335743
2041,-0.26679814542540087,0.09121591575751124
2042,-0.22213821410105503,0.02059075918033262
2043,-0.16062393866711108,0.04751349602415871
2044,-0.26237212289152256,0.08214072206789555
2045,-0.26717504218898447,0.11479913149649687
2046,-0.11624110904454503,0.02505757979227034
2047,-0.19898214474283948,0.10158019699493187
2048,0.052988861960612116,0.03332875790731152
2049,0.22913612368188246,0.0072136376319340365
2050,-0.280086795250615,0.09447041496230538
2051,-0.15259822872421305,0.08298245895539987
2052,-0.27669210332969574,0.04473193780125787
2053,-0.22203206273309312,0.1145905447674531
2054,-0.2896655240256413,0.1141270635102187
2055,-0.06954434289544315,0.07609879910030241
2056,-0.11042565256482574,0.10554259176506747
2057,0.043680407144843184,0.061404788805886054
2058,-0.06783641191588326,0.07200278745537075
2059,0.0713559694353849,-0.12629319025237232
2060,0.10586141263542843,0.07378951459518732
2061,0.18416426056581578,-0.09219894980891909
2062,-0.07874184237171068,0.08653274906365498
2063,0.13883490920926664,-0.07176617516613892
2064,-0.17527524601040842,0.047687942342547224
2065,-0.41962439168413523,0.07872355562371253
2066,0.005154096626801869,0.02199433874426877
2067,0.07454539883708391,0.03549798262981041
2068,-0.2911012576437616,0.1028454242531507
2069,-0.09736275306662347,0.02234353977146829
2070,0.24086076283080832,-0.09059535078847758
2071,-0.10536167970237043,-0.00874018560693894
2072,-0.3541253038972188,0.0584190717147215
2073,0.06749029967846583,0.05023058971727585
2074,0.09043055281270944,0.0910866687050069
2075,-0.2630657218427352,0.07328076815829102
2076,-0.40363596456595285,0.08475849216050013
2077,-0.01970604383781821,0.05067946515652852
2078,-0.3245130656438248,0.08912484408271512
2079,-0.3549299241890176,0.0633337814491556
2080,0.15444667301818735,0.05103022615627241
2081,0.207238105706721,0.0439189089528132
2082,0.08946748479259818,0.06534693369275237
2083,0.09642897100040008,-0.05220866834233779
2084,0.03063503146267221,-0.02854429198939919
2085,-0.24463097474685838,0.04730461179845712
2086,-0.024426556435309926,0.08373138497555511
2087,-0.32526501834713745,0.15201284959991646
2088,-0.1440645807115316,0.1252087745724921
2089,-0.3233746910539296,0.10915368184324087
2090,-0.17540136382726332,0.0824196198998307
2091,-0.25525653917945795,0.06640358417396439
2092,-0.4401989230414447,0.08489359472146325
2093,-0.3368209055752669,0.07183112771217143
2094,-0.3008591704783168,0.09217902240142835
2095,-0.1658582300716716,0.06349584494987678
2096,-0.19704666780960303,0.044508488865174604
2097,-0.035991861410700335,0.09665974536343049
2098,0.04957359449988366,0.06073361243371199
2099,-0.23650218683293237,0.12487387758582884
2100,0.0361889571722017,0.11534882500285905
2101,-0.08272337011001214,0.13158600725719105
2102,-0.13711467108114953,0.1284117005789144
2103,-0.023325661454383938,0.04224712013716397
2104,-0.251688232697902,0.06286650044444299
2105,-0.20858633627848724,0.06574919787939443
2106,-0.2487838390327529,0.07921383558321138
2107,0.1169533807432233,0.027180795226019447
2108,-0.17795636544789492,0.07877471994387944
2109,-0.3942699536436786,0.0913638044949963
2110,0.27634002006348546,-0.09049065580595729
2111,-0.26219086719893947,0.1259458350133484
2112,0.18779109959143067,0.07393139207843832
2113,-0.05455663984218135,0.10598373547998444
2114,-0.20544693048793994,0.06443978103632773
2115,-0.17239326286236312,0.05539928403731185
2116,-0.3639285814784478,0.03335351326574009
2117,0.20462155232372156,0.09062646432353245
2118,0.21026310344952923,-0.04050318424478157
2119,0.2590183211173939,-0.07788707804115572
2120,0.27396240688598156,-0.10913155265961785
2121,-0.07109640663104834,0.059779225101287616
2122,0.12128945176210418,-0.08857933934932753
2123,0.06446937346678155,-0.06602254345655063
2124,-0.06645574850635769,0.06948026657060505
2125,-0.14062000543315895,0.07478279424638491
2126,0.0948702251098188,-0.08035390559722896
2127,-0.20299137458596572,0.060498697682673686
2128,-0.2747002793054287,0.12458440858876306
2129,-0.2654508791544258,0.07507862772900796
2130,-0.16194896408992715,0.07777086024749502
2131,0.01517947109159284,-0.13626118438119708
2132,0.2570458957705396,-0.07078312985373589
2133,-0.20080844031651818,0.0649196640576807
2134,0.006713500483236944,-0.06859981581275804
2135,-0.05334843610222949,0.07394913691101519
2136,-0.20160546564203963,0.11893376198083648
2137,-0.2483495435765977,0.07083504029437983
2138,0.3971900676296392,-0.0522950614496776
2139,0.04855424707114991,-0.047936975849078016
2140,0.10971151149608564,-0.07039841175521025
2141,-0.09433027113955567,0.0659365721511779
2142,-0.32688616210366084,0.12214219439776783
2143,-0.20961643473716327,0.11551753932536854
2144,-0.23703299653698964,0.05606318764757767
2145,0.28924470927916207,-0.0591788498779914
2146,-0.09593528047440525,-0.027067618120151783
2147,0.10117188940873079,0.041755326832697795
2148,-0.09568338449261318,-0.06275572526899957
2149,0.38767053149649777,-0.093194090436549
2150,0.34888176197239457,-0.11608142627157135
2151,0.22346954873169525,-0.11548070000723537
2152,-0.38405529768175817,0.1016776752054258
2153,-0.21505090640705923,0.08772445206931287
2154,0.13057686153915551,-0.049237816603242904
2155,-0.2576457930598719,0.08494741457463217
2156,0.03662950959192098,0.10299552640107734
2157,-0.04204922033908491,0.037062196244815875
2158,0.06982694612770662,0.0630262395996844
2159,0.4499444091323084,-0.056897067727668046
2160,-0.22085316315699377,0.09517648515971111
2161,-0.23576715745287657,0.09234212564847806
2162,-0.10418349055591428,0.23432318778494454
2163,-0.38417393760504837,0.1293207778525419
2164,-0.019158495868393056,0.11294084842522246
2165,-0.28599710774504694,0.09217667542932396
2166,-0.21235241422141815,0.11114124753539344
2167,-0.0547722779369879,-0.08355032746041978
2168,-0.3136330191484047,0.08182196630532738
2169,0.3533002760336347,-0.06109258458936873
2170,-0.02517177162261,-0.1011721721746471
2171,-0.1011070113710207,0.09742705750477045
2172,0.1860276076427887,-0.10827473403444988
2173,-0.0745947168206046,0.10249718196072921
2174,-0.01380104631925345,-0.09054780684856327
2175,0.12996513386893677,-0.14737838349060575
2176,0.32941378428514956,-0.13496754817984957
2177,0.24228879857093885,-0.10282882136014948
2178,0.14381948554341917,0.10056292574010593
2179,0.18877076526506087,-0.029615606640854865
2180,0.17119593396700705,-0.08406589190251834
2181,0.2639745380988284,-0.09671125134370687
2182,0.03511461844070611,0.04447307905942638
2183,0.20716592091561772,-0.1279267984498073
2184,-0.1659866192534991,0.0763194495596755
2185,-0.11145684142223897,-0.08068406900261843
2186,-0.23468521487359006,0.06868568859427267
2187,-0.13912427498566687,0.050553255463190505
2188,0.288285507896505,-0.1451643154789897
2189,-0.29827612293029987,0.027229881286735595
2190,0.35144960531864633,-0.14276896470278613
2191,-0.10421079764520973,0.02185932654458076
2192,0.289739096955093,-0.117328760306665
2193,0.18024242903179885,-0.04795617705401895
2194,-0.019001181940705717,-0.044464756508951424
2195,0.2673689077301344,-0.06941702940131274
2196,0.0689384538924288,-0.08601664828928152
2197,0.2400237174376733,-0.10194566794255869
2198,0.0040557713982913085,0.09893712900512774
2199,-0.36951352840950386,0.09669649610640864
2200,-0.22787545177843493,0.0857861518926154
2201,-0.25661049888062293,0.057587602807535956
2202,0.24191404880072864,-0.09567156757473569
2203,-0.22530422084025675,0.04057270435466754
2204,-0.023471105205825654,-0.09014198790444596
2205,-0.05025836275614043,0.10319259025056815
2206,0.17955350301907227,-0.06583629543078405
2207,-0.04210531740233339,-0.0777395148723224
2208,0.05653289071772237,-0.027675278869698
2209,0.25877499295109707,0.0181933013323636
2210,0.031498125144444424,-0.07544521900828602
2211,-0.08036817862193392,-0.027755907305526212
2212,-0.034611324948050456,-0.012347821020921248
2213,-0.3937654031649318,0.04853521435659193
2214,-0.4288760092767252,0.053216419796115834
2215,-0.4379130214672407,0.068935415662002
2216,-0.370911714822232,0.02795599015960835
2217,-0.4662998954304228,0.026964905014215817
2218,0.46014478367167605,-0.004189544249045266
2219,0.47292322588186253,-0.034130526388496445
2220,-0.5261679082556634,0.046207666698200325
2221,-0.38121842571807324,-0.033498117607511244
2222,-0.4969291668442075,0.03176793054746234
2223,-0.34588511400071686,-0.036416360606750825
2224,-0.2670893589676211,-0.006312391472381031
2225,-0.27396636556666076,-0.010726724234358626
2226,-0.4209699268503351,0.004988972607478514
2227,-0.19287298535824662,-0.05858878832751991
2228,-0.18906467499069968,-0.08817268805339885
2229,-0.2562686011677849,-0.07263647776108491
2230,-0.21420354445868392,-0.059267203504006424
2231,-0.3585014884401743,-0.040020403435508486
2232,-0.33268001577065864,-0.005866223364744643
2233,-0.2904280795568376,-0.05776435613982768
2234,-0.09454845706617201,-0.034087484472873034
2235,-0.2673135856510917,-0.012829139598461098
2236,-0.21820898245941459,-0.043744441756144316
2237,-0.1474554197166364,-0.045658755079055646
2238,-0.18523155849147513,-0.040235323933873725
2239,-0.16707284325269556,-0.09960573001424868
2240,-0.3353824194942958,-0.02571991937977926
2241,-0.45577499377896497,0.02024411022907392
2242,-0.3718961945631387,-0.021036644170056497
2243,-0.4714172548746631,0.03591086638819118
2244,-0.42781058407050787,0.05472421225300648
2245,-0.22324683620738614,-0.01868549169040111
2246,-0.25824669223374613,-0.030459274700934996
2247,-0.13883079179027072,-0.060218166195048516
2248,-0.31566793525280895,-0.0034546573492952835
2249,-0.21450454296044866,-0.010967300463599432
2250,-0.3705012362761086,-0.0028269430541228904
2251,-0.27325583306196705,0.015008038395049019
2252,-0.19209906136573768,-0.061365637406342884
2253,-0.14497345389280603,-0.0592437141250338
2254,-0.2693537451827451,0.01402203402901153
2255,-0.2799425967521275,-0.012723007278935848
2256,-0.21871455892059138,-0.024297158093533573
2257,-0.19900162749641337,-0.08942382727047483
2258,-0.1637017363112587,-0.11394186593430158
2259,-0.2668423218343576,-0.0930114744937839
2260,-0.2878814178780188,-0.06794740362307852
2261,-0.38746621908544504,-0.0309147958000844
2262,-0.36101418254126155,-0.07720707267276693
2263,-0.22620063977951813,-0.0660297879582048
2264,-0.2664384669501736,-0.05283417810491198
2265,-0.23811644459490539,-0.05805889069923899
2266,-0.20884932338148374,-0.037046142261356184
2267,-0.33734204012199653,-0.041159368236387515
2268,-0.2948223854015581,-0.042873930695750004
2269,-0.278723029332677,-0.05415313163171866
2270,-0.39819790017269446,-0.028043472560508778
2271,-0.3775185207422194,0.04049584838683774
2272,-0.2857771502979701,-0.05268938278264394
2273,-0.21526087009425418,-0.006744794488869686
2274,-0.3240344159194859,-0.033471270016911796
2275,-0.1854464066746322,-0.0798109438862771
2276,-0.015288487105823995,-0.12452229395967811
2277,-0.03381830935517004,-0.10103035346258342
2278,0.09155442473947319,-0.11023778418611453
2279,0.0038042841351404446,-0.06747827812667238
2280,0.00822137123844021,-0.08389433281349
2281,-0.1475471829039586,-0.043643620667020704
2282,0.04419861783749141,-0.11212891036781159
2283,0.12384065765437566,-0.07417043621187219
2284,0.10345992667629801,-0.08649541497053687
2285,0.22266511780902917,-0.09565274521127666
2286,0.07120523034812115,-0.1200622608193138
2287,0.07848482941884463,-0.07507221995278439
2288,0.06097095049827411,-0.09618740426068591
2289,-0.2849803069350318,-0.11367142829580235
2290,-0.24246508732800065,-0.07259381303820778
2291,-0.042229664654999347,-0.044549390228405046
2292,-0.10076147109717865,-0.024395169008016162
2293,-0.10915109336943787,-0.06655461417259508
2294,-0.07998250617500867,-0.06825720029278852
2295,-0.3018591813363856,-0.016987298456154442
2296,-0.3286143809092069,-0.017924536397859646
2297,-0.349785482189905,-0.031180567169017445
2298,-0.28289286882877246,-0.04647510143041451
2299,-0.4742608879349869,-0.03087086631354935
2300,-0.24223832120534453,-0.046414396626462594
2301,-0.28550510755335634,-0.0413116782091905
2302,-0.17791598036352302,-0.03671358747242202
2303,-0.2257632219091603,-0.0023075841367795505
2304,-0.2560319639398091,0.008440691946161509
2305,-0.3222480362199266,-0.012833906326526465
2306,0.02021184503333618,-0.09295648579002923
2307,-0.1338604663021977,-0.11533988142617409
2308,-0.06366109832524042,-0.06299375356827759
2309,0.33889049979269864,0.018344960441956493
2310,0.2495336705817495,0.06704682782017132
2311,0.29504496706802735,0.053561443766027304
2312,-0.3037363144896607,-0.018010808361494133
2313,-0.3089369619617752,-0.045205462501836866
2314,-0.3255025317961954,-0.05177454335042819
2315,-0.2496470901846517,-0.05672876887929943
2316,0.12637122364180467,0.10131672974135059
2317,0.23433400353176034,0.059289632689523634
2318,-0.2059740512967534,-0.0695049378503208
2319,-0.037782245294265424,-0.08177617027995564
2320,-0.22573738268404636,-0.07989336772367625
2321,-0.10195567247327914,-0.11345477924144116
2322,-0.21390606861645658,-0.03362958165815813
2323,-0.13159058181043473,-0.03663263545792924
2324,0.01792618870060015,-0.03725662330003523
2325,-0.1355341668863465,-0.08087949867935246
2326,-0.23905876421335828,-0.0634025883327418
2327,-0.2647024735384423,-0.0491904800308768
2328,-0.18370588418345044,-0.0805650235741583
2329,-0.025625320684990117,-0.08059931213450323
2330,-0.17715896920993282,-0.07766453855731136
2331,-0.09277094435810658,-0.0751395950810211
2332,-0.20806701341693268,0.008435890477985722
2333,-0.25191930737793566,-0.05172155412459735
2334,-0.34172375823348755,-0.025588127609409726
2335,-0.25128193505902036,-0.0625299294241683
2336,-0.2244608294050641,-0.04981187008516138
2337,-0.10801307130427924,-0.10116498694772909
2338,-0.024354799674358874,-0.09579551881887846
2339,-0.0133235567081373,-0.0705283349719517
2340,-0.21229337240656632,-0.03508945218853652
2341,-0.2582071309458792,0.039663650349217275
2342,-0.015020143099856414,-0.057790196039356714
2343,-0.22553164839281856,-0.025903957738782332
2344,-0.15943286985697772,-0.021768444317862394
2345,0.3024639111669762,-0.011347637548042537
2346,-0.109242303011079,-0.09107573501415313
2347,-0.16861128921061277,-0.06279300998215105
2348,-0.3235298883621559,-0.007729439158015304
2349,-0.2934507720985003,-0.028327037481264004
2350,-0.21962586849764873,-0.06063877402408441
2351,0.03241009009576204,-0.11134950602913346
2352,-0.19542831927891127,-0.08127081616682373
2353,-0.021679438865463543,-0.06458368433693938
2354,-0.0607646775845575,-0.061822394337294466
2355,0.05252399111595688,-0.13491173511170865
2356,0.020854824585305246,-0.09046144400898017
2357,-0.23300608313080137,-0.05969073923597709
2358,-0.20468396467259384,-0.06667274623330671
2359,0.08395297849404396,-0.11756523956359069
2360,0.107355426478343,-0.0898647284168371
2361,-0.09889619869076405,-0.08590039923513092
2362,-0.02080437919417444,-0.11510515668990133
2363,-0.060227805403872584,-0.0719611311602231
2364,-0.21458329398671697,-0.044392472842677326
2365,0.10320172781893507,0.08332726402946598
2366,-0.13179850022213285,-0.08824980376318425
2367,-0.17749816754901845,-0.0911485689636777
2368,0.03796391184821144,-0.10932806405515007
2369,-0.05258149589687852,0.09567594999590656
2370,0.10460430897148276,0.10528267383193458
2371,-0.017955635081662185,-0.08587334912775035
2372,-0.17386363975761188,-0.10429587990277552
2373,-0.13363534209102387,-0.0722361834508197
2374,-0.13075456048075595,-0.056954008352496095
2375,-0.17691893549734664,-0.09569168561944837
2376,-0.03470642531467766,-0.053462930093513696
2377,-0.1651795723746936,-0.10103661112511998
2378,-0.04033377494303402,0.09552924253991828
2379,0.028296084318894178,0.113517511754172
2380,0.034228780403372176,-0.10349765955675741
2381,-0.025471099119366344,-0.10289850176010708
2382,-0.17652419861323707,-0.0886999566959705
2383,-0.018359551487289374,-0.07101152207245977
2384,0.03541356634457405,-0.12345623061098188
2385,0.0054353591562092685,-0.09101995034942448
2386,-0.04007758121645387,-0.10376528046657624
2387,0.1267883609286172,0.08788797584371404
2388,-0.07912936604924584,-0.10831640952955263
2389,-0.021716268396852215,-0.09002217981559574
2390,-0.1372926448025474,-0.09295101513565726
2391,-0.057162865315326945,-0.05769089244420739
2392,-0.0568351167349527,-0.05804513568339069
2393,-0.28405014443122445,-0.043608199686021615
2394,-0.17440108636635832,-0.05634609285766309
2395,-0.07493420936810104,-0.074486842359205
2396,0.0889801470731306,-0.028068231379332412
2397,-0.29901043880363326,-0.06877632415770057
2398,-0.25619202869259583,-0.0648233955731225
2399,-0.24833867449517685,-0.11350045095076328
2400,-0.3029874513613249,-0.06385753689872181
2401,-0.4191062393379943,-0.0525781484199593
2402,-0.3740762819120008,-0.03609563187112666
2403,-0.3398638931078861,-0.08479681256790404
2404,-0.3169182959353525,-0.0598427252711374
2405,-0.34290873458025745,-0.04159212782263635
2406,0.3230491963686631,0.060694048110107306
2407,-0.42701809372076266,-0.03421322182990532
2408,0.43539758512568927,0.08075049408432944
2409,-0.22853336135034746,-0.09038625418536088
2410,-0.25848822256251935,-0.08127039207504065
2411,-0.3732670684131829,-0.037885676616630996
2412,-0.25205669516010826,-0.05112583928385128
2413,-0.2849171393488519,-0.08026844646924247
2414,-0.2633122865096592,-0.10051674368410646
2415,-0.31570981854350944,-0.06137336361252959
2416,-0.21943698635139605,-0.06228633440034556
2417,-0.191381275100817,-0.09028073687726997
2418,-0.384195042733104,-0.013597073414217363
2419,-0.26671717345190915,-0.04363297924503545
2420,-0.28176861358707095,-0.03028718439197509
2421,-0.2670210755092271,-0.07671952314947418
2422,-0.3615958444614044,-0.0571831277368479
2423,-0.3869764097642613,0.0075802969601879875
2424,-0.4016903892551101,-0.0357196805526984
2425,-0.2158458490515315,-0.07253373783599047
2426,-0.25160798365878007,-0.1034934659218834
2427,-0.4014913041101874,-0.0568060071604698
2428,-0.39394870779024527,-0.0658517028275629
2429,-0.127472882908398,-0.09147214711510468
2430,-0.11490905918887878,-0.14092574835817315
2431,-0.22264761516931467,-0.07499529537224106
2432,-0.1993195859048503,-0.035659931470020556
2433,-0.14613483246243109,-0.05433544217643104
2434,-0.2208032422825258,-0.07072020632501574
2435,-0.030150382002682618,-0.10556579324904285
2436,-0.22824746645024027,-0.08483076107879381
2437,-0.2619116688421637,-0.05527794705703054
2438,-0.10289843860334072,-0.10599942938333816
2439,-0.08031770052652598,-0.08234023452746865
2440,-0.12920028461078287,-0.10225476378236989
2441,-0.2895616566788617,-0.09657514727967172
2442,-0.13741599544965713,-0.040674283706250224
2443,-0.05532279374706862,-0.03905172749369559
2444,-0.047287041475878186,-0.08514665054746832
2445,-0.18360991324252773,-0.10880722201775357
2446,-0.11071133407010965,-0.09023413842162807
2447,-0.022598235296094272,-0.12860176663190287
2448,-0.2772121465474268,-0.03787128771143539
2449,-0.06383742981967373,-0.12377554285221286
2450,-0.17731040429383368,-0.07190177465481873
2451,-0.21888914368360463,-0.0845222473656454
2452,0.08059628897524493,-0.12855978840398732
2453,0.034704250043569945,-0.08068847272453289
2454,-0.09981198467147633,-0.05725799193463199
2455,-0.2677393031488488,-0.0795663642450138
2456,-0.22904706200184638,-0.09670772844183391
2457,-0.2743019647418272,-0.06682060683950981
2458,-0.19543913960980755,-0.05951535278234399
2459,-0.27883891478637096,-0.07482579063128018
2460,-0.4322227809494961,-0.02875045030708632
2461,-0.3018948754061466,-0.04338761689441065
2462,-0.5032554200386141,-0.01325234871671765
2463,-0.5368657325103751,0.011707164952568499
2464,-0.4026629573168947,-0.008727638392728969
2465,-0.5206527424002978,-0.0027387198396482673
2466,-0.33523870744601153,-0.04392113797453938
2467,-0.27563237943012714,-0.060956280868082954
2468,-0.4311864855767379,0.07955302878596777
2469,-0.3863873009865373,0.018840544187290385
2470,-0.44306842875573116,0.004391992280617785
2471,-0.3978385944856798,-0.009545042274200312
2472,-0.40939628057878225,0.035919304565420085
2473,-0.3525194753973747,0.04942009674155284
2474,-0.2598317962588319,-0.043568049097941604
2475,-0.4242429661608339,0.029042264662108644
2476,-0.5065244300903026,0.02789426312900291
2477,-0.5639063238871997,0.05521032992721824
2478,-0.48863389654230494,-0.028541841862002273
2479,-0.3574425820005634,-0.043655895738722875
2480,-0.4085679318651958,0.01382549572253031
2481,-0.2985547036381062,0.048587182926205744
2482,-0.3735700742665618,-0.029656072591202946
2483,-0.30903859568946795,-0.007952270523370598
2484,-0.570765985098283,0.06287917663047271
2485,-0.3203802620018439,-0.002617333393816819
2486,0.5740887055530078,-0.02358258135572622
2487,0.5674162914543665,0.005894127590640906
2488,-0.3593373422476113,-0.07212380023033543
2489,-0.3196954045866276,-0.07539046591228839
2490,-0.5074073956926874,0.05655635947571649
2491,-0.4596961663279378,0.07234056823150259
2492,-0.4976501559362757,0.015257483479186644
2493,-0.5369900101061872,0.005058340023547876
2494,-0.5764355726532404,0.04413417520885126
2495,-0.6442491765064434,0.037065284715541665
2496,-0.5840727381414043,0.049331187331335125
2497,-0.5980435167180745,-0.003664795913362268
2498,-0.5568659415037727,0.03521937880254684
2499,0.6727721924746349,-0.049833587832484705
2500,-0.571371651380627,0.0693097640746935
2501,-0.49238166077669504,0.0009880206895475955
2502,-0.4141690043055029,-0.03503102916853131
2503,-0.39229848645418397,-0.052874618258701975
2504,-0.4711415495822459,0.03347895060933449
2505,-0.579205670580573,0.011525291696611461
2506,-0.5693286509604765,0.04230330377106782
2507,-0.5842829843639085,0.011630533887261475
2508,-0.5179135884353141,0.08299266171306338
2509,-0.4998828444469808,0.004136563861336869
2510,-0.47761710041142713,-0.028187113889173884
2511,-0.4526496069928679,-0.007023743338448582
2512,-0.31591031541901576,-0.04568805479383114
2513,-0.24000954800472882,-0.05745403940848322
2514,-0.4153642999213743,-0.022336290626698185
2515,-0.36555323239688303,-0.031469438420781724
2516,-0.3057662378364426,-0.05281861438303111
2517,-0.5581311219975897,0.011291557540655438
2518,-0.54945284721404,0.030362014915878397
2519,-0.45304768115341126,-0.019583245430122825
2520,-0.5667896891631808,0.028123041242923887
2521,-0.4444333070640555,-0.03866606585375486
2522,-0.4655936263351411,-0.04113531562531599
2523,0.47554462768666433,0.05161749966917335
2524,-0.425436189977179,-0.04270853815529691
2525,-0.5382973665387344,0.030650619852143384
2526,-0.46704062432391097,-0.028951874700145055
2527,-0.5870639868674135,-0.022202266677509165
2528,-0.4671927013876252,-0.04809189221716818
2529,-0.5476297112454761,-0.004325734894774043
2530,-0.49470286238805883,-0.036473338241969036
2531,-0.48242710066638855,-0.0066363693763460355
2532,-0.2809768388814127,-0.08756615846863247
2533,-0.5393258872328535,-0.017440884983193888
2534,0.6377769716624825,-0.022199293537124968
2535,-0.44908968678086586,-0.014540711125726712
2536,0.5421843552376412,0.029266759829286382
2537,-0.49542045667779744,-0.05217304705061928
2538,-0.6538944715642967,0.002396279949862616
2539,-0.5976039512552214,0.018032671152538933
2540,-0.4880615475964963,-0.027465005683634643
2541,-0.5053688638323773,-0.030914920179962852
2542,-0.4219408117768119,-0.04771780924413623
2543,-0.49400368985985066,-0.03331799105585432
2544,-0.5361224394225115,-0.02074499184550538
2545,-0.39683666124102657,-0.05717566353349589
2546,-0.4878855302812256,-0.06149695310153371
2547,-0.6007486457742688,0.005431220742257745
2548,-0.5074664216434277,0.009858720711193147
2549,-0.5832842045381403,0.032901668271526366
2550,-0.726637632305952,0.0799189809112165
2551,-0.6995112978272394,0.060771384523447165
2552,-0.6667686861442703,0.07035219761456954
2553,-0.620111166768945,0.040486048043787914
2554,-0.6147556035846301,0.005046876745808296
2555,-0.6828452868724931,0.0630925565541253
2556,-0.4770972757828595,-0.021503959334713822
2557,0.6248452252139228,-0.028824035414973425
2558,-0.4275580816194533,0.019226070636304778
2559,-0.46214175598963314,0.017541318509691897
2560,-0.50956858375335,0.028949358779282897
2561,-0.40898421716366357,0.028723326333192502
2562,-0.3643619658160632,-0.037421594482153195
2563,-0.435039274610493,-0.03512992131154642
2564,-0.494998788388415,0.01812155492937981
2565,-0.5708196380825936,0.017349784929770587
2566,-0.3620399734896607,-0.02176592110936036
2567,-0.33971672757588833,-0.0578839091612488
2568,-0.5688552731056863,0.02059443025334287
2569,-0.4796230504233094,-0.0246001572269714
2570,-0.46062577971536506,-0.009464388714382141
2571,-0.3474557660508469,-0.04195474537839644
2572,-0.3913926268068346,-0.03583194671495361
2573,-0.2999309200728728,-0.03844923819418377
2574,-0.42728628935468527,0.006225156713002418
2575,-0.6259919627967022,0.07856891565651071
2576,-0.4818441093293296,-0.02979986493409442
2577,-0.4948827144914402,0.018713309101828855
2578,-0.2999011531415225,-0.04759527865852321
2579,-0.376208285569551,-0.016637531154938694
2580,-0.4758799716092279,-0.05778145086516912
2581,-0.2601471660776524,-0.04188890448462164
2582,-0.41946366271205,0.02568863102310048
2583,-0.40676822909451915,-0.03891456554349926
2584,-0.370818360465003,-0.039976581312507774
2585,-0.5854091017589811,0.02174853473401883
2586,-0.2477456688373521,0.0026151918613805222
2587,-0.36367535864930556,-0.030260153227008646
2588,-0.3942995817793296,-0.04970112013811569
2589,-0.4505662611067413,0.033115477324012176
2590,-0.268121266731517,-0.05530020875478127
2591,-0.34339748879857745,0.0019671690547800632
2592,-0.31932888504369233,0.00909333513628499
2593,-0.39507665888851917,0.04505090718678075
2594,-0.44026760240979435,0.012355556225723876
2595,-0.43387902895719527,-0.012318827080735952
2596,-0.278596257515361,-0.06401215286639945
2597,-0.24793884786409937,-0.042768452919343114
2598,-0.3674571378350383,-0.022256614675622382
2599,-0.3391293762580396,0.029227103410886426
2600,-0.4061213929046199,-0.05282672010409692
2601,-0.28376464649438526,-0.018664770618651298
2602,-0.5212696444302204,0.02154736398180549
2603,-0.30405132750996405,-0.11882975670054177
2604,-0.42188772959373916,-0.027811804885968027
2605,-0.34721131899830227,-0.056195433179299606
2606,-0.35990852307184606,0.003921477602740147
2607,-0.19257511429964222,-0.06452418249305608
2608,-0.3998002012245162,0.02178609171591319
2609,-0.2019084513572336,-0.06944910701332536
2610,-0.34552984806696335,-0.0783140432521038
2611,-0.3322319800819795,-0.049028565352712085
2612,-0.3463097286286166,-0.05642846310534595
2613,-0.24991803380160585,-0.09851512731814724
2614,-0.1025424829531144,-0.11081117709434353
2615,-0.1602285824519577,-0.05075152345746746
2616,-0.37402618471348337,0.018028746597960492
2617,-0.24558585812537798,0.00033446025312242164
2618,0.5036275495908853,-0.039839518411685204
2619,-0.25352459737966904,-0.018838099517800327
2620,-0.22257750662227002,-0.044736994689556005
2621,-0.29076846307521564,-0.026500817384747903
2622,-0.38086301117887567,0.004792068131601891
2623,-0.33717794604884993,-0.07115047611265554
2624,-0.39728595546869466,-0.022369082753706193
2625,-0.38311028984642687,-0.021212854541577866
2626,-0.4027676257070182,-0.056773907918093114
2627,-0.334574225406341,0.01752227605040904
2628,-0.43779999464159985,0.019821988685117777
2629,0.1584618155520659,0.08134554653984255
2630,0.2911707650785726,0.013323952771248744
2631,-0.2823760309187969,-0.08377406708693819
2632,-0.12704776966835596,-0.049463938154931573
2633,-0.1426969331765364,-0.038217308114342124
2634,-0.2083247810983844,-0.05590404997317236
2635,-0.30999112520359307,-0.017142606821227133
2636,0.14374101073276607,-0.004471274518369124
2637,-0.2289814384632086,0.06401265822042629
2638,0.2251362535079129,-0.02517806893273409
2639,0.10879974053451637,0.0217540458379374
2640,0.28621543440377295,0.005216146383457922
2641,0.3572358823680678,-0.034837250805880335
2642,0.30272155781613913,-0.042880440769601895
2643,0.2752451496445444,0.00577719684027016
2644,0.08727736533656184,0.028939736068163184
2645,0.13565606001236394,0.017949974062024955
2646,0.49090793642794894,-0.12647050084381226
2647,0.39667918789210044,-0.07801448476200534
2648,0.41312471002985407,-0.03821006910284713
2649,0.2502565720410176,-0.009298820894175568
2650,0.3473764506967975,-0.0856632066363123
2651,0.3944773167663725,-0.04915884750819739
2652,0.6450409952573658,-0.08557320372926566
2653,0.5533597506708058,-0.10533731044354235
2654,0.3237255852649995,-0.08807725929239735
2655,0.3230312447433703,-0.08569644314102372
2656,-0.3857109608261229,0.09959701195935396
2657,0.5099378257676936,-0.10437006965064032
2658,0.3696531713611871,-0.09558969529492799
2659,0.43394685420049095,-0.05094114995824831
2660,0.4827838452165375,-0.06141695196465361
2661,0.5323349025943689,-0.13118181025660622
2662,0.5146158721796231,-0.08345219519310593
2663,0.522890896902429,-0.13430997985562557
2664,0.6053345603861248,-0.07923642843690241
2665,0.6410990905579642,-0.10417154832554276
2666,0.5784487798463871,-0.11848297439517796
2667,0.5973733007604644,-0.08775182509567307
2668,0.573711918895528,-0.07580957808097055
2669,0.6805378160415517,-0.0800748354367647
2670,0.7434337480098342,-0.09022548620102147
2671,0.6270543327888874,-0.09106215407416497
2672,0.6574499023863362,-0.08338019606735964
2673,0.6190754831217201,-0.08399385637237532
2674,0.6124820141836437,-0.09450078563297448
2675,0.6305064632542752,-0.11933769207087681
2676,0.5409745602587401,-0.11266481277045555
2677,0.5014666785538245,-0.12248723186247892
2678,0.40199644587552597,-0.10295428622186814
2679,0.6074313297133789,-0.07680167122872592
2680,0.6429678386435532,-0.10839592113133369
2681,0.4656488559480203,-0.09243847078546387
2682,0.5109026065482416,-0.04620433232516659
2683,0.5132016817035174,-0.13564423441949783
2684,0.5423172415454738,-0.11989014488718003
2685,0.4493542586084846,-0.11367272077256219
2686,0.42757606379744806,-0.06929657959012918
2687,0.4881670632657721,-0.05746171879466857
2688,0.28521810338780845,-0.05283096300520533
2689,0.4091094533027234,-0.07193492047703354
2690,0.44600140843832986,-0.0754332656456483
2691,0.2860312272104291,-0.04367534471795961
2692,0.28064193682432487,0.0420011343520143
2693,0.33440713729026533,0.08397392407469682
2694,0.21935560371519744,0.04633350506933713
2695,0.26875905678796874,-0.016363579421963696
2696,0.26543513936709073,-0.004195792594988843
2697,0.40659135351000303,-0.04124792640824379
2698,0.33211267966041613,-0.04393852041204207
2699,0.3494301388789459,-0.03504547491312053
2700,0.5368904550001183,0.0192852795143499
2701,0.5403479206225416,0.039023045460139655
2702,0.6159457991229293,0.014159222923785948
2703,0.5106878604031471,0.0016221741513361488
2704,0.590779282404466,0.061602517384439184
2705,0.4467403286975487,0.016524331042661048
2706,0.5252968677643304,-0.020489243998540834
2707,0.6200585818012151,-0.017082853423226015
2708,0.45767830422002387,-0.007482232956734291
2709,0.4734515091261028,0.01260285348828375
2710,0.4861114322843655,-0.007411966197351007
2711,0.4901280711802983,-0.016321721165040732
2712,0.4102887600460623,0.024658839906466987
2713,0.488915012761217,0.011822548440075305
2714,0.4131698569196577,0.010679278593681467
2715,0.39076035880094745,-0.00271665351828964
2716,-0.5207915180328776,0.025452115431350023
2717,0.5897498850148101,-0.019724448307901554
2718,-0.6377303674481284,0.04706811191603833
2719,-0.6168424337779945,0.0155280933770418
2720,-0.6056273074863043,0.07185514797578155
2721,0.6121826939923556,-0.10346245858135134
2722,0.6668410243491739,-0.1126548123709882
2723,0.5165987459858161,-0.08919253459353493
2724,0.5112138735992432,-0.05136137758434011
2725,0.5303723614994658,-0.09990161597079511
2726,0.460739402117704,-0.07779341666644753
2727,0.4688278821459044,-0.029526432868060917
2728,0.41828216143202285,-0.026460144342597153
2729,0.6141783406162168,-0.03007302973865902
2730,0.5950026907600452,-0.06476521169209067
2731,0.6429202158511843,-0.06386557618093128
2732,0.569209982800361,-0.06842872808757967
2733,-0.5656507574773786,0.09612662613443132
2734,0.5545113447313657,-0.09131261346297777
2735,0.45771365206720127,-0.09674730667851077
2736,0.5271415606695534,-0.07792105862767397
2737,0.48552384802953286,-0.05117962798468863
2738,0.554050808762866,-0.11315991857537439
2739,0.44777541510340263,-0.05892333892060409
2740,0.4306815641794636,-0.05444024184039609
2741,0.5868506028898354,-0.06797892561178542
2742,0.5899354726846147,-0.05571103716322853
2743,0.5702967000923039,-0.021397690490115584
2744,0.525749982054716,-0.038326475479895976
2745,0.5797605984825499,-0.04478300954340773
2746,0.6690909679893294,-0.09308792985824103
2747,0.5653958256485371,-0.037935009502002764
2748,0.5737759950017426,-0.014061702158190074
2749,0.6212226950517279,-0.06630807524113898
2750,0.6308467143549612,-0.04333682035704806
2751,0.48670669373414377,-0.04979452801105953
2752,0.5631411640886698,-0.019529227422267238
2753,0.47353124613330105,-0.013219883914744376
2754,0.5457992465955742,-0.07566985159022875
2755,0.5339131490315794,-0.0826454893821016
2756,0.4385919179894574,-0.0730306332872917
2757,0.44817973815014206,-0.05101665259397214
2758,0.3922590672799166,-0.06150026656123585
2759,0.4247197356054111,-0.055319307510569744
2760,0.468708115348303,-0.05317949015778268
2761,0.4345202601574771,-0.06668440566184702
2762,0.5063900667116272,-0.06050722578001732
2763,0.4163523320331872,-0.017215872509888472
2764,0.37562750200384776,-0.05214641557960207
2765,0.36304922825411784,-0.014727296664894578
2766,0.6018892252234039,-0.0473012684909348
2767,0.6069609454477036,-0.056584037058923405
2768,0.49416936350664487,-0.04444985021148092
2769,0.5435524203717781,-0.05832416856091711
2770,0.627674997600781,-0.0640359717121652
2771,0.6255852235774311,-0.06922009255068953
2772,0.6060453336416355,-0.0638044175815062
2773,0.5266369409381,-0.01962610779919397
2774,0.41094715847285396,0.02521680292727169
2775,0.5510041665266504,-0.04266833445795193
2776,0.5074084742956848,-0.018514975872521506
2777,0.5274701986527074,0.011786406544680788
2778,0.5329003063815412,-0.03758708049943068
2779,0.644981826726697,-0.07242389659064116
2780,0.668359933057962,-0.11045504187865751
2781,0.5355496805676132,-0.010952989205843372
2782,0.45924103176706393,0.002581083234742105
2783,0.43604343772232884,0.03181253550855273
2784,0.5900916775109797,-0.06969305707542588
2785,0.5713226098026383,-0.07927116174767582
2786,-0.5837409986962099,0.06615604558693292
2787,0.547442168031607,-0.028821192316040457
2788,0.6280360692131073,-0.06701450713840505
2789,0.5902676078344168,-0.0591740154065917
2790,0.6059289211169442,-0.06044050403458473
2791,0.7103679860402888,-0.09936468590545353
2792,0.6556803475653792,-0.09654887880880611
2793,0.6311908421619155,-0.10791909878531779
2794,0.6171914344967588,-0.06723225857958848
2795,0.6322387839955181,-0.1139409538471262
2796,0.684547140301364,-0.13421223236805793
2797,0.5125991795902453,-0.04120891143980686
2798,0.47424556979829446,-0.03833089892240136
2799,-0.663338263128546,0.08511566565423631
2800,0.6058091857604346,-0.09200930821915301
2801,0.522517975440011,-0.08103668530215932
2802,0.5478023175877351,-0.08353308597072413
2803,0.6783492423100235,-0.11868401611531722
2804,0.5291919766391305,-0.044764581711772285
2805,0.5232267774779791,-0.0718292715400419
2806,0.5584145072362564,-0.08673680325451451
2807,0.6360037845856036,-0.059103460189151524
2808,0.5521009906496862,-0.026386327173478778
2809,0.5606386330405304,-0.10029516815836949
2810,0.550150904534456,-0.10133746507170995
2811,0.6187703825111235,-0.13357363408948245
2812,0.6065965077297195,-0.10046323574872808
2813,0.5290701963658653,-0.0545750519793476
2814,0.5209389999697572,-0.0658577259798744
2815,0.483172776425709,-0.08720641317766215
2816,0.6264373652122113,-0.06738042863646491
2817,0.5770052271443616,-0.06187828975900669
2818,-0.5902286691602233,0.054702600620130166
2819,0.5665502064797352,-0.05728604007750554
2820,0.625184034733896,-0.02884059488655966
2821,0.5836460670712676,-0.061730472630460095
2822,0.5111948778047669,-0.020976774914144923
2823,0.6247701119075703,-0.052753085201073795
2824,0.5116584559992101,-0.06510329743380773
2825,0.5220216342070614,-0.026876096267350175
2826,0.43410973497450667,0.014641808003901306
2827,0.5855910559149702,-0.05754743112914421
2828,0.5908556055729041,-0.07617263692349158
2829,0.5168620892314788,-0.055407130171485706
2830,0.5559962504015087,-0.044478759538641846
2831,0.512729911317105,-0.04624775742769575
2832,0.5545003832738691,-0.05609922617921434
2833,-0.8619708915687391,0.10760732102833181
2834,0.812891465446497,-0.07492480993165676
2835,0.7379792900735096,-0.11855601569386257
2836,0.749826444170223,-0.07002340366980388
2837,0.6281186699166885,-0.0012025968670693302
2838,0.6659569220687503,-0.028975077337958805
2839,0.6240965367036493,0.0036233593174468328
2840,0.7001912494990331,-0.0663662840523746
2841,0.6564952946321855,-0.09703018906556944
2842,0.6233206057939997,-0.01791907725411427
2843,0.6668779063065297,-0.08364349706591086
2844,0.709227433544673,-0.0661280382592896
2845,0.6091242822608086,-0.04879820450357435
2846,0.6151141253215032,-0.08584879948180199
2847,-0.4766029730584157,-0.03460725066829966
2848,0.7209393511257962,-0.010908399950552365
2849,0.5659259940045785,-0.004185845944369808
2850,0.590644019628045,0.0405322294348904
2851,0.7897912156907475,-0.10742825057314102
2852,0.45471978918623174,-0.013896048841014697
2853,0.563122983773448,0.020180189129284272
2854,-0.7176676983428993,0.0987130795066173
2855,0.7058053119278314,-0.08854159006596306
2856,0.6825643344438431,-0.07517201757734378
2857,0.6182592507945674,-0.06083733078589436
2858,0.6336921321231308,-0.06788088751663597
2859,-0.704122762249895,0.046671545919288834
2860,0.6679329060388889,0.003593377313473281
2861,-0.82521283482271,0.0767378846355021
2862,0.6594562703393396,-0.07064693147723974
2863,0.6685449302863018,-0.03900311183912828
2864,0.6527404343834823,-0.06075024781385911
2865,0.630859142649071,-0.023811941026076894
2866,0.7155035722756388,-0.11143284613752547
2867,0.6573850428493709,-0.035449148699202335
2868,0.5854421008233974,-0.023984827286727475
2869,0.6779596244601428,-0.04903594135591871
2870,0.6637488381843802,-0.08605817721669382
2871,0.6857709244756066,-0.05997152971867344
2872,0.7119466145248978,-0.08461490993279197
2873,0.6025802952607634,0.005108351319280296
2874,0.6429400589300488,-0.055083992376626874
2875,0.5940422634934743,-0.05334711627435437
2876,0.7315130000608292,-0.06498412248846014
2877,0.6747381867329506,-0.07496868126451325
2878,0.6636459325578432,-0.0034741885458438124
2879,0.5852613285015692,-0.013583914029046991
2880,0.5140902463074868,0.011194269735719626
2881,0.5830621309252018,-0.08694961572673546
2882,0.5234020831704425,-0.06685212740966266
2883,0.5974586044325834,-0.08778902674445349
2884,0.769748932984379,-0.04822901054705042
2885,-0.5672303295076582,0.02619000525871146
2886,0.615761682186548,-0.0776200625611054
2887,0.5229292759135423,-0.03413338554777025
2888,0.661829599556008,-0.09966512057981651
2889,0.6729926445298362,-0.04034552510367267
2890,0.669037414239159,-0.015517325849397703
2891,0.6679497623113253,-0.0894920145165466
2892,0.5988351207487694,-0.028086987152020876
2893,0.6246120730439574,-0.017931874275109866
2894,0.6494139801531689,-0.03441703743604386
2895,0.5825680365999917,-0.05044679791053677
2896,0.6891619443004531,-0.06769753645724352
2897,0.6303689435919698,-0.06419078939203451
2898,0.6016176375779402,-0.05190057785480627
2899,0.588754280802586,-0.03254466948631438
2900,0.464746567271787,-0.012396842795538017
2901,0.6025741646945301,-0.08979231883596504
2902,0.606295089908039,-0.013162044926442238
2903,0.6529925945349622,-0.0736741536073941
2904,0.7271003218983504,-0.10800571430163387
2905,0.6696575473634313,-0.0804091480173465
2906,0.6802509373237883,-0.047530677927195765
2907,0.6200763791153282,0.02572611267698209
2908,0.6276441292126577,-0.058300399122074145
2909,0.6730569346182474,-0.026131253605482324
2910,0.5561259340213278,-0.022352964339839784
2911,0.5713197844842864,-0.009767958581623458
2912,-0.6702213814405242,-0.011263119746176501
2913,0.6063442167459733,-0.009151173831940914
2914,0.6201689292668185,-0.03627206955025554
2915,0.6554201970465824,-0.04576412062702435
2916,0.5944187802356343,-0.010142907020483895
2917,0.5814139905933151,-0.039394350061162875
2918,0.6901738793497335,-0.13120452855203724
2919,0.5849848431253803,-0.028330884677908213
2920,0.6238977540477556,-0.09104556206367305
2921,0.650702650450389,-0.06731524755556251
2922,0.7231321064233245,-0.07826477579860948
2923,0.5509157478924597,-0.028881938856500654
2924,0.6090346167575956,-0.0208741269585129
2925,0.6293173846201598,-0.10477146924032998
2926,0.5122711742511575,0.0029455523740475158
2927,0.5584809422033754,-0.02134226032226924
2928,0.601183198373705,-0.03566587372857182
2929,0.6008288136000485,-0.06074784877482138
2930,0.6113189401665949,-0.03279291904072723
2931,0.5671232242253372,-0.04869583943755413
2932,0.627411834758021,-0.10062244227564149
2933,0.5869529854167308,-0.030313221539548598
2934,0.5521100597093198,-0.09680036227973732
2935,0.5433595836359284,-0.08226944200485348
2936,0.6903402832685954,-0.09419486557294902
2937,0.6343190430806381,-0.13344517505552636
2938,0.5495139823869972,-0.03428861680120621
2939,0.5227444346480833,-0.017518336761050288
2940,0.647050346389952,-0.06211393687981323
2941,0.6604584735145634,-0.07725488471728936
2942,0.5714198810222328,-0.013936721740901518
2943,0.6764941793454604,-0.07214058093939173
2944,0.609655210337634,-0.05773990050832116
2945,0.5273185215866485,-0.018138604433149106
2946,0.5117579511777407,-0.022319600266143644
2947,0.6354852498290586,-0.10555988741962367
2948,0.5185311745309606,-0.002170633520445132
2949,0.6078118125767008,0.029078061654831316
2950,0.5854846927823028,-0.10040158396257286
2951,0.4241969535140475,0.029631814161759217
2952,0.4533714981778271,-0.002509377208066243
2953,-0.4821320702223873,-0.013235960974841438
2954,-0.4930221275283788,0.07447136284952077
2955,-0.4847589791541787,0.022264019287641913
2956,0.5592460545691265,-0.014777897484110071
2957,0.4703445600998742,-0.025175958257066307
2958,0.5212500496662071,-0.037910216646620504
2959,0.43200494253703864,-0.013713104374836672
2960,0.5199375738838564,-0.02937356756271637
2961,0.32416741065159765,-0.00940890974405976
2962,0.41607858172860207,0.0033454287963548715
2963,0.3571362051786302,-0.03785867446129005
2964,0.536016522046364,-0.07163179357373314
2965,0.558779676271492,-0.07956082253129998
2966,0.5252519174548306,-0.08966911965855072
2967,0.5050174960432506,-0.09412649595357139
2968,0.5329840389195653,-0.0001830303346646469
2969,0.514367610417788,-0.022343513372350476
2970,0.5216129323454379,-0.02122110003202267
2971,0.4466814919207697,0.03673847550904453
2972,0.5584526982974912,-0.05976322109158713
2973,0.622221986031768,-0.048641457581561014
2974,0.5385987450346034,-0.06375097660488688
2975,0.5238326189086197,0.020584670787417617
2976,0.5318695456030014,-0.037137171857669495
2977,0.6344439327131929,-0.06338591212870644
2978,0.7089814425131362,-0.11489279785501019
2979,0.5455497959842873,-0.062147898971287065
2980,0.5282138666021506,-0.04373555676051524
2981,0.5896304257536107,0.015019605524261324
2982,0.610471271993979,-0.06772444281678348
2983,0.6113447957138561,-0.08556637284239957
2984,0.583221896690311,-0.050493578287556386
2985,0.5394690787093674,-0.03501791770049724
2986,0.6791991165499569,-0.0619526001771401
2987,0.6914425434771455,-0.06038245048900405
2988,0.6401956836809508,-0.0542591397505078
2989,0.5451160556160329,-0.008355121870902538
2990,0.6039565301682822,-0.10048010089917013
2991,0.67009565822283,-0.05571417490003651
2992,0.5908899275256787,-0.01020962750525039
2993,0.6027291282352225,-0.06994249708941924
2994,0.5265480471123293,-0.0607527592395437
2995,0.5599401507764833,-0.061014471781125186
2996,0.5454506749842154,-0.07396216792641518
2997,0.5416119212255943,-0.033221792718041925
2998,0.6082128891812775,-0.09101827619590097
2999,0.6517456409172284,-0.07146834909581327
3000,0.6097107487389963,-0.027674027283378397
3001,0.5870555342497437,-0.03492032188009997
3002,0.6167894285177804,-0.0832738858812958
3003,0.4452124007221654,-0.06114074448682944
3004,0.6487496938671372,-0.04552398027645257
3005,0.5906720578140532,-0.050925681430127594
3006,0.5462388737592586,-0.07902196137090171
3007,0.5354249409465879,-0.05746484863161867
3008,0.5515707083412877,-0.025124763374441136
3009,0.5977040825790517,-0.14398433510870615
3010,0.6033262355572108,-0.026883262018321436
3011,0.655085661874551,-0.1147331965147271
3012,0.607476601744048,-0.04626442602378311
3013,0.484870585614725,-0.007568187311251049
3014,0.5728472117216175,-0.015680523589088044
3015,0.5790159232348182,-0.050468626729858
3016,0.5418615648253493,0.01038402586021253
3017,0.5106879519690654,0.026639267032922034
3018,0.5516887152863694,-0.01598467293854725
3019,0.6068729034896204,-0.11435510817014327
3020,0.54238229932714,0.01858906106353045
3021,0.6398670303235072,-0.10795162388763191
3022,0.5777092932258291,-0.04087290036786161
3023,0.6471148685541127,-0.08202618428666016
3024,0.5693337242378279,-0.07928760618236196
3025,0.49364610778208357,-0.029756861268557682
3026,0.5457491947421086,-0.011109522405075385
3027,0.5886161731405276,-0.10032448816752537
3028,0.5545936985941816,-0.02696857141728063
3029,0.5011080001729992,-0.016517511304702966
3030,-0.5022324114550589,0.0231418836267935
3031,0.6145859294902226,-0.06513410976933262
3032,0.5484565111271851,-0.050592067913082656
3033,0.6013141644547126,-0.08547891960606527
3034,0.5721722189349334,-0.08977000642903163
3035,-0.5897642964264164,0.06254410056891077
3036,0.6026497256980148,-0.12055586589515037
3037,0.4763935170047494,0.021927302106680157
3038,0.4441160772354139,-0.012305704242460896
3039,0.6202880096907489,-0.0801505387283432
3040,0.6212232569560464,-0.06402658675897979
3041,0.5827615930068002,-0.06779305967505747
3042,0.5221900739670342,-0.025979471341930863
3043,0.6090690941659277,-0.0718670387679693
3044,0.5360644252375611,-0.025250902841827693
3045,0.5910627773032398,-0.0538139302293916
3046,0.49731273603565096,-0.022038028792504587
3047,0.5364850062898039,-0.0201706631957124
3048,0.5163560896860148,-0.07126209806030918
3049,-0.6050279452387385,0.07432782232396785
3050,0.4565658857804667,-0.10938248826779058
3051,0.4765600053257735,-0.047386320306678185
3052,0.573422738674293,-0.03970550661919282
3053,0.5104553322466276,-0.02725967031800428
3054,0.5545771938684266,-0.05827957412871552
3055,0.43869182972603776,-0.027132574888320583
3056,0.5456662410377916,-0.09081153736006425
3057,0.569848931913247,-0.07993437897311649
3058,0.5358176842162776,-0.05176714402247335
3059,0.5385438542092875,-0.0860400704832344
3060,0.49850387725197287,0.05581289109831854
3061,0.5947098412579299,-0.11480052378093591
3062,0.5365307513820201,-0.03882855015484922
3063,0.41150516445554297,0.03536260772336808
3064,0.5620521599801829,-0.05042429343850982
3065,0.420501074732441,0.04123248595203018
3066,0.5160604542347998,-0.005722360596017342
3067,0.5492211058407087,-0.07750438188867222
3068,0.6077014648732636,-0.07924553133723139
3069,0.5447945976012997,-0.0669487365902435
3070,0.47289146183758063,-0.043509601606040886
3071,0.6701332221993286,-0.18522406462528285
3072,0.5525030361189933,-0.009884338054608689
3073,0.5779096095967449,-0.09038069083953866
3074,0.4312769535710031,-0.03065059693562372
3075,0.4076709086114146,-0.04615031458526612
3076,0.5216797289074867,-0.07302743859880674
3077,0.5537042979974807,-0.05262058642414154
3078,0.6379089128913251,-0.0874007237696701
3079,0.5366973763071066,-0.08364732377535247
3080,0.5432481426226702,-0.0210020134265941
3081,0.4338825250454459,-0.04112453160000032
3082,0.6222377425757544,-0.14911273613592504
3083,0.4748444278852359,-0.0022684073331181156
3084,-0.42403986864803767,-0.005247118600868423
3085,0.5017278728379028,-0.0878212825302814
3086,0.4001931263697285,-0.047836831372838624
3087,0.49146619327936275,-0.03331317518812265
3088,0.5175791271977803,-0.020407160384239134
3089,0.5086651234641377,-0.029899734850976686
3090,0.4572190089648856,-0.06772793472457528
3091,0.5885176677649403,-0.06607093928793775
3092,0.49198176641604524,0.01927133493598644
3093,0.37677911691152494,-0.030971160566565837
3094,0.4754121272786759,-0.03649770782776718
3095,0.4665515826739698,-0.09325848581166508
3096,0.42913758602977614,0.045539710821100386
3097,0.6258646910767215,-0.07921147251420334
3098,0.5293295652891602,-0.074906268801239
3099,0.5000389200699797,-0.04634114019999503
3100,0.5347141544721837,-0.0935297609195238
3101,0.5859513709957658,-0.08161211233111723
3102,0.6704868085311517,-0.07952835922594104
3103,0.6463474288629187,-0.1409806303148672
3104,0.41413102363437965,0.09159840323421753
3105,0.5071423446156069,-0.04057672388761264
3106,0.5660391754592506,-0.06068747021281428
3107,0.3336398455672472,-0.05083811185137408
3108,0.5692038242938667,-0.049034853501990404
3109,0.3931182778334068,-0.08193967902678223
3110,0.5939156001346034,-0.08630301288195122
3111,0.49400909489161376,-0.018663963600587224
3112,0.5331517324565428,-0.089459754738029
3113,0.49877130763725136,-0.07738749784690042
3114,-0.4018711430412608,-0.029491467216181576
3115,0.44895150967863684,-0.03186678253917347
3116,0.535260505033855,-0.05156441670083894
3117,0.46750065646030575,-0.04807403350486974
3118,0.46627093434179523,-0.08616580516690607
3119,0.5097470140056511,-0.10372939886264822
3120,0.4453791191760931,0.0036752334946169737
3121,0.4856959927359693,-0.08735664591825539
3122,0.47913850307284883,-0.009562855242266974
3123,0.28268014879844316,-0.007964766550137064
3124,0.4775008415209975,-0.06654083865207215
3125,0.49565640369230746,-0.08932834769801995
3126,0.4974822163355679,-0.11980133492108219
3127,0.47908346972204885,-0.0373178213838666
3128,0.47112571890591404,-0.14814801186392876
3129,0.4847718438866074,-0.0018169343768105488
3130,0.419280041586164,-0.10404204620304125
3131,0.3951544177715783,-0.03211929460642537
3132,-0.4095242697604298,0.020460127456968163
3133,0.4903737139033198,-0.04708576898310263
3134,0.5462210497582488,-0.09688596469929972
3135,0.5131408045137513,-0.10710219656307327
3136,0.537794805201459,-0.07709392287549037
3137,0.2906415944503831,0.02175003904018523
3138,-0.5443667806597053,0.08782172739015352
3139,0.4633322065347903,-0.09954280948703827
3140,0.5220314317082534,-0.03893644871370482
3141,0.4621506818696371,-0.1245525370200465
3142,0.4189587269565632,0.046046383991880394
3143,0.48557776473962627,-0.04260651134369605
3144,0.5094672243823241,-0.017756596061826595
3145,0.41378319541261643,-0.007001481749992361
3146,0.42956957717835215,-0.0058676505154395785
3147,0.40544596269019556,0.044700534129113366
3148,0.5051406679273066,-0.04870695245364152
3149,0.3369206868284173,0.0337432427577761
3150,0.4183075194349024,-0.0718418539339357
3151,0.5001481904221895,-0.026578011251625667
3152,0.5364128384803094,-0.10511680093788967
3153,0.5299844722164414,-0.03549197671438838
3154,0.432433817294056,0.023361455436734263
3155,0.4464425774959739,-0.003647799765014972
3156,0.3714707520453189,-0.04010117690251155
3157,0.48752037352759353,-0.07451451907516253
3158,0.4543348294931305,-0.05774348116452165
3159,0.38101102779918744,-0.024529734174428434
3160,0.5523693430475624,-0.027446980873404025
3161,0.48557579998739764,-0.07286298232192001
3162,0.305849928954169,-0.04180764682115457
3163,0.4114542822303117,0.04068057934478
3164,0.3848735244238703,0.06446077498899237
3165,0.30123839970408356,0.06719694027603525
3166,0.4585844235740131,-0.08231901542749366
3167,0.3175890029414099,-0.08656382463805279
3168,0.408490674530815,0.010504667286568159
3169,0.3093192469336803,-0.07896457432607448
3170,0.29092496671108936,-0.035288958673600615
3171,0.4396291715463306,-0.06418422555725815
3172,0.5205500019208855,-0.0825428586334113
3173,0.560562486557517,-0.06991496715110768
3174,0.4141421052658422,-0.03491820178103842
3175,0.42071040000161625,-0.08361167217512408
3176,0.252790447072236,0.05970372895001649
3177,0.29000226849745786,0.038824856974349085
3178,0.24182371467134184,-0.0020038053892522515
3179,0.37996775930112203,-0.024312288246750073
3180,0.3013971889248953,-0.02579724637405746
3181,0.4471600654930181,-0.021668950947577197
3182,-0.4820234596257621,-0.04211409316465264
3183,0.28028661772227104,-0.00699537917103542
3184,0.3638983483971074,-0.08091852654342835
3185,0.25546352356667734,-4.339197583474498e-05
3186,0.35916799008044525,0.0506812229496885
3187,0.5428010317828236,-0.08377831321951629
3188,0.3763911355503457,-0.10705114380702373
3189,0.5381644448272105,-0.07693866440881797
3190,0.42529346110044997,-0.1174927837716601
3191,0.25574534640394214,0.006483312463127301
3192,-0.26461855901624154,-0.008934052038455816
3193,-0.4379384642579227,-0.004718102117204563
3194,-0.06357859230775174,0.07290765915357533
3195,0.136321429485395,0.053839944855042676
3196,0.17264340205446357,0.03045450848024062
3197,-0.09248529267336268,0.17169546585444553
3198,-0.2987780869725072,0.030115701657173553
3199,-0.18198410789955105,0.03191971465520876
3200,-0.42593941175444866,0.02240008270758888
3201,-0.18418959818265224,0.0535444746209739
3202,-0.19474541071466714,0.03192283093479245
3203,-0.11566856169434027,0.08181532328247307
3204,0.02493299832852439,-0.026119767147680915
3205,-0.002167876124293025,0.05287099271005021
3206,0.40119925924675515,0.054930910352819655
3207,0.2441422905846827,-0.008829519586291764
3208,0.27828764924397514,-0.013156562786250173
3209,0.4468701592201668,0.029749141384361875
3210,0.4067682877174979,-0.005503221480413502
3211,0.5014185465178645,-0.03704149376588935
3212,0.13676676996512951,0.04857769722900695
3213,0.10325646758926876,0.021578879285134793
3214,0.21971301941616844,0.05946729340520468
3215,0.2078088735431997,0.04946226460159535
3216,0.3194083855858334,-0.004475376194272717
3217,0.22718544954024397,0.0035849534527535405
3218,0.19218824627290465,0.019552876651633005
3219,0.10648187132077316,0.03475068634281305
3220,0.271251029091711,-0.017759801371887294
3221,0.2168543392569067,0.06625436948929785
3222,0.2636410692964649,0.02695996036593817
3223,0.19611478919632386,0.026750879086928216
3224,0.22836370499966105,-0.016451077904423177
3225,0.2670365159295665,0.01593513962391351
3226,0.22555558304133103,-0.056254193857810074
3227,0.2345171056900865,0.09023356641526169
3228,0.22707384778316736,-0.0016625532842347599
3229,0.23999784970512322,0.011595957320030999
3230,0.14033999996018082,-0.01940173543727247
3231,0.33921638684106187,-0.03627068340753795
3232,-0.3089418889674243,0.08855030999918735
3233,-0.23242513228217668,0.057927104434269426
3234,-0.2893811812075633,0.026043307068383745
3235,-0.3728721070592075,0.07250750658410181
3236,-0.29964474061331076,0.034749632512128245
3237,-0.4162997607858746,0.07033441055240604
3238,-0.21447211089339244,0.04377507612520487
3239,-0.11384749472542549,0.029190233693087753
3240,-0.012513005111026383,-0.014311281704119291
3241,-0.10242103362495546,0.007805138759787387
3242,-0.0516858060297556,0.021009115527719908
3243,-0.15306935612645167,-0.00019301220960850273
3244,-0.21553084414999388,0.020048547013722145
3245,-0.09298358621309304,0.028195368813877845
3246,-0.27431362319071284,-0.008715898246985014
3247,-0.18063068409538477,0.02099633081388707
3248,-0.31998443669376925,0.02252404236737887
3249,-0.2017465767792619,0.007665818656205022
3250,-0.3345262400875475,0.017946055260154067
3251,-0.3852033565022061,-0.014982427207644335
3252,-0.34936967364458366,-0.0010751269828439762
3253,0.009206250552625344,0.005163879342946974
3254,-0.4375904055192472,-0.011892893584001226
3255,-0.3182029713674827,0.010266373710594126
3256,-0.3224779200196885,0.09930778279544472
3257,-0.2768321059260709,-0.0005011449351588481
3258,-0.15741500471319586,0.07337995477809849
3259,-0.20682612730147618,0.08522912221947312
3260,0.16352130272927187,-0.07444188219936697
3261,0.07226360674445781,-0.05210975408503367
3262,-0.08337438801300387,0.06355543250967226
3263,-0.01986756716812243,0.042438870987863274
3264,0.15696102544746643,0.07753069045722466
3265,0.22447562096085388,0.048220119807302106
3266,-0.018210218608787476,0.12548149739655484
3267,-0.12188396896504639,0.08500710311455008
3268,-0.041359693530499994,0.08709296953521012
3269,-0.10111754312851137,0.05733999630850655
3270,0.05432945885896874,0.01012718041869037
3271,-0.035826566747322056,0.026049589873321396
3272,0.0593289660061523,-0.018953430452580196
3273,-0.13330190450762064,0.02095016290245734
3274,0.0949018303881582,0.013012155125121333
3275,-0.2204912865487995,0.07272514421396323
3276,-0.01765213500305777,-0.0051911178954047385
3277,-0.284240545706034,0.04915290019949479
3278,-0.07389401020852315,-0.0074808367231543795
3279,0.2221516171861077,0.011587029043921001
3280,0.04686156958239945,0.08484860848530125
3281,0.2110438841945691,0.016747702358135236
3282,0.23098561431937542,0.03267738414645577
3283,0.0929330809514624,0.03710764618550605
3284,0.14154374815901655,0.008697326051142179
3285,0.45344165222728217,-0.07120351012588648
3286,0.2890839887981837,-0.03966660396795496
3287,0.3589841977765529,-0.031944157290058
3288,0.16196236159395272,-0.03332692170711876
3289,0.3645865739657964,-0.07364213771412126
3290,0.31985313581374986,0.04316953879185072
3291,0.2014004362235098,-0.07052957554605352
3292,0.14571135246037648,0.03181851022373978
3293,0.039501970530846656,-0.0036259841198935877
3294,-0.15585342104157976,-0.005092811294949565
3295,0.12028829218445601,0.013335419168180925
3296,0.19127187683438,-0.01158813649729795
3297,0.02641859404083736,0.016440199888990207
3298,0.06521160829650238,-0.02195098189828377
3299,0.1054432169550493,-0.044782353257629144
3300,0.008399194070189915,-0.018352119483697193
3301,-0.011325451165607098,0.018322179298945702
3302,0.4776531770549135,-0.02446070550093227
3303,0.4287379159200054,-0.019544016079494127
3304,0.32925595541248986,-0.0016843272058584934
3305,0.24240557551878952,0.06774240313952246
3306,0.29087255574461157,-0.05615740649496132
3307,0.23314429780697843,-0.03961376094819359
3308,0.3318209938587493,-0.05889760785520841
3309,0.2895813247062132,-0.03666394333322615
3310,0.4221097569149517,-0.05622615387268048
3311,0.3653619342544604,-0.06907703788428812
3312,0.3647763517300681,-0.026402498200836153
3313,0.3097160976245677,-0.0010479337889678741
3314,0.23874555764652103,-0.03408479372115395
3315,0.18083374987869386,0.03281532327571412
3316,0.4173203310060539,-0.036485095376095504
3317,0.3348022597070735,-0.04911550364020681
3318,0.36644822661089327,0.0012129459803402168
3319,0.3434659193488375,-0.040731097462750276
3320,0.2770368574144487,0.0017638978725195659
3321,0.13222078105264934,-0.03685276905862483
3322,0.12015760841218863,0.024860079810393464
3323,0.176840517729978,-0.024507726380488343
3324,0.18971126388372422,-0.09110259460045063
3325,0.1844338455947483,-0.0737924057749641
3326,0.09972498724562236,-0.004036270554742091
3327,0.14147569774836716,-0.045186776521048334
3328,0.04958577406103343,-0.06613084858606134
3329,0.168732827032958,-0.07359762226553178
3330,0.22009063735933154,-0.01048213067965047
3331,0.16447663340975363,-0.0479028333700566
3332,0.17319842138963035,0.06328134965221034
3333,0.03360143022656713,-0.0021259148594018583
3334,0.0686761850395884,0.03859898672929076
3335,0.28077156038035794,0.010848947047569875
3336,0.18595125520108566,-0.03297748225735465
3337,0.030199406843932505,-0.03972498611556449
3338,-0.15579837365329183,0.0013164446000255435
3339,0.12467789534452606,-0.009573148917427558
3340,0.21945877756019286,-0.006302199417168766
3341,0.24247132335072147,-0.023765785115914168
3342,0.004870473565528396,0.12024153582800241
3343,-0.007362431148287382,-0.0601224534934462
3344,0.3358047889981573,-0.018585807735239154
3345,0.141614439979205,-0.06296064566996686
3346,0.2921302980122939,0.0007237164901463209
3347,0.3221447933525188,-0.04947105228781968
3348,-0.17546415858790992,-0.03906770014137547
3349,0.24768408275711795,0.03874479846316986
3350,-0.2307456342646128,0.04860726904361122
3351,-0.1443482539687202,0.05678289583489385
3352,-0.18497774350650148,-0.09474860120218177
3353,0.32775382978426426,-0.037368799690407975
3354,0.07147369020867272,0.03354153654728099
3355,-0.09683879061759129,-0.013348576202301501
3356,0.06227329412515183,-0.06620051591530822
3357,-0.02479647996947643,-0.079180939913908
3358,0.11496081585058529,0.01645441340793772
3359,0.3561235690152981,-0.031083515897328103
3360,0.2759826184922469,0.01087041220942388
3361,0.07345977983686826,-0.06602588333991526
3362,0.09917500922353395,-0.001646423206239541
3363,-0.03822983907421604,0.020890499024068834
3364,-0.343522209968789,-0.011317820290791612
3365,-0.040428047868945834,0.01960333596991027
3366,0.014348183992977846,0.05115701223094338
3367,-0.35985226055160524,-0.04206244866991033
3368,-0.0209063328354126,-0.06401462481920882
3369,-0.08108337541811618,0.08201923111881171
3370,0.028701437363934774,-0.04448485183632156
3371,0.27622853612682535,-0.015580514935953277
3372,0.010647297328887277,0.018136191426761962
3373,-0.2282428054080009,0.008496138069972311
3374,0.39324272943253064,-0.008713778619321367
3375,0.3316458775263712,-0.04152934824542009
3376,-0.3907520670620979,-0.028287985765399436
3377,0.3257960864476466,-0.05419320788660214
3378,0.0502985223029652,-0.05162929773272251
3379,0.09656938589059438,-0.07291354007235006
3380,0.13703325833306088,-0.007957736145665025
3381,-0.20391759818521807,0.06134343405059676
3382,0.2500987303195393,-0.04655179540940967
3383,-0.1682828098186634,-0.01194818900887205
3384,0.09124944807048797,-0.08068660555944987
3385,-0.10729412309707344,-0.03526654784166733
3386,0.13868892962721976,-0.11474923050863975
3387,0.21649426177635314,-0.014376321838791643
3388,-0.1904903187428954,0.05017562731334977
3389,-0.3339033624965957,0.03792367809829532
3390,0.3224187837014017,-0.08602380041688214
3391,0.07242814094960402,0.056068920217041844
3392,0.0703886346352309,0.009092942640718487
3393,0.4158891452258825,-0.03648015067226522
3394,-0.16529142881668907,0.07397466660897946
3395,0.10020668113700724,-0.0025345909086818726
3396,0.047117694742528825,-0.06662046760759147
3397,-0.10206359629029778,-0.04493740993357364
3398,0.24258889704702907,0.014711141556914525
3399,0.4242630619353864,-0.015626079000787555
3400,0.03993979774499507,-0.02988509071317391
3401,0.2569936057110454,-0.04500726858131666
3402,0.4482092235820832,-0.0558780701007552
3403,0.2581984239712757,-0.05011017586315267
3404,-0.08617776375414372,-0.03600494404255831
3405,0.05872466293919545,-0.1381369989978466
3406,-0.4070325046382849,0.0006657344317967316
3407,0.31076713632452574,0.07921393315473817
3408,-0.39921110658023923,0.09156280335679218
3409,0.42241956638744604,-0.0750219495007395
3410,0.24072165950673516,-0.033040331823651
3411,0.21010165119001925,-0.027549170110348513
3412,0.2548923490616061,-0.07485068858676876
3413,-0.47166387159597034,-0.0005131616125300667
3414,-0.29156633475820104,-0.03945054598186114
3415,-0.038399524700184914,0.004907486695314768
3416,-0.2695844636647293,-0.028587979448236787
3417,0.30312103213076913,-0.06362746676226282
3418,0.3989325734601252,-0.10170013359594966
3419,-0.3034372420142716,-0.0752351369830307
3420,0.004431497113393329,0.04322802863677938
3421,-0.2925639736553985,-0.06640309953460657
3422,0.38983294998526974,-0.08641640006884742
3423,-0.1433824448124068,-0.04001976905254934
3424,-0.35228118499579403,0.00821744835730185
3425,0.12922478559765754,0.04126545116506056
3426,-0.14739504487228344,-0.026064311928851887
3427,-0.046387863790924896,0.01370175589006614
3428,-0.0626943062924443,0.10680959694211954
3429,-0.20017474702303228,0.00582376445901516
3430,0.20224761604429412,0.004113851491939258
3431,0.28771734190195114,-0.020994945197801797
3432,0.2956337074733089,0.016942882944943137
3433,0.4552894368768096,-0.06884342223559654
3434,0.3763954976402415,-0.08626861650961824
3435,0.12766631899470224,0.04790681634510275
3436,-0.25504866017708133,0.020187216739657156
3437,0.4681481462380471,-0.06286141299932066
3438,0.07992170829692159,0.017074265950028124
3439,0.23051807344798028,0.08803563008682413
3440,-0.1293887084311845,0.03195443080215473
3441,0.18883694739659027,-0.1013976676711466
3442,0.11120600152205493,-0.022832557902854357
3443,-0.25466010232208014,0.1514132146868407
3444,0.18802650597717283,0.026781113341884804
3445,0.3808148840923831,-0.11026944219542158
3446,0.08682316418634044,-0.05656717834009938
3447,0.22233243498535346,-0.017360528179013318
3448,0.07037243304504247,0.0642401225249317
3449,0.14460378151890566,0.07482289960670443
3450,0.2716250470976318,-0.05731917275635339
3451,0.2984612234770563,-0.07395375217974205
3452,0.4964815419503853,-0.06356119304606843
3453,-0.3633980326180426,-0.07447372710875697
3454,0.2947686892451208,-0.09332094080813579
3455,-0.18500329037944546,-0.07949261534310043
3456,0.19434057267671329,-0.0684626479179002
3457,-0.4405044239255686,0.06902670095497074
3458,0.05103190299242255,-0.03376516413856015
3459,-0.3572719219354954,0.16673325961188404
3460,0.2520415750875467,-0.005475228970503938
3461,0.18204237809515367,-0.03523249769633786
3462,-0.22006487877598765,-0.013802756586024166
3463,-0.1619586217569913,0.03327823697663508
3464,0.2200771046192653,-0.055374668296083875
3465,-0.07765067699987228,-0.00423665852576143
3466,-0.059258635204658704,-0.06594500455779419
3467,-0.4632627325939767,0.020084625387121018
3468,0.273508419062808,-0.01207759330053622
3469,-0.2619470366314549,0.03459498196859531
3470,0.248910743500145,-0.052171199516878396
3471,-0.11502822360510413,-0.045583588817596964
3472,-0.13576345387330954,0.04239120717425821
3473,0.37055920784106267,-0.058170745181725124
3474,0.32620777049076943,-0.05674040695548664
3475,0.06165502107004787,0.0001588682098575529
3476,-0.07935080971488821,-0.068423125146748
3477,-0.3374227436789518,0.08660876275980288
3478,0.0029541400879455892,-0.018805611389976738
3479,0.2432107356433787,0.006367975001614263
3480,0.3481406021071898,-0.04049260936288726
3481,0.2799702706842662,-0.03353271473841013
3482,-0.1092102298445188,-0.1060601379158268
3483,-0.034243338745520074,0.04127405382708726
3484,-0.19919304900873314,0.011878054659641823
3485,0.19279083964741103,-0.08123193407069305
3486,-0.42059633592473494,0.09246210073823581
3487,0.3751794877697928,-0.08324246760338937
3488,-0.19726255825491779,0.03184961044652887
3489,-0.2125862398975619,-0.048914769189869235
3490,0.18748995182848277,-0.05591519275615786
3491,0.3986337923797887,-0.037618696015015544
3492,0.08852319554144468,0.05582177116529689
3493,0.218159939093087,-0.047015877391401326
3494,0.35964826239301,-0.04399608521181891
3495,0.4422417343046488,-0.07458424624896935
3496,0.26632540901765944,-0.07288734922392559
3497,0.09416365705776181,-0.17330201960054906
3498,0.1692500324764747,-0.10571061228111404
3499,0.18201312418863475,-0.00021314557172088814
3500,-0.24516159210883734,-0.002294807366666899
3501,-0.33278319750735885,-0.0233867170726004
3502,-0.12267116068415287,-0.009968384058222386
3503,0.3731266927447125,-0.07380370365977694
3504,-0.15737971203800294,0.10668865859775244
3505,-0.33051189019457666,0.023854700043270033
3506,0.22755296786550955,0.043421177949438804
3507,0.179532191201513,-0.0028308744929435754
3508,-0.23838498779166123,-0.02267808704400334
3509,-0.32280981575997997,-0.015964509121934325
3510,0.15124701698717002,0.010790880885244075
3511,0.3714669752975352,-0.048674493135190455
3512,-0.3527209623143926,0.0669873753388469
3513,0.39956151137271606,-0.025843034819076398
3514,0.19065444995766362,0.06705933917637935
3515,-0.3508656494227639,0.03772645285291723
3516,-0.10441463412920471,0.07982380361777015
3517,-0.23576576978210023,-0.04573113479342077
3518,-0.0763197020593015,0.015727573315991047
3519,0.20090522057843443,-0.03639074062489996
3520,0.39189560219556097,-0.0603963751301832
3521,-0.10513677562636982,-0.041447903229479714
3522,-0.06243204577626821,-0.01831687888990048
3523,-0.28378468943357144,0.047336029022317525
3524,-0.0777785053967349,-0.017185750869744467
3525,-0.3383768167515279,0.02726236279268225
3526,0.271761421992373,-0.11174902863915191
3527,-0.3272356439022773,0.07346437186338929
3528,-0.16392156759947263,0.06969044715073826
3529,0.28159382680059963,-0.024195279139593774
3530,0.19997867773440514,0.053368973203809844
3531,-0.18342762619469166,-0.04602303654324986
3532,-0.2583378948736903,0.05683775068103343
3533,-0.04337069123736935,-0.017167236672190996
3534,-0.17080080521191907,0.009567887522940317
3535,-0.20109871829736878,0.02441372821492597
3536,-0.312092956862449,0.14039017217425512
3537,-0.1323017207736176,-0.0898850815868409
3538,-0.26289596746350563,-0.06267543747203908
3539,-0.24366173965639037,0.09364549964142485
3540,-0.3211378437881803,0.0467491615729166
3541,-0.12690218476701223,0.028876608808727357
3542,-0.35842774814234984,0.0011228639977162026
3543,0.3839656979909059,-0.06684425463912501
3544,0.007525303381694529,-0.01951506476833972
3545,0.10400533541457291,0.044351024445195196
3546,-0.09120932191769218,-0.05712062975457744
3547,-0.29950075058309567,0.01149584344848116
3548,0.02301762224130323,-0.04391136309306918
3549,-0.3637755081003631,0.08151914052574966
3550,0.1929026969654916,-0.061402000475171296
3551,0.2240816228827376,-0.06050987287529218
3552,0.036080430541222924,-0.03208872336644694
3553,0.09900865303368699,0.035079947934143964
3554,0.3056540512734048,-0.04620232288818043
3555,0.27600600377228796,-0.09058298350555291
3556,-0.08136191285707883,0.007083876174104436
3557,-0.3781044630415968,0.04951740795456275
3558,0.14639510287070917,-0.016693567611898236
3559,0.10467771210135043,-0.030672021479933146
3560,0.030246404669229326,-0.04273592623794518
3561,0.2430670348951763,-0.10037749175458033
3562,0.10716374244068683,0.026405075896218978
3563,-0.23571074320577826,-0.010561279024350011
3564,-0.1439217385714581,-0.013854677804851815
3565,-0.010404370388905175,-0.09274140770335941
3566,-0.3877996247583695,0.04463577458901949
3567,0.2996029678582093,-0.05181600426248467
3568,-0.0008427743358607432,-0.024511072007354005
3569,-0.24993044852650198,-0.0015456453350465894
3570,0.06968450019099802,-0.06335619338142066
3571,0.00823259945576191,0.06174439519356637
3572,0.22387792980744944,-0.15977381123972356
3573,-0.3045141246138599,0.0626226158416208
3574,0.2265007087156013,0.01276147518152485
3575,0.029583634129703128,-0.09956387825493712
3576,0.18535946218340763,0.0019169995552490292
3577,-0.0485641703159039,0.07994750914202321
3578,0.17491430598797744,0.020130734921006595
3579,0.06254073268724519,-0.05257056645530741
3580,-0.12797686251184034,-0.0685338863635998
3581,0.22632667292832942,-0.04560377675700988
3582,0.15078247754379398,0.006118319995086777
3583,0.2698237530135095,0.008094277973242853
3584,-0.20752316845580304,0.1276389532553392
3585,-0.12213553191594685,-0.030654682596237864
3586,-0.07558115670443188,-0.042442002824175505
3587,0.229838265093344,-0.012253003049214058
3588,-0.3266736095699407,0.05126005973674047
3589,0.2790690050343577,-0.04780141172632699
3590,0.09349602705916522,-0.09495322107646718
3591,-0.3348198152181241,0.013474980094679114
3592,-0.0019334172417323702,0.07273840665031349
3593,-0.06655328004086139,0.01810697499565141
3594,-0.38419156253882203,0.05706959276268784
3595,-0.23907199823632594,-0.021066283535647604
3596,0.19494987519761797,0.007242667576310274
3597,-0.18382884414342,0.08052571468420075
3598,-0.06784940424348618,-0.002330394777709218
3599,0.04173705000303378,-0.006323382272043701
3600,-0.034073722438266195,-0.04419984320399266
3601,-0.2096579635696016,-0.016246534352518858
3602,-0.23397798509267614,-0.0680911947311673
3603,0.09493534271225863,-0.06442444861371759
3604,0.07166013976248387,-0.0472241053338744
3605,0.18844778691443043,-0.06059414407107332
3606,0.01195176869597828,0.07450651155481047
3607,0.01652381639508281,0.00228452017554817
3608,-0.09432652086868382,0.03376116240354193
3609,-0.039008244806723415,-0.0236430397557832
3610,-0.19118529247391278,0.03503826681920105
3611,-0.16426365413990593,-0.06972683356849038
3612,-0.027822558972244178,0.005332353976668605
3613,-0.002443553122176479,-0.010035091632081501
3614,-0.13882603517580538,0.026023477834819647
3615,0.061607072343020104,-0.07710481824403173
3616,0.12986009988935024,-0.010167030917227355
3617,0.09621846693103714,-0.020580518176261216
3618,0.18116405912907985,0.017957384898966602
3619,0.09147165139879715,0.009808577276265624
3620,-0.059623428033662274,0.0354999634689107
3621,0.024846096595004724,0.062024974118818306
3622,0.1406959729971042,-0.006215125442501376
3623,0.11237009102396446,0.0019243691761079418
3624,0.05572536801714758,-0.01054522118379282
3625,0.08262056798791292,-0.08679500668248748
3626,-0.23114831105238032,2.9108012759424813e-05
3627,-0.1817483745052787,-0.029308583987912324
3628,-0.15226213684154521,0.0019667895713212213
3629,-0.20926016908862596,0.022316228700164215
3630,-0.22049354059987583,0.040785568802947786
3631,-0.10257660592856134,-0.06799936158015547
3632,0.1474361551879842,-0.0868447840239923
3633,-0.029655384157442354,-0.026167130646982773
3634,-0.26435076829123644,0.02180425874660949
3635,0.10237894157505806,-0.0161477993102756
3636,-0.013504702187513417,0.036550053274051135
3637,-0.0044187402966420625,0.03625382368253578
3638,-0.05255755227888944,-0.036753374636692725
3639,0.1024713342551786,-0.030287621662245513
3640,0.1732895220491528,-0.03320674005786169
3641,0.14052353789438432,0.04536674731239485
3642,0.09319610677423491,-0.13328283945711045
3643,-0.08083434771353465,-0.004830619335800206
3644,-0.16354000356831394,0.03007172167143464
3645,-0.1766597709988962,0.05112776919046888
3646,0.06271137091538674,-0.011731364828140805
3647,0.11096971889006814,0.025731503702017114
3648,-0.04030318228438698,0.14066043649050128
3649,-0.10917053059346928,-0.0872662570976922
3650,0.06642986818913818,-0.011179707796872924
3651,0.09760415253374598,0.07383529967522001
3652,0.04955334645300927,0.02680690210681658
3653,-0.03931248998591482,-0.05160621649227679
3654,-0.04628277660192292,-0.018386783221248804
3655,-0.05985042667510102,-0.013406132155482375
